text,label
Kampus ini sangat bagus dengan fasilitas lengkap,positif
Dosen-dosen sangat berpengalaman dan membantu,positif
Perpustakaan mempunyai koleksi buku yang luar biasa,positif
Program beasiswa sangat membantu mahasiswa berprestasi,positif
Lingkungan kampus nyaman dan asri,positif
Sistem pembelajaran online sangat efektif,positif
Mahasiswa mendapat banyak kesempatan berorganisasi,positif
Fasilitas lab sangat modern dan lengkap,positif
Layanan akademik sangat responsif dan membantu,positif
Kualitas pendidikan di sini sangat excellent,positif
Pengalaman belajar di kampus ini sangat memuaskan,positif
Staf administrasi sangat ramah dan profesional,positif
Prestasi mahasiswa di kompetisi nasional sangat membanggakan,positif
Karir alumni sangat sukses dan cemerlang,positif
Kampus memiliki green space yang sangat indah,positif
Program mentoring sangat membantu dalam akademik,positif
Fasilitas wifi sangat cepat dan stabil,positif
Keamanan kampus sangat terjamin dengan baik,positif
Makanan di kantin kampus enak dan bergizi,positif
Dosen-dosen mudah dihubungi dan siap membantu,positif
Jadwal kuliah sangat teratur dan fleksibel,positif
Program magang sangat membantu karir mahasiswa,positif
Infrastruktur kampus terus ditingkatkan,positif
Perpustakaan buka hingga malam sangat membantu,positif
Banyak beasiswa internasional tersedia,positif
Laboratorium dengan peralatan terbaru dan canggih,positif
Suasana kampus sangat mendukung pembelajaran,positif
Akreditasi kampus sangat baik,positif
Program kesehatan mahasiswa sangat lengkap,positif
Seni dan budaya sangat berkembang di kampus,positif
Fasilitas olahraga sangat lengkap dan terawat,positif
Pembelajaran praktik sangat aplikatif dan real-world,positif
Hubungan antar mahasiswa sangat solid,positif
Toilet dan mushola sangat bersih,positif
Event-event kampus selalu meriah dan berkesan,positif
Perpustakaan dilengkapi dengan digital resources,positif
Sistem registrasi online sangat mudah,positif
Beasiswa penuh tersedia untuk mahasiswa berprestasi,positif
Ruang kelas nyaman dengan AC dan proyektor,positif
Jaringan alumni yang kuat sangat menguntungkan,positif
Lokasi kampus strategis dekat dengan transportasi,positif
Panduan akademik sangat jelas dan detail,positif
Sistem penilaian transparan dan adil,positif
Koneksi industri kampus sangat kuat,positif
Inovasi dalam kurikulum selalu update,positif
Program pertukaran pelajar sangat bagus,positif
Fasilitas katering sangat terjangkau dan lezat,positif
Bimbingan karir sangat membantu menemukan pekerjaan,positif
Kampus ramah lingkungan dan berkelanjutan,positif
Mahasiswa mendapat kesempatan publikasi ilmiah,positif
Infrastruktur digital sangat canggih dan modern,positif
Kemitraan dengan universitas luar negeri sangat baik,positif
Kampus ini luar biasa dengan kualitas terbaik,positif
Suasana belajar yang positif membuat semangat tinggi,positif
Profesor mengajar dengan sangat passionate dan inspiratif,positif
Saya sangat puas dengan pendidikan di sini,positif
Fasilitas ini membantu kami berkembang lebih baik,positif
Komunitas kampus sangat supportif dan welcoming,positif
Pembelajaran collaborative sangat efektif sekali,positif
Saya sangat merekomendasikan kampus ini,positif
Prestasi akademik saya meningkat signifikan,positif
Dosen-dosen sangat inspiratif dan memberikan motivasi,positif
Program alumni networking sangat bermanfaat,positif
Kampus memberikan pengalaman belajar terbaik,positif
Fasilitas kesehatan kampus sangat lengkap,positif
Beasiswa yang diberikan sangat membantu finansial,positif
Pembelajaran fleksibel sangat sesuai dengan kebutuhan,positif
Kualitas instruktur sangat excellent dan qualified,positif
Kesempatan untuk berkembang sangat besar di sini,positif
Mentoring program sangat membantu perjalanan akademik,positif
Kehidupan kampus sangat dinamis dan fun,positif
Fasilitas penginapan mahasiswa sangat nyaman,positif
Program pengembangan diri sangat tersedia lengkap,positif
Kampus sangat mendukung inovasi dan kreativitas,positif
Sistem pembelajaran berbasis proyek sangat efektif,positif
Pengalaman di kampus mengubah hidup saya menjadi lebih baik,positif
Fasilitas transportation sangat memudahkan mobilitas,positif
Kemitraan dengan industri memberikan peluang karir,positif
Dosen sangat accessible dan supportive untuk konsultasi,positif
Penelitian di kampus berkontribusi pada komunitas,positif
Sistem administrasi sangat efisien dan transparan,positif
Kehidupan mahasiswa sangat beragam dan inclusive,positif
Program volunteer sangat bermakna dan berdampak,positif
Perpustakaan menyediakan akses ke journal internasional,positif
Kampus memberikan value yang luar biasa untuk investasi,positif
Fasilitas untuk disabilitas sangat accessible,positif
Program kesehatan mental sangat support dan non-judgmental,positif
Pembelajaran interdisiplin sangat memperkaya wawasan,positif
Kampus ini menghasilkan lulusan yang sangat kompeten,positif
Suasana akademis sangat competitive namun healthy,positif
Pelatihan soft skills sangat comprehensive dan useful,positif
Akomodasi untuk mahasiswa commuter sangat baik,positif
Kesempatan leadership sangat terbuka untuk semua,positif
Fasilitas gym dan olahraga sangat modern sekali,positif
Program CSR kampus sangat memberikan manfaat sosial,positif
Saya sangat bangga menjadi bagian dari kampus ini,positif
Kampus buruk dengan fasilitas yang sangat minimalis,negatif
Dosen kurang berpengalaman dan tidak membantu,negatif
Perpustakaan sangat sepi dengan koleksi terbatas,negatif
Program beasiswa jarang diberikan kepada mahasiswa,negatif
Lingkungan kampus sangat kotor dan tidak terawat,negatif
Sistem pembelajaran online sangat kacau,negatif
Mahasiswa jarang dapat kesempatan berorganisasi,negatif
Fasilitas lab sudah usang dan tidak layak,negatif
Layanan akademik sangat lambat dan tidak responsif,negatif
Kualitas pendidikan di sini sangat rendah,negatif
Pengalaman belajar di kampus ini sangat mengecewakan,negatif
Staf administrasi sangat tidak ramah,negatif
Prestasi mahasiswa di kompetisi sangat kecil sekali,negatif
Karir alumni tidak menjanjikan sama sekali,negatif
Kampus sangat gersang tanpa area hijau,negatif
Program mentoring sangat tidak efektif,negatif
Fasilitas wifi sangat lambat dan sering putus,negatif
Keamanan kampus sangat buruk dan rawan kriminal,negatif
Makanan di kantin sangat tidak lezat dan murahan,negatif
Dosen susah dihubungi dan tidak peduli dengan mahasiswa,negatif
Jadwal kuliah sangat kacau dan tidak konsisten,negatif
Program magang tidak membantu pengembangan karir,negatif
Infrastruktur kampus sangat tertinggal,negatif
Perpustakaan tutup terlalu cepat,negatif
Beasiswa internasional sangat langka,negatif
Laboratorium dengan peralatan ketinggalan zaman,negatif
Suasana kampus tidak mendukung pembelajaran,negatif
Akreditasi kampus sangat kurang bagus,negatif
Program kesehatan mahasiswa tidak ada,negatif
Seni dan budaya tidak berkembang di kampus,negatif
Fasilitas olahraga sangat terbatas dan rusak,negatif
Pembelajaran sangat teoritis tidak ada praktik,negatif
Hubungan antar mahasiswa sangat buruk,negatif
Toilet dan mushola sangat kotor dan bau,negatif
Event-event kampus sangat membosankan,negatif
Perpustakaan tidak memiliki digital resources,negatif
Sistem registrasi online sangat rumit dan error,negatif
Beasiswa tidak tersedia untuk mahasiswa berprestasi,negatif
Ruang kelas sangat panas tanpa AC,negatif
Jaringan alumni sangat lemah,negatif
Lokasi kampus jauh dari transportasi umum,negatif
Panduan akademik sangat membingungkan,negatif
Sistem penilaian tidak transparan dan tidak adil,negatif
Koneksi industri kampus sangat minim,negatif
Kurikulum tidak pernah di-update,negatif
Program pertukaran pelajar tidak ada,negatif
Fasilitas katering sangat mahal dan tidak lezat,negatif
Bimbingan karir sangat tidak membantu,negatif
Kampus tidak peduli lingkungan,negatif
Mahasiswa tidak dapat kesempatan publikasi,negatif
Infrastruktur digital sangat ketinggalan,negatif
Kemitraan dengan universitas luar negeri sangat kurang,negatif
Kampus ini sangat mengecewakan sekali,negatif
Suasana belajar yang buruk membuat semangat turun,negatif
Profesor mengajar dengan asal-asalan,negatif
Saya sangat tidak puas dengan pendidikan di sini,negatif
Fasilitas ini tidak membantu kami berkembang,negatif
Komunitas kampus sangat klik dan tidak welcoming,negatif
Pembelajaran collaborative sangat tidak efektif,negatif
Saya tidak merekomendasikan kampus ini,negatif
Prestasi akademik saya turun drastis,negatif
Dosen-dosen sangat demotivasi dan pesimis,negatif
Program alumni networking tidak ada,negatif
Kampus memberikan pengalaman belajar terburuk,negatif
Fasilitas kesehatan kampus tidak memadai,negatif
Beasiswa yang diberikan sangat sedikit,negatif
Pembelajaran sangat kaku dan tidak fleksibel,negatif
Kualitas instruktur sangat poor dan tidak qualified,negatif
Kesempatan untuk berkembang sangat terbatas,negatif
Mentoring program sangat tidak membantu,negatif
Kehidupan kampus sangat membosankan,negatif
Fasilitas penginapan mahasiswa sangat jelek,negatif
Program pengembangan diri sangat minim,negatif
Kampus tidak mendukung inovasi dan kreativitas,negatif
Sistem pembelajaran sangat ketinggalan zaman,negatif
Pengalaman di kampus mengecewakan harapan saya,negatif
Fasilitas transportation sangat buruk,negatif
Tidak ada peluang karir dari kampus ini,negatif
Dosen tidak accessible dan tidak supportive,negatif
Penelitian di kampus tidak ada dampak sosial,negatif
Sistem administrasi sangat kacau,negatif
Kehidupan mahasiswa sangat tidak beragam,negatif
Program volunteer sangat tidak ada,negatif
Perpustakaan tidak menyediakan akses ke journal,negatif
Kampus memberikan value yang buruk untuk investasi,negatif
Fasilitas untuk disabilitas sangat tidak accessible,negatif
Program kesehatan mental sangat tidak ada,negatif
Pembelajaran sangat sempit dan membatasi,negatif
Kampus ini menghasilkan lulusan yang tidak kompeten,negatif
Suasana akademis sangat tidak sehat,negatif
Pelatihan soft skills sangat tidak ada,negatif
Akomodasi untuk mahasiswa commuter sangat buruk,negatif
Kesempatan leadership sangat tertutup,negatif
Fasilitas gym dan olahraga sangat minimal,negatif
Program CSR kampus tidak ada dampak nyata,negatif
Saya sangat kecewa menjadi bagian dari kampus ini,negatif
Kurikulum kampus perlu perbaikan mendasar,netral
Fasilitas kampus cukup memadai,netral
Dosen mengajar dengan standar yang wajar,netral
Program akademik tersedia dengan berbagai pilihan,netral
Lingkungan kampus biasa saja,netral
Sistem pembelajaran ada kelebihan dan kekurangan,netral
Organisasi mahasiswa berjalan seperti biasa,netral
Fasilitas lab cukup untuk kebutuhan praktik,netral
Layanan akademik dapat diterima,netral
Kualitas pendidikan sesuai standar industri,netral
Pengalaman belajar di kampus cukup memuaskan,netral
Staf administrasi biasa responsif,netral
Prestasi mahasiswa cukup baik dalam kompetisi,netral
Karir alumni cukup baik di lapangan kerja,netral
Kampus memiliki area hijau yang cukup,netral
Program mentoring tersedia namun tidak wajib,netral
Fasilitas wifi cukup untuk kebutuhan sehari-hari,netral
Keamanan kampus standar dan terjaga,netral
Makanan di kantin cukup murah dan biasa,netral
Dosen tersedia untuk konsultasi pada jam tertentu,netral
Jadwal kuliah cukup konsisten,netral
Program magang tersedia dengan jumlah terbatas,netral
Infrastruktur kampus standar dan layak,netral
Perpustakaan buka dengan jam operasional normal,netral
Beasiswa tersedia namun tidak banyak,netral
Laboratorium memiliki peralatan standar,netral
Suasana kampus memungkinkan pembelajaran,netral
Akreditasi kampus standar internasional,netral
Program kesehatan mahasiswa dasar,netral
Seni dan budaya berkembang dengan biasa,netral
Fasilitas olahraga standar dan terawat,netral
Pembelajaran kombinasi teori dan praktik,netral
Hubungan antar mahasiswa cukup baik,netral
Toilet dan mushola cukup bersih,netral
Event-event kampus berjalan biasa saja,netral
Perpustakaan memiliki resources yang lumayan,netral
Sistem registrasi online cukup mudah,netral
Beasiswa tersedia untuk mahasiswa tertentu,netral
Ruang kelas cukup nyaman,netral
Jaringan alumni cukup kuat,netral
Lokasi kampus cukup strategis,netral
Panduan akademik cukup jelas,netral
Sistem penilaian cukup transparan,netral
Koneksi industri cukup membantu,netral
Kurikulum diperbarui secara berkala,netral
Program pertukaran pelajar ada untuk beberapa mahasiswa,netral
Fasilitas katering dengan harga yang terjangkau,netral
Bimbingan karir tersedia untuk mahasiswa,netral
Kampus memiliki komitmen lingkungan yang cukup,netral
Mahasiswa dapat kesempatan publikasi tertentu,netral
Infrastruktur digital cukup memadai,netral
Kemitraan dengan universitas luar negeri cukup,netral
Kampus ini memenuhi standar pendidikan nasional,netral
Suasana belajar cukup mendukung,netral
Profesor mengajar dengan profesional,netral
Saya cukup puas dengan pendidikan di sini,netral
Fasilitas membantu kami untuk berkembang,netral
Komunitas kampus cukup ramah dan supportif,netral
Pembelajaran collaborative tersedia dengan baik,netral
Saya ragu merekomendasikan atau tidak kampus ini,netral
Prestasi akademik saya stabil dan konsisten,netral
Dosen-dosen memiliki kompetensi yang baik,netral
Program alumni networking ada dan cukup aktif,netral
Kampus memberikan pengalaman belajar standar,netral
Fasilitas kesehatan kampus memadai,netral
Beasiswa yang diberikan cukup jumlahnya,netral
Pembelajaran cukup fleksibel sesuai kebutuhan,netral
Kualitas instruktur cukup berkualitas,netral
Kesempatan untuk berkembang cukup tersedia,netral
Mentoring program tersedia untuk semua mahasiswa,netral
Kehidupan kampus cukup menyenangkan,netral
Fasilitas penginapan mahasiswa memadai,netral
Program pengembangan diri tersedia cukup banyak,netral
Kampus mendukung inovasi dalam ukuran wajar,netral
Sistem pembelajaran modern namun masih tradisional,netral
Pengalaman di kampus cukup berpengaruh positif,netral
Fasilitas transportation memadai untuk kebutuhan,netral
Peluang karir dari kampus cukup tersedia,netral
Dosen cukup accessible dan supportive,netral
Penelitian di kampus memberikan dampak tertentu,netral
Sistem administrasi cukup efisien,netral
Kehidupan mahasiswa cukup beragam dan inklusif,netral
Program volunteer tersedia untuk mahasiswa,netral
Perpustakaan menyediakan akses jurnal standar,netral
Kampus memberikan value yang wajar untuk investasi,netral
Fasilitas untuk disabilitas cukup accessible,netral
Program kesehatan mental tersedia cukup,netral
Pembelajaran cukup luas dan memberdayakan,netral
Kampus menghasilkan lulusan yang kompeten,netral
Suasana akademis cukup sehat dan baik,netral
Pelatihan soft skills tersedia dengan cukup,netral
Akomodasi untuk mahasiswa commuter memadai,netral
Kesempatan leadership cukup terbuka,netral
Fasilitas gym dan olahraga cukup lengkap,netral
Program CSR kampus memberikan dampak sosial,netral
Saya cukup puas menjadi bagian dari kampus ini,netral
Kampus memiliki potensi yang bagus untuk berkembang,netral
"sistem akademik sangat membantu","positif"
"pelayanan administrasi cepat dan responsif","positif"
"dosen sangat kompeten dan ramah","positif"
"fasilitas kampus lengkap dan nyaman","positif"
"website mudah digunakan","positif"
"terima kasih atas pelayanannya","positif"
"aplikasi sangat bermanfaat","positif"
"layanan bagus dan memuaskan","positif"
"sangat terbantu dengan sistem ini","positif"
"proses cepat dan mudah","positif"
"Nilai dari dosen sangat adil dan tranparan","positif"
"Sistem pembelajaran online sangat efektif","positif"
"Staff administrasi sangat ramah dan membantu","positif"
"Laboratorium lengkap dengan peralatan modern","positif"
"Beasiswa tersedia dengan proses yang jelas","positif"
"Dosen luar biasa, penjelasannya very clear dan inspiring","positif"
"Kantin kampus nyaman dengan harga terjangkau","positif"
"Layanan perpustakaan sangat responsif","positif"
"Program magang membantu banget untuk karir","positif"
"Fasilitas gym dan olahraga sangat menunjang","positif"
"krs error terus tidak bisa diakses","negatif"
"pelayanan lambat dan tidak responsif","negatif"
"dosen tidak masuk tanpa kabar","negatif"
"fasilitas rusak tidak diperbaiki","negatif"
"aplikasi sering crash","negatif"
"kecewa dengan pelayanannya","negatif"
"sistem susah digunakan","negatif"
"tidak ada perkembangan","negatif"
"komplain tidak ditanggapi","negatif"
"buruk sekali layanannya","negatif"
"Dosen sering mangkir tanpa pemberitahuan","negatif"
"Website sangat lambat saat akses bersamaan","negatif"
"Staff administrasi tidak terlatih dan bingung","negatif"
"Laboratorium tidak ada perawatan","negatif"
"Beasiswa tidak transparan dan banyak penyimpangan","negatif"
"Dosen tidak ada metodologi mengajar sama sekali","negatif"
"Kantin mahal dengan porsi kecil","negatif"
"Perpustakaan buku sudah ketinggalan jaman","negatif"
"Program magang tidak ada","negatif"
"Fasilitas olahraga tidak terawat dan berbahaya","negatif"
"Fasilitas AC semua rusak","negatif"
"Sistem online sangat membosankan dan tidak efektif","negatif"
"Proses registrasi sangat berbelit dan membingungkan","negatif"
"WiFi kampus sangat lambat sering terputus","negatif"
"Ruang kuliah sempit dan pengap","negatif"
"sistem berjalan normal","netral"
"pelayanan standar saja","netral"
"informasi tersedia","netral"
"proses sesuai prosedur","netral"
"aplikasi bisa digunakan","netral"
"tidak ada masalah berarti","netral"
"masih dalam tahap adaptasi","netral"
"perlu evaluasi lebih lanjut","netral"
"semoga kedepan lebih baik","netral"
"cukup membantu","netral"
"Sistem berjalan sesuai harapan","netral"
"Proses pendaftaran standar dan normal","netral"
"Fasilitas cukup untuk kebutuhan belajar","netral"
"Dosen mengajar dengan metode konvensional","netral"
"Administrasi bekerja sesuai aturan","netral"
"Perpustakaan tersedia buku dasar","netral"
"Kantin tersedia dengan berbagai pilihan","netral"
"Program magang ada namun terbatas","netral"
"Fasilitas olahraga tersedia namun terbatas","netral"
"Layanan internet stabil pada jam normal","netral"
"Sinyal WiFi di gedung baru sangat kencang dan stabil","positif"
"Ruang baca perpustakaan selalu bersih dan tenang","positif"
"Pelayanan beasiswa tepat waktu tidak pernah molor","positif"
"Transkrip nilai bisa diurus online tanpa ke kampus","positif"
"Acara ospek membangun karakter dan kekeluargaan","positif"
"Ruang diskusi di lantai 3 sangat representatif","positif"
"Pak Satpam gerbang sangat ramah dan informatif","positif"
"Jam operasional perpustakaan sampai malam sangat membantu mahasiswa pekerja","positif"
"Kurikulum baru sangat relevan dengan industri 4.0","positif"
"Banyak kegiatan unit kegiatan mahasiswa yang gratis dan bermanfaat","positif"
"Lahan parkir luas dan aman dari resiko pencurian","positif"
"Dosen pembimbing skripsi sangat suportif dan cepat merespon email","positif"
"Metode pembelajaran student centered learning membuat saya lebih paham","positif"
"Koperasi mahasiswa menjual alat tulis dengan harga miring","positif"
"UKM Seni memiliki peralatan musik yang lengkap dan modern","positif"
"Pembayaran UKT bisa dicicil dan sangat meringankan","positif"
"Klinik kampus sigap menangani mahasiswa yang pingsan saat upacara","positif"
"Lingkungan kampus hijau dan asri bebas polusi","positif"
"Portal jurnal internasional mudah diakses dari rumah","positif"
"Staff cleaning service rajin membersihkan toilet tiap jam","positif"
"Pembelajaran praktikum di laboratorium sangat aplikatif","positif"
"Kantin Kejujuran melatih integritas mahasiswa","positif"
"Kebijakan cuti akademik mudah dipahami dan diproses","positif"
"Ada banyak colokan listrik di setiap sudut koridor","positif"
"Dosen tamu yang diundang selalu expert di bidangnya","positif"
"Program pertukaran pelajar ke luar negeri sangat terbuka","positif"
"Tidak ada praktik perpeloncoan dalam kegiatan himpunan","positif"
"Proses legalisir ijazah hanya butuh waktu satu jam","positif"
"Sistem Informasi Akademik mobile friendly tampilannya","positif"
"Adanya bank sampah di kampus membuat lingkungan bersih","positif"
"Bisa akses materi kuliah dari dosen secara terbuka","positif"
"Kelas pengganti selalu dijadwalkan ulang dengan kesepakatan bersama","positif"
"Adanya konseling psikologi gratis sangat membantu kesehatan mental","positif"
"Fasilitas ruang laktasi untuk mahasiswi ibu menyusui tersedia","positif"
"Pengumuman jadwal ujian selalu jelas dan tidak mendadak","positif"
"Petugas TU memahami prosedur surat menyurat dengan baik","positif"
"Tersedia shuttle bus gratis dari stasiun menuju kampus","positif"
"Lift di gedung rektorat selalu berfungsi normal","positif"
"Jam malam kampus tidak mengganggu kegiatan organisasi","positif"
"Bisa minjam laptop di perpustakaan untuk mengerjakan tugas","positif"
"Kantin menyediakan opsi menu vegetarian dan vegan","positif"
"Lapangan basket selalu dicat ulang setiap tahun","positif"
"Pembina UKM olahraga sangat disiplin melatih","positif"
"Adanya etalase prestasi memotivasi mahasiswa untuk berkompetisi","positif"
"Jadwal kuliah bisa disesuaikan dengan semester pendek","positif"
"Dosen killer tapi penjelasannya mudah dicerna","positif"
"Tukang fotokopi di bawah tangga darurat cepat kerjanya","positif"
"Tempat sampah organik dan non organik tersedia di mana-mana","positif"
"Pihak rektorat terbuka mendengar kritik via media sosial","positif"
"Tidak ada pungutan liar saat daftar wisuda","positif"
"Sirkulasi udara di gedung serba guna sangat baik","positif"
"Area hotspot gratis merata sampai ke taman belakang","positif"
"KRS diubah manual karena sistem down","netral"
"Ruangan kelas ada yang dingin ada yang pengap","netral"
"Beberapa dosen masih menggunakan slide presentasi lama","netral"
"Ada perbaikan jalan setapak di depan gerbang","netral"
"Jumlah kursi di perpustakaan kadang kurang saat ujian","netral"
"Terkadang suara bising dari proyek pembangunan gedung","netral"
"Metode penilaian sudah dijelaskan di RPS","netral"
"Menu di kantin itu-itu saja tidak ada perubahan","netral"
"Jam kuliah teori pagi hari cukup berat","netral"
"Pendaftaran proposal PKM dibuka sesuai kalender akademik","netral"
"Kartu perpustakaan bisa digunakan untuk akses masuk kampus","netral"
"Dosen memberi tugas sesuai bobot SKS","netral"
"Air minum galon di koridor harus isi ulang sendiri","netral"
"Warna cat gedung krem standar seperti kampus lain","netral"
"Penggunaan helm di area kampus sudah disosialisasikan","netral"
"Bisa mengajukan cuti dengan alasan medis","netral"
"Tidak ada hukuman bagi yang terlambat kurang dari 10 menit","netral"
"Tersedia tempat charger HP di lobi utama","netral"
"Staff keamanan sering berkeliling tiap 2 jam","netral"
"Formulir bisa diunduh di website resmi","netral"
"Biaya praktikum dibayarkan terpisah dari UKT","netral"
"Mahasiswa diizinkan makan di kelas selama jam istirahat","netral"
"Tersedia layanan penitipan helm dan jas hujan","netral"
"Ujian susulan hanya untuk sakit yang ada surat dokter","netral"
"Ruang baca memiliki AC dan non AC","netral"
"Dosen memberi tugas kelompok dan individu seimbang","netral"
"Bisa konsultasi akademik tanpa janji temu dulu","netral"
"Ada larangan merokok di seluruh area gedung","netral"
"Papan pengumuman manual masih digunakan selain digital","netral"
"KRS diakses sesuai jadwal fakultas masing-masing","netral"
"Kantin tutup tepat jam enam sore","netral"
"Jadwal wisuda disesuaikan dengan kapasitas gedung","netral"
"Bisa mengajukan pindah kelas jika ada kuota","netral"
"Mahasiswa baru wajib ikut tes TOEFL","netral"
"Ruang kelas memakai proyektor dan whiteboard","netral"
"Bisa meminjam bola di sekretariat UKM","netral"
"Parkir mobil dikenakan biaya flat per semester","netral"
"Batas waktu pembayaran UKT diperpanjang seminggu","netral"
"Toilet laki-laki dan perempuan terpisah lantai","netral"
"Kelas karyawan diadakan di akhir pekan","netral"
"Penjaga perpus hanya diam melihat buku berantakan","netral"
"Alat olahraga di fitness center sudah berkarat","netral"
"Portal SSO sering log out sendiri padahal koneksi aman","negatif"
"Sistem presensi wajah sulit mendeteksi yang berkacamata","negatif"
"Tugas menumpuk di akhir semester tanpa koordinasi","negatif"
"Tidak ada pemberitahuan saat dosen berhalangan hadir","negatif"
"Kursi kuliah banyak yang patah sandarannya","negatif"
"Proses banding nilai sangat sulit dan birokratis","negatif"
"Alat pemadam kebakaran terlihat kotor dan tidak terawat","negatif"
"Tukang fotokopi sering mengembalikan uang kembalian kurang","negatif"
"Saluran air di depan masjid kampus mampet dan bau","negatif"
"Pihak TU menolak mengurus surat rekomendasi beasiswa","negatif"
"Tidak ada transparansi aliran dana himpunan mahasiswa","negatif"
"Dosen sering memberikan nilai tanpa mengembalikan kertas ujian","negatif"
"Sulit mencari tempat sampah di area belakang gedung","negatif"
"Pengumuman penting sering hanya diinfokan via grup WA tidak resmi","negatif"
"Jadwal kuliah bentrok dengan jadwal praktikum tiap semester","negatif"
"Kabel LAN di lab komputer banyak yang putus konektornya","negatif"
"Mahasiswa difabel kesulitan naik karena ramp curam","negatif"
"Perkelahian antar fakultas terjadi saat acara olahraga","negatif"
"Pelatih UKM tidak hadir tanpa kabar selama sebulan","negatif"
"Vending machine minuman sering menelan uang koin","negatif"
"Tidak ada tempat sampah khusus limbah B3 praktikum kimia","negatif"
"Pihak keamanan tidak tegas menindak parkir liar sembarangan","negatif"
"Toilet mampet dan bau pesing tidak kunjung diperbaiki","negatif"
"Ruangan sekretariat UKM bocor saat hujan deras","negatif"
"Kartu mahasiswa baru sering gagal scan di gerbang","negatif"
"Dosen favorit pindah kampus secara mendadak","negatif"
"Plagiarisme skripsi di kalangan senior tidak ditindak","negatif"
"Perpustakaan sering dijadikan tempat nongkrong berisik","negatif"
"Stiker dan coretan vandalisme merusak keindahan koridor","negatif"
"Mahasiswa tingkat akhir susah dihubungi admin jurusan","negatif"
"Kebijakan potongan UKT tidak berlaku untuk mahasiswa ekstensi","negatif"
"Alat scan KTM di perpustakaan rusak berbulan-bulan","negatif"
"Jalan menuju kampus banjir saat hujan sedikit saja","negatif"
"Pencahayaan di ruang baca terlalu redup","negatif"
"Dosen galak tetapi tidak memberi materi jelas","negatif"
"Penyusunan jadwal ujian akhir semester sangat berantakan","negatif"
"Website resmi fakultas tidak update sejak 2020","negatif"
"Birokrasi surat izin kegiatan kemahasiswaan sangat lama","negatif"
"Tidak ada tanggapan saat komplain AC via hotline","negatif"
"Mesin parkir otomatis sering error mengeluarkan karcis","negatif"
"Kurangnya etalase informasi lowongan kerja di papan karier","negatif"
"Mahasiswa dipersulit saat ingin pindah program studi","negatif"
"Tukang kebun merokok di dekat tanaman dan membuang puntung","negatif"
"Pemotongan internet gratis di malam hari sangat merugikan","negatif"
"Dosen pembimbing magang tidak pernah membalas laporan","negatif"
"Proses pengajuan judul skripsi terlalu rumit dan berbelit","negatif"
"UKM terpaksa bubar karena tidak ada dana pembinaan","negatif"
"Kaca jendela ruang kelas pecah dibiarkan berbahaya","negatif"
"Pengumuman beasiswa selalu mendadak dengan deadline singkat","negatif"
"Software bajakan masih dipakai di lab komputer","negatif"
"Banyak kecoa berkeliaran di lantai ruang sidang skripsi","negatif"
"Sistem informasi akademik lemot parah saat jam KRS","negatif"
"Dosen merokok di ruangannya dan baunya menyengat ke kelas","negatif"
"Plafon ruang teater fakultas hampir ambruk","negatif"
"Kelas mata kuliah wajib penuh sehingga banyak yang tidak kebagian","negatif"
"Pengisian KRS manual disuruh bolak-balik ke jurusan","negatif"
"Tidak ada bantuan kuota internet untuk mahasiswa tidak mampu","negatif"
"Kebersihan mushola sangat buruk sajadahnya hitam","negatif"
"Dosen menunda-nunda jadwal bimbingan tanpa alasan jelas","negatif"
"Suara bising dari proyek konstruksi mengganggu ujian lisan","negatif"
"Lift khusus difabel tidak pernah berfungsi","negatif"
"Mahasiswa asing diperlakukan lebih istimewa dari lokal","negatif"
"Kipas angin di kantin penuh debu tebal","negatif"
"UKM penelitian tidak pernah menghasilkan jurnal apapun","negatif"
"Alat pemadam kebakaran di laboratorium kimia ternyata kosong","negatif"
"Staff keuangan sering salah hitung jumlah UKT","negatif"
"Toilet kunci pintunya rusak tidak bisa dikunci dari dalam","negatif"
"Penerangan jalan di luar area gerbang sangat gelap","negatif"
"Buku di perpustakaan banyak yang halamannya disobek","negatif"
"Acara wisuda selalu molor sampai larut malam","negatif"
"WiFi hanya bisa diakses dengan password yang selalu diganti mendadak","negatif"
"Kursi roda yang disediakan kampus hilang entah kemana","negatif"
"Tidak ada kanopi sehingga mahasiswa kehujanan saat pindah gedung","negatif"
"Pembina UKM pilih kasih dalam memberikan rekomendasi prestasi","negatif"
"Birokrasi pengajuan seminar proposal memakan waktu dua bulan","negatif"
"Sound system di ruang seminar selalu berdengung","negatif"
"Fotokopi jurnal untuk skripsi dihitung mahal per lembar","negatif"
"Kuliah umum dihadiri pembicara yang tidak inspiratif","negatif"
"Kelas pagi jam 7 sering dimulai telat 30 menit","negatif"
"Jas almamater baru kualitasnya menurun mudah luntur","negatif"
"Transkrip nilai sementara tidak valid karena bug sistem","negatif"
"Parkir sepeda motor di basement banjir saat musim hujan","negatif"
"Antrian lift di gedung fakultas terlalu panjang saat jam sibuk","negatif"
"Tidak ada laporan pertanggungjawaban kegiatan kemahasiswaan","negatif"
"Kursi di ruang tunggu dosen keras dan tidak nyaman","negatif"
"Koneksi listrik di area belakang sering mati mendadak","negatif"
"Mahasiswa yang berprestasi tidak mendapat apresiasi kampus","negatif"
"Proses daftar ulang terlalu berbelit dengan banyak loket","negatif"
"Kelas kotor setelah dipakai rombongan sebelumnya","negatif"
"Ada praktik jual beli mata kuliah di kalangan mahasiswa","negatif"
"Dosen pembimbing sering memarahi mahasiswa di depan umum","negatif"
"Loker penyimpanan barang banyak yang kuncinya macet","negatif"
"Tidak ada tenda atau tempat berteduh di lapangan parkir","negatif"
"Papan tulis di kelas tulisannya sudah tidak jelas","negatif"
"Birokrasi kampus tidak ramah terhadap mahasiswa difabel","negatif"
"Ada isu kenaikan UKT sepihak tanpa sosialisasi tahun depan","negatif"
"Jam pulang kerja TU tidak konsisten sering tutup lebih awal","negatif"
"Mahasiswa sulit mendapat persetujuan penelitian di lab","negatif"
"Tidak ada tempat sampah di sekitar area taman","negatif"
"Dispenser air minum di lantai 4 rusak total","negatif"
"Jadwal praktikum malam hari berbahaya bagi mahasiswi","negatif"
"Kurangnya tanda jalur evakuasi jika terjadi gempa","negatif"
"Pengumuman nilai akhir sering terlambat dari jadwal","negatif"
"Alat scan wajah di absen hanya akurat untuk kulit terang","negatif"
"Kantin kehabisan makanan sebelum jam istirahat siang","negatif"
"Koperasi mahasiswa hanya buka di jam kuliah","negatif"
"Tidak ada ruang khusus untuk mahasiswa menyusui yang layak","negatif"
"Area merokok berada tepat di depan pintu masuk kelas","negatif"
"Software antivirus di komputer perpus tidak diperbarui","negatif"
"Bau menyengat dari selokan belakang lab kimia","negatif"
"Pekerja proyek membuang material sembarangan di jalan","negatif"
"Proses cuti akademik mengharuskan bertemu banyak pejabat","negatif"
"Jendela perpustakaan sulit dibuka sehingga pengap","negatif"
"Pengembalian dana praktikum tidak jelas prosedurnya","negatif"
"Penggunaan bahasa asing di kelas campur aduk tidak karuan","negatif"
"Tidak ada mekanisme pengaduan kekerasan seksual yang jelas","negatif"
"Mahasiswa jarang dilibatkan dalam penyusunan kebijakan","negatif"
"Fasilitas fingerprint di gerbang sering salah baca","negatif"
"Tidak ada CCTV di area parkir motor belakang","negatif"
"AC di laboratorium komputer terlalu dingin tidak bisa diatur","negatif"
"Dosen sering menunda ujian tanpa alasan yang jelas","negatif"
"Form pendaftaran online untuk magang selalu error di akhir","negatif"
"Loker di perpustakaan sering dijadikan sarang tikus","negatif"
"Kualitas tisu di toilet sangat kasar dan tipis","negatif"
"Pihak kemahasiswaan tidak transparan soal dana PKM","negatif"
"Banyak mahasiswa titip absen karena sistem yang mudah dicurangi","negatif"
"Pemilihan ketua BEM tidak demokratis dan penuh intervensi","negatif"
"Kegiatan kemahasiswaan hanya untuk pencitraan di media sosial","negatif"
"Ruang himpunan mahasiswa kotor dan penuh debu","negatif"
"Mahasiswa bebas merokok di tangga darurat","negatif"
"Buku teks wajib terlalu mahal dan hanya dijual eksklusif","negatif"
"Kompetisi internal kampus tidak ada hadiahnya","negatif"
"Pelayanan kartu mahasiswa baru butuh waktu 3 bulan","negatif"
"Banyak program studi yang akreditasinya turun","negatif"
"Petugas kebersihan membangunkan mahasiswa tidur di perpus dengan kasar","negatif"
"Tidak ada donatur tetap untuk bantuan bencana internal","negatif"
"Gedung kuliah bersama sering dialihfungsikan untuk acara pernikahan","negatif"
"Koneksi internet mati saat ujian daring berlangsung","negatif"
"Pihak kampus tidak bertanggung jawab atas kehilangan helm","negatif"
"Banyak dosen yang sudah tidak update jurnal sejak lama","negatif"
"Mahasiswa praktikum disuruh beli alat sendiri karena inventaris kurang","negatif"
"Sistem antrian TU tidak jelas dan saling serobot","negatif"
"Gedung baru tidak ramah untuk kursi roda","negatif"
"Pencahayaan di mushola sangat minim untuk membaca Al-Quran","negatif"
"Tidak ada tempat wudhu yang layak untuk perempuan","negatif"
"Kesalahan cetak di ijazah tidak mau diperbaiki","negatif"
"Mahasiswa yang kritis sering dapat nilai rendah","negatif"
"Tidak ada kipas angin di selasar yang panas","negatif"
"Tembok kampus kotor karena coretan pilpres dan pilkada","negatif"
"Kabel menjuntai di plafon koridor sangat berbahaya","negatif"
"Kantin menjual makanan yang tidak higienis","negatif"
"Petugas kebun menggunakan air bersih untuk menyiram jalan","negatif"
"Tidak ada ruang isolasi untuk mahasiswa yang sakit","negatif"
"Website resmi sering di-hack dan menampilkan iklan judi","negatif"
"Pendataan wisuda selalu ribet dan harus datang berkali-kali","negatif"
"Mahasiswa difabel tuna netra tidak punya alat baca khusus","negatif"
"Toilet khusus difabel dijadikan gudang alat kebersihan","negatif"
"Pembina OSIS atau BEM terlalu ikut campur urusan internal","negatif"
"Tidak ada pelatihan kewirausahaan yang berkelanjutan","negatif"
"Proyektor di ruang A selalu berkedip dan buram","negatif"
"Meja belajar di perpus banyak yang coretan spidol permanen","negatif"
"Lahan parkir mobil jauh dari gedung fakultas","negatif"
"Alarm kebakaran berbunyi palsu tanpa ada kejadian","negatif"
"Tidak ada tempat penitipan anak untuk mahasiswa yang punya balita","negatif"
"Lampu di lapangan basket mati total","negatif"
"Mahasiswa sering telat karena transportasi umum ke kampus tidak jelas","negatif"
"Tidak ada kanal pengaduan yang anonim dan aman","negatif"
"Papan informasi beasiswa hanya kosong tidak diupdate","negatif"
"Kesulitan mengurus surat rekomendasi studi lanjut","negatif"
"Proses yudisium sering molor dari jadwal","negatif"
"Dosen wali tidak pernah membuka sesi konsultasi","negatif"
"Alat pengukur tinggi badan di klinik sudah rusak","negatif"
"Tidak ada tim tanggap darurat gempa yang terlatih","negatif"
"Majalah dinding fakultas isinya tidak pernah diganti","negatif"
"Kabel LAN di ruang baca fakultas putus semua","negatif"
"Banyak kucing liar buang kotoran di koridor","negatif"
"Parkir mobil dosen memakan jalur pejalan kaki mahasiswa","negatif"
"Kipas angin di ruang sidang berisik seperti traktor","negatif"
"Mahasiswa mesti iuran untuk beli kertas tisu toilet","negatif"
"Air keran di lab tidak mengalir","negatif"
"Pihak keamanan galak dan tidak sopan terhadap tamu","negatif"
"Tidak ada kegiatan penyambutan mahasiswa baru yang humanis","negatif"
"Ruang kelas sempit untuk jumlah mahasiswa 50 orang","negatif"
"AC di gedung administrasi dingin tapi di gedung kuliah mati","negatif"
"Kantin menjual minuman keras secara tersembunyi","negatif"
"Banyak nyamuk di ruang seminar bawah tanah","negatif"
"Birokrasi pengesahan proposal PKM sangat lama","negatif"
"Tidak ada pengecekan kelayakan alat praktikum","negatif"
"Mahasiswa harus bayar sewa loker yang mahal","negatif"
"Kuliah umum diisi dengan kampanye politik praktis","negatif"
"Sound system sering feedback melengking menyakiti telinga","negatif"
"Tukang fotokopi tutup saat musim ujian tiba","negatif"
"Tidak ada layanan antar jemput bagi mahasiswa disabilitas","negatif"
"Meja praktikum di lab kimia berlubang dan berkarat","negatif"
"Pembayaran di koperasi masih manual tanpa QRIS","negatif"
"Mahasiswa baru tidak mendapat buku panduan akademik","negatif"
"Jadwal perwalian tidak jelas dan mendadak","negatif"
"Ruang ujian terlalu bising dekat dengan jalan raya","negatif"
"Pihak jurusan tidak mengakui sertifikat kompetensi luar","negatif"
"Tidak ada program daur ulang air wudhu","negatif"
"Karpet di mushola lembab dan bau apek","negatif"
"Penerangan di tangga darurat mati total","negatif"
"Pintu darurat terkunci rapat dari luar","negatif"
"Tidak ada tempat parkir khusus sepeda","negatif"
"Mahasiswa tingkat akhir dilarang menggunakan fasilitas gym","negatif"
"Tempat sampah medis di klinik tidak ada","negatif"
"Antrian cetak KTM baru bisa sampai 3 bulan","negatif"
"Kertas ujian berkualitas rendah mudah sobek","negatif"
"Mahasiswa banyak yang tidur di kelas karena jam kuliah terlalu pagi","netral"
"Menu sarapan di kantin selalu habis sebelum jam 8","netral"
"Papan tulis di ruang 205 masih pakai kapur bukan spidol","netral"
"Pihak kampus mewajibkan vaksin booster untuk semester depan","netral"
"Jadwal kuliah libur hari raya sudah diumumkan","netral"
"Pendaftaran seminar internasional diperpanjang","netral"
"Ada pemberitahuan pemadaman listrik rutin hari minggu","netral"
"Ruang baca hanya buka sampai jam 8 malam","netral"
"Dosen menggunakan bahasa campur indonesia inggris","netral"
"Mahasiswa wajib menggunakan seragam hitam putih tiap senin","netral"
"Tugas besar diberikan dua minggu sebelum UAS","netral"
"Ada sepeda kampus yang bisa dipinjam dengan KTM","netral"
"Tersedia tempat charger di perpustakaan tapi terbatas","netral"
"Kantin kejujuran menyediakan gorengan dan kopi sachet","netral"
"Kelas teori digabung antara kelas A dan B","netral"
"Proses unggah skripsi ke repository sudah dijelaskan","netral"
"Pendaftaran magang kampus merdeka sudah dibuka","netral"
"Seminar proposal bisa online atau offline","netral"
"Biaya cetak ijazah ditanggung mahasiswa","netral"
"KTM bisa digunakan untuk akses bus TransJakarta","netral"
"Mahasiswa diwajibkan ikut asuransi kesehatan","netral"
"Praktikum biologi memotong katak minggu depan","netral"
"Ruang fotokopi di lantai dasar buka pukul 09.00","netral"
"Jadwal UAS bentrok dengan jadwal wisuda periode lalu","netral"
"Perpustakaan tutup di jam istirahat siang","netral"
"Kelas karyawan libur di hari Sabtu","netral"
"KTM berlaku selama 4 tahun masa studi","netral"
"Tersedia takjil gratis di masjid kampus saat ramadhan","netral"
"Kegiatan bimbingan skripsi bisa via Zoom","netral"
"Mahasiswa diminta mengisi survei kepuasan layanan","netral"
"Pendaftaran yudisium gelombang dua dibuka","netral"
"Ada sosialisasi bahaya narkoba di auditorium","netral"
"Ujian susulan digabung dengan kelas lain","netral"
"Kuliah lapangan ke pabrik dijadwalkan bulan depan","netral"
"Mahasiswa berprestasi dipanggil untuk pembekalan","netral"
"Pergantian jam kuliah disesuaikan dengan WIB","netral"
"Petugas perpustakaan sedang menginput buku baru","netral"
"Pengumuman hasil seleksi asisten lab sudah keluar","netral"
"KRS manual masih berlaku untuk semester pendek","netral"
"Batas akhir unggah revisi skripsi hari Jumat","netral"
"Lapangan upacara sedang direnovasi","netral"
"Mahasiswa tingkat akhir wajib ikut TOEFL ITP","netral"
"Bimbingan akademik dilakukan dua kali setahun","netral"
"Pendaftaran beasiswa Bank Indonesia sudah dimulai","netral"
"Perubahan kurikulum hanya berlaku untuk angkatan baru","netral"
"Mahasiswa diwajibkan mengisi KRS sesuai IPK","netral"
"Ada penggantian dosen pengampu matkul statistik","netral"
"Pendaftaran asisten praktikum dibuka online","netral"
"Ruang baca fakultas direnovasi selama liburan","netral"
"Jadwal wisuda diundur karena bencana alam","netral"
"Rektor baru akan dilantik bulan depan","netral"
"Pengumuman akreditasi program studi naik","netral"
"Kelas bahasa inggris wajib untuk semua jurusan","netral"
"KRS online hanya bisa diakses dengan koneksi kampus","netral"
"Mahasiswa diharapkan hadir di acara dies natalis","netral"
"Pendaftaran PKM 5 bidang sudah dibuka","netral"
"Tes kesehatan mahasiswa baru dilakukan di klinik","netral"
"Kelas teori pindah ke ruang online","netral"
"Seminar KP dilaksanakan secara hybrid","netral"
"Batas akhir pengumpulan hardcover skripsi diperpanjang","netral"
"Ujian tengah semester dilaksanakan minggu depan","netral"
"Jadwal praktikum menyusul karena laboran cuti","netral"
"Pendaftaran pemilihan ketua BEM diperpanjang","netral"
"Mahasiswa diharap membawa jaket almamater saat foto","netral"
"Perpustakaan menyediakan akses ke jurnal Scopus","netral"
"Pengumuman nilai praktikum akan dirilis minggu depan","netral"
"Mahasiswa wajib mengikuti kuliah umum kebangsaan","netral"
"Pembayaran UKT bisa melalui virtual account","netral"
"Ruang diskusi bisa dipinjam di sekretariat jurusan","netral"
"Daftar hadir mahasiswa dilakukan manual di kertas","netral"
"Ada rapat evaluasi dosen tiap akhir semester","netral"
"Mahasiswa diwajibkan membuat laporan magang","netral"
"Ujian proposal skripsi dilakukan secara terbuka","netral"
"Batas akhir penyerahan berkas wisuda hari ini","netral"
"Pengumuman kelulusan bisa dilihat di portal akademik","netral"
"Jadwal kelas pengganti disesuaikan dengan dosen","netral"
"Perpustakaan pusat buka di hari Sabtu","netral"
"Mahasiswa difasilitasi untuk membuat NPWP","netral"
"Bimbingan akademik dilakukan secara kelompok","netral"
"Kuliah kerja nyata dilaksanakan di desa binaan","netral"
"Jadwal bimbingan dosen wali dapat dilihat online","netral"
"Mahasiswa diwajibkan menggunakan helm di area kampus","netral"
"Kartu rencana studi harus ditandatangani dosen wali","netral"
"Penutupan asrama mahasiswa selama libur lebaran","netral"
"Pendaftaran wisuda gelombang 1 segera ditutup","netral"
"Pengisian borang akreditasi melibatkan mahasiswa","netral"
"Mahasiswa magang diwajibkan membuat laporan akhir","netral"
"Pengambilan ijazah harus menunjukkan KTM asli","netral"
"Kegiatan pengabdian masyarakat wajib untuk lulus","netral"
"Mahasiswa baru diwajibkan ikut matrikulasi","netral"
"Pengumuman cuti bersama hari raya sudah keluar","netral"
"Proses daftar ulang mahasiswa lama diperpanjang","netral"
"Rapat senat mahasiswa membahas kenaikan UKT","netral"
"Seminar hasil penelitian dilakukan di ruang sidang","netral"
"Mahasiswa bisa mengajukan pindah kelas dengan alasan kuat","netral"
"Pembekalan PKL dilaksanakan sebelum berangkat magang","netral"
"Pendaftaran konversi mata kuliah magang dibuka","netral"
"Jadwal imunisasi mahasiswa baru di klinik","netral"
"Ujian skripsi hanya bisa diikuti setelah lulus semua matkul","netral"
"Bimbingan karir diadakan tiap hari Selasa","netral"
"Pendaftaran program wirausaha muda sudah dimulai","netral"
"Tes psikologi untuk mahasiswa baru sudah dijadwalkan","netral"
"Ruang baca 24 jam hanya berlaku saat ujian akhir","netral"
"Mahasiswa bisa mengajukan beasiswa kurang mampu","netral"
"Jadwal seminar KP bisa dilihat di mading","netral"
"Praktikum diliburkan saat minggu tenang","netral"
"Pengumuman dosen berprestasi ditempel di lobby","netral"
"Tidak ada kelas di hari pemilu","netral"
"Kegiatan ormawa dihentikan selama masa ujian","netral"
"Mahasiswa wajib isi KRS sebelum masa perwalian","netral"
"Jadwal kuliah semester depan bisa diakses online","netral"
"Ruangan praktikum dipindah karena renovasi","netral"
"Mahasiswa diwajibkan menggunakan sepatu hitam","netral"
"Jadwal sidang skripsi disesuaikan dengan ketersediaan dosen","netral"
"Pembayaran daftar ulang sudah bisa dilakukan","netral"
"Pendaftaran sertifikasi kompetensi dibuka","netral"
"Mahasiswa diharapkan membawa laptop sendiri","netral"
"Praktikum bahasa asing di lab bahasa lantai 3","netral"
"Ujian lisan dilaksanakan setelah ujian tulis","netral"
"Pengisian evaluasi dosen oleh mahasiswa sudah dimulai","netral"
"Mahasiswa baru wajib ikut tes penempatan bahasa","netral"
"Batas akhir pengumpulan proposal hibah penelitian","netral"
"Jadwal pertemuan dengan dosen wali diinformasikan via email","netral"
"Peminjaman ruang untuk acara ormawa harus seizin TU","netral"
"Pengumuman juara lomba debat konstitusi sudah keluar","netral"
"Mahasiswa tingkat akhir diminta mengisi tracer study","netral"
"Pendaftaran volunteer mengajar di desa dibuka","netral"
"Jadwal kelas karyawan disesuaikan dengan jam kantor","netral"
"Tersedia layanan legalisir online berbayar","netral"
"Mahasiswa dihimbau tidak memakai sandal jepit","netral"
"Praktikum lapangan di kebun percobaan diliburkan","netral"
"Pengumuman peserta lomba karya tulis ilmiah sudah keluar","netral"
"Jadwal simulasi bencana di fakultas teknik","netral"
"Pendaftaran pelatihan jurnalistik kampus dibuka","netral"
"Mahasiswa penerima KIP kuliah wajib lapor semester","netral"
"Jadwal pameran tugas akhir arsitektur diperpanjang","netral"
"Pengumuman rekruitmen asisten lab fisika dasar","netral"
"Mahasiswa boleh mengajukan cuti dua semester","netral"
"Kuliah umum kewirausahaan dihadiri pengusaha muda","netral"
"Jadwal pendadaran untuk gelombang 2 sudah keluar","netral"
"Mahasiswa diwajibkan mengembalikan buku perpustakaan tepat waktu","netral"
"Portal akademik sangat intuitif dan mudah dinavigasi","positif"
"Informasi jadwal kuliah selalu update tepat waktu","positif"
"Pelayanan di bagian kemahasiswaan sangat ramah","positif"
"Fasilitas parkir sepeda motor sangat tertata rapi","positif"
"Dosen memberikan feedback tugas dengan sangat detail","positif"
"Ruang kelas bersih dan AC berfungsi optimal","positif"
"Koneksi WiFi di perpustakaan sangat cepat","positif"
"Staff TU sangat membantu proses legalisir","positif"
"Program beasiswa internal sangat meringankan UKT","positif"
"Kantin menyediakan makanan yang bersih dan enak","positif"
"Sistem pembelajaran blended learning sangat fleksibel","positif"
"Dosen pembimbing akademik sangat perhatian","positif"
"Fasilitas laboratorium komputer sangat memadai","positif"
"Pelayanan klinik kampus cepat dan obat lengkap","positif"
"Website e-learning mudah diakses dari mobile","positif"
"Proses daftar ulang sangat simpel dan paperless","positif"
"Ruang tunggu dosen sangat nyaman dan ber-AC","positif"
"Koleksi e-book perpustakaan sangat lengkap","positif"
"Jalur pedestrian di kampus sangat lebar dan teduh","positif"
"Petugas kebersihan sangat sigap membersihkan area","positif"
"Acara seminar yang diadakan kampus sangat inspiratif","positif"
"Proses pencairan dana PKM sangat transparan","positif"
"Dosen selalu tepat waktu masuk ke kelas","positif"
"Fasilitas charger laptop tersedia di banyak sudut","positif"
"Lingkungan kampus sangat aman untuk berjalan malam","positif"
"Respon admin jurusan di WhatsApp sangat cepat","positif"
"Peralatan musik di UKM sangat modern","positif"
"Proses bimbingan skripsi online sangat efisien","positif"
"Air minum reverse osmosis gratis di tiap lantai","positif"
"Taman kampus sangat asri untuk tempat diskusi","positif"
"Pembayaran SPP bisa via mobile banking","positif"
"Ruang sidang skripsi representatif dan tenang","positif"
"Keamanan kampus 24 jam sangat terjamin","positif"
"Pelatihan soft skill yang diadakan CDC sangat berguna","positif"
"Fasilitas ibadah masjid kampus sangat luas dan bersih","positif"
"Standar penilaian dosen sangat objektif","positif"
"Program magang MBKM sangat membantu pengalaman kerja","positif"
"Tersedia akses gratis ke platform pembelajaran online","positif"
"Loker penyimpanan barang di perpus aman dan modern","positif"
"Dosen dengan senang hati berbagi materi tambahan","positif"
"Sistem informasi akademik jarang sekali down","positif"
"Fasilitas olahraga basket dan futsal sangat terawat","positif"
"Kegiatan orientasi mahasiswa baru sangat edukatif","positif"
"Proses revisi skripsi dipermudah dengan Google Drive","positif"
"Staff perpustakaan sangat membantu pencarian referensi","positif"
"Ruang teater fakultas memiliki sound system yang jernih","positif"
"Adanya gerai kopi di perpus menambah semangat belajar","positif"
"Program student exchange ke luar negeri sangat bagus","positif"
"Informasi lomba dan kompetisi selalu tersebar merata","positif"
"Pihak kampus tanggap terhadap keluhan fasilitas","positif"
"Suasana kampus di sore hari sangat nyaman","positif"
"Koperasi menjual kebutuhan mahasiswa dengan lengkap","positif"
"Metode pengajaran dosen sangat variatif tidak monoton","positif"
"Tersedia ruang menyusui yang bersih dan tertutup","positif"
"Parkir mobil yang luas membuat tidak perlu berebut","positif"
"Mahasiswa baru disambut dengan sangat meriah","positif"
"Tersedia ribuan jurnal internasional gratis","positif"
"Ruang kelas memiliki jendela besar dan pemandangan hijau","positif"
"Proses pengajuan cuti akademik sangat mudah","positif"
"Alat praktikum di lab fisika terkalibrasi dengan baik","positif"
"Dosen pembimbing sangat open minded terhadap topik baru","positif"
"Kuliah tamu dari praktisi industri sangat membuka wawasan","positif"
"Proyektor di setiap ruang kelas sangat terang dan jelas","positif"
"Tidak ada antrian panjang saat pembayaran di bank mitra","positif"
"Klinik kampus menyediakan layanan konsultasi gizi","positif"
"Mahasiswa dengan mudah mengakses transkrip nilai online","positif"
"Fasilitas difabel berupa ramp dan lift tersedia","positif"
"Kegiatan UKM sangat aktif dan berprestasi di nasional","positif"
"Dosen sering mengajak diskusi di luar jam kelas","positif"
"Tempat parkir terlindung dari panas dan hujan","positif"
"Pihak rektorat sangat mendukung riset mahasiswa","positif"
"Pelayanan beasiswa Kartu Indonesia Pintar sangat baik","positif"
"Meja dan kursi di ruang baca sangat ergonomis","positif"
"Petugas keamanan selalu menyapa dengan senyuman","positif"
"Proses yudisium berjalan lancar tanpa hambatan","positif"
"Vending machine menyediakan snack sehat dan murah","positif"
"Pengumuman akademik disampaikan secara real-time","positif"
"Ruang diskusi dilengkapi papan tulis kaca modern","positif"
"Dosen wali selalu mengingatkan jadwal perwalian","positif"
"Program pertukaran mahasiswa nusantara sangat seru","positif"
"Kualitas udara di dalam kampus sangat segar","positif"
"Pelatihan jurnalistik UKM Pers sangat profesional","positif"
"Kantin menyediakan opsi pembayaran cashless","positif"
"Alat pemadam kebakaran terlihat baru dan terawat","positif"
"Website kampus memiliki tampilan yang modern","positif"
"Pembekalan PKL membuat mahasiswa siap kerja","positif"
"Tersedia tempat sampah daur ulang yang kreatif","positif"
"Mahasiswa dapat meminjam buku hingga 2 minggu","positif"
"Kegiatan donor darah rutin diadakan setiap 3 bulan","positif"
"Dosen tidak sungkan mengajar di luar jam kerja","positif"
"Sistem presensi menggunakan QR code sangat praktis","positif"
"Petugas TU memberikan pelayanan prima tanpa pamrih","positif"
"Perpustakaan menyediakan ruang diskusi kedap suara","positif"
"Program konseling sebaya sangat membantu mahasiswa baru","positif"
"Acara wisuda diselenggarakan dengan khidmat dan meriah","positif"
"Adanya taman baca di luar perpus menambah kenyamanan","positif"
"Dosen pembimbing lapangan KKN sangat peduli desa","positif"
"Mahasiswa diberikan kebebasan berekspresi di kampus","positif"
"Program inkubasi bisnis mahasiswa sangat sukses","positif"
"Layanan antar jemput bandara saat wisuda sangat membantu","positif"
"Fasilitas olahraga malam hari memiliki penerangan cukup","positif"
"Kartu mahasiswa berlaku juga sebagai kartu perpustakaan","positif"
"Tersedia air conditioner di seluruh ruang sekretariat UKM","positif"
"Pelatihan TOEFL di Pusat Bahasa sangat efektif","positif"
"Majalah dinding kampus selalu menampilkan info terbaru","positif"
"Mahasiswa difasilitasi pembuatan Hak Cipta karya","positif"
"Dosen killer namun sangat menguasai materi","positif"
"Lahan parkir motor dilengkapi CCTV 24 jam","positif"
"Jadwal ujian tidak pernah bentrok dengan libur nasional","positif"
"Peralatan kesenian daerah di UKM sangat lengkap","positif"
"Petugas laboran membantu menyiapkan alat praktikum","positif"
"Lingkungan kampus sangat toleran antar umat beragama","positif"
"Program bantuan kuota internet untuk kuliah daring","positif"
"Dosen sering memberikan tips magang di perusahaan bonafit","positif"
"Kelas pengganti diinfokan jauh-jauh hari","positif"
"Proses pengurusan surat keterangan lulus sangat cepat","positif"
"Fasilitas gym center buka dari pagi hingga malam","positif"
"Mahasiswa baru mendapat banyak teman dari luar pulau","positif"
"Website perpustakaan mudah untuk mencari katalog buku","positif"
"Rektor sering menyapa mahasiswa di kantin","positif"
"Seminar internasional sering diadakan secara gratis","positif"
"Ruang panitia acara kampus sangat representatif","positif"
"Proses perpanjangan masa studi mudah diurus","positif"
"Adanya jalur sepeda membuat kampus bebas polusi","positif"
"Mahasiswa dapat mencetak dokumen secara mandiri","positif"
"Program asrama mahasiswa baru sangat nyaman","positif"
"Biaya fotokopi di koperasi sangat murah","positif"
"Pelayanan di kantor pos kampus sangat cepat","positif"
"UKM robotika memiliki banyak prestasi internasional","positif"
"Dosen senior sangat humble dan mau belajar teknologi","positif"
"Tersedia tempat penitipan sepatu di masjid","positif"
"Program bahasa asing gratis untuk mahasiswa","positif"
"Kantin fakultas teknik porsinya sangat banyak","positif"
"Sistem informasi wisuda online sangat informatif","positif"
"Kebersihan toilet di gedung baru sangat terjaga","positif"
"Mahasiswa dilibatkan dalam penilaian kinerja dosen","positif"
"Tersedia beasiswa prestasi non akademik","positif"
"Ruang perwalian dosen tertata rapi dan bersih","positif"
"Lapangan upacara memiliki rumput yang terawat","positif"
"Program magang di instansi pemerintah sangat diminati","positif"
"Adanya jalur evakuasi yang jelas di setiap gedung","positif"
"Petugas kebersihan selalu menyemprot disinfektan","positif"
"Mahasiswa dapat request buku baru di perpustakaan","positif"
"Fasilitas ruang podcast untuk UKM Jurnalistik","positif"
"Lingkungan fakultas sangat hijau dan rindang","positif"
"Kegiatan bazaar murah di awal semester","positif"
"Proses pembuatan surat keterangan aktif kuliah instan","positif"
"Acara pentas seni mahasiswa sangat menghibur","positif"
"Dosen tamu dari Harvard memberikan kuliah inspiratif","positif"
"Tempat sampah pintar hasil karya mahasiswa","positif"
"Pengumuman nilai UAS transparan via portal","positif"
"Mahasiswa diberikan akses Microsoft Office 365 gratis","positif"
"Unit kegiatan mahasiswa pecinta alam sangat aktif","positif"
"Fasilitas ATMs center berbagai bank tersedia","positif"
"Petugas keamanan membantu menyeberangkan mahasiswa","positif"
"Tersedia layanan antar jemput mahasiswa disabilitas","positif"
"Proses pembayaran UKT bisa dicicil 6 kali","positif"
"Dosen pembimbing akademik memberikan wejangan hidup","positif"
"Ruang seminar dilengkapi dengan kursi yang empuk","positif"
"Website resmi kampus menyediakan info beasiswa lengkap","positif"
"Alat penunjang presentasi seperti clicker tersedia","positif"
"Pencahayaan di dalam kelas sangat baik untuk mata","positif"
"Petugas resepsionis fakultas sangat informatif","positif"
"Kampus menyediakan bank sampah untuk daur ulang","positif"
"Program pertukaran pelajar ke Jepang sangat diminati","positif"
"Kantin fakultas hukum memiliki suasana yang tenang","positif"
"Mahasiswa bisa meminjam kunci ruangan dengan mudah","positif"
"Dosen memberikan contoh soal ujian yang relevan","positif"
"Pembina UKM basket adalah mantan atlet nasional","positif"
"Fasilitas charger HP di bus kampus sangat membantu","positif"
"Ruang ibadah selalu wangi dan sejuk","positif"
"Mahasiswa mendapatkan diskon di tenant sekitar kampus","positif"
"Proses pendaftaran wisuda bisa dilakukan dari rumah","positif"
"Dosen sangat menghargai pendapat mahasiswa","positif"
"Tersedia air minum panas untuk membuat kopi","positif"
"Pelayanan di bagian akademik sangat profesional","positif"
"Mahasiswa dapat menggunakan laptop di perpustakaan","positif"
"Program wirausaha muda memberikan modal usaha","positif"
"Fasilitas olahraga panjat tebing sangat menantang","positif"
"Suasana kelas sangat kondusif untuk belajar","positif"
"Staff TU hafal prosedur pelayanan di luar kepala","positif"
"Acara wisuda dihadiri tokoh nasional","positif"
"Pengisian borang evaluasi dosen sangat mudah","positif"
"Tersedia ruang istirahat untuk mahasiswa yang kurang fit","positif"
"Koneksi internet di laboratorium komputer super cepat","positif"
"Mahasiswa berprestasi di tingkat nasional diberi bebas UKT","positif"
"Perpustakaan digital bisa diakses 24 jam","positif"
"Ruang kelas selalu dibersihkan sebelum jam kuliah","positif"
"Dosen pembimbing skripsi sangat teliti","positif"
"Fasilitas untuk mahasiswa difabel sangat lengkap","positif"
"Pelatihan penulisan CV dan interview kerja gratis","positif"
"Kantin mahasiswa menyediakan menu diet sehat","positif"
"Proses pengambilan ijazah cepat dan mudah","positif"
"Mahasiswa dapat meminjam alat olahraga dengan KTM","positif"
"Ruang baca memiliki banyak colokan listrik","positif"
"Pihak kampus memberikan apresiasi bagi penulis jurnal","positif"
"Jadwal kelas online disesuaikan dengan permintaan mahasiswa","positif"
"Kampus memiliki mini forest untuk penelitian biologi","positif"
"Dosen selalu memberikan motivasi di akhir kuliah","positif"
"Sistem informasi kemahasiswaan sangat transparan","positif"
"Petugas parkir sangat bertanggung jawab","positif"
"Adanya gerai ATM yang jarang kehabisan uang","positif"
"Kegiatan komunitas literasi sangat hidup","positif"
"Program magang bersertifikat sangat diakui industri","positif"
"Fasilitas kebersihan di toilet wanita sangat lengkap","positif"
"Mahasiswa bisa konsultasi psikolog secara online","positif"
"Pencahayaan di area parkir sangat terang","positif"
"Kualitas suara di ruang ujian listening sangat jernih","positif"
"Buku teks wajib tersedia dalam bentuk e-book gratis","positif"
"Mahasiswa diberikan kebebasan memilih topik penelitian","positif"
"Pelayanan konsultasi pajak untuk mahasiswa asing","positif"
"Acara car free day di dalam kampus setiap minggu","positif"
"Dosen selalu menggunakan media pembelajaran interaktif","positif"
"Ruangan praktikum dilengkapi pendingin ruangan","positif"
"Petugas keamanan tidak mempersulit tamu kampus","positif"
"Fasilitas mushola putri sangat nyaman dan luas","positif"
"Mahasiswa dapat mengunduh sertifikat kegiatan otomatis","positif"
"Program mentoring akademik antar mahasiswa berjalan baik","positif"
"Tersedia area hotspot yang menjangkau seluruh sudut","positif"
"Pelayanan kerohanian untuk semua agama terfasilitasi","positif"
"Lingkungan kampus sangat bersih dari sampah plastik","positif"
"UKM Tari memiliki jadwal latihan yang rutin","positif"
"Proses penjadwalan ulang kuliah sangat fleksibel","positif"
"Mahasiswa boleh menggunakan laboratorium di luar jam","positif"
"Ruang sidang skripsi menggunakan AC yang dingin","positif"
"Kantin menyediakan opsi menu untuk alergi makanan","positif"
"Pembina kemahasiswaan sangat dekat dengan mahasiswa","positif"
"Alat tulis kantor di sekretariat selalu tersedia","positif"
"Perpustakaan menyediakan layanan cetak 3D","positif"
"Tempat wudhu selalu bersih dan airnya lancar","positif"
"Mahasiswa bisa mengakses laboratorium 24 jam","positif"
"Informasi perubahan jadwal selalu sampai ke mahasiswa","positif"
"Program kreativitas mahasiswa didanai penuh","positif"
"Proses legalisir transkrip nilai bisa lewat ojek online","positif"
"Ruang baca 24 jam memiliki fasilitas selimut","positif"
"Dosen tamu internasional memberikan kuliah via zoom","positif"
"Kampus bebas dari asap rokok di area gedung","positif"
"Mahasiswa baru mendapatkan kartu akses lift","positif"
"Kegiatan UKM basket rutin sparing dengan kampus lain","positif"
"Sistem antrian loket TU menggunakan nomor online","positif"
"Tersedia tempat sampah khusus masker medis","positif"
"Mahasiswa difasilitasi membuat SIM dan SKCK","positif"
"Dosen pembimbing magang rutin mengunjungi lokasi","positif"
"Pelatihan public speaking diadakan tiap bulan","positif"
"Fasilitas studio foto untuk mahasiswa DKV","positif"
"Ruang himpunan mahasiswa sangat homey","positif"
"Mahasiswa bisa meminjam payung di lobby","positif"
"Proses pendaftaran PKM online dan user friendly","positif"
"Kantin menyediakan sarapan dengan harga Rp 5000","positif"
"Alat pemotong rumput tidak bising mengganggu kuliah","positif"
"Kampus menyediakan layanan bus malam gratis","positif"
"Dosen sering membawa makanan untuk mahasiswa bimbingan","positif"
"Fasilitas mesin jahit di UKM Fashion modern","positif"
"Mahasiswa bisa reservasi ruang diskusi via aplikasi","positif"
"Acara pelepasan wisuda sangat mengharukan","positif"
"Pelayanan administrasi beasiswa tepat waktu","positif"
"Ruang karantina maket arsitektur sangat luas","positif"
"Mahasiswa dengan IPK tinggi diprioritaskan dapat beasiswa","positif"
"Proses banding UKT dipermudah dengan sistem online","positif"
"Tersedia kursi pijat elektrik di perpustakaan","positif"
"Lapangan olahraga bisa digunakan untuk umum","positif"
"UKM Musik memiliki studio rekaman sendiri","positif"
"Pihak kampus memberikan seragam olahraga gratis","positif"
"Dosen wali mengadakan makan siang bersama","positif"
"Ruang kelas memiliki insulasi suara yang baik","positif"
"Mahasiswa dapat mengakses Zoom Premium kampus","positif"
"Fasilitas cuci tangan otomatis di setiap pintu","positif"
"Koperasi mahasiswa menjual pulsa dengan harga normal","positif"
"Program magang ke luar negeri dibuka untuk umum","positif"
"Klinik kampus menyediakan layanan dokter gigi","positif"
"Alat fitness di gym center menggunakan teknologi terkini","positif"
"Mahasiswa baru diberikan jaket almamater kualitas baik","positif"
"Proses pengambilan SKPI tidak dipungut biaya","positif"
"Tersedia tempat penitipan sepeda yang aman","positif"
"Pembayaran uang gedung bisa diangsur 12 bulan","positif"
"Dosen pembimbing proposal sangat komunikatif","positif"
"Perpustakaan pusat menyediakan ruang audio visual","positif"
"Mahasiswa bisa request perbaikan fasilitas via app","positif"
"Kegiatan ramadhan di kampus sangat meriah","positif"
"Pelayanan referensi di perpustakaan sangat membantu","positif"
"Loker mahasiswa menggunakan sistem password digital","positif"
"Ruang tunggu di gedung rektorat sangat artistik","positif"
"Mahasiswa mendapatkan asuransi kecelakaan diri","positif"
"Program English Camp gratis untuk mahasiswa","positif"
"Fasilitas charger mobil listrik di area parkir","positif"
"Petugas TU selalu mengingatkan persyaratan dokumen","positif"
"Ruang ibadah lintas agama berdampingan dengan damai","positif"
"Mahasiswa dapat mencetak poster A3 di lab komputer","positif"
"Kantin pusat memiliki area lesehan yang cozy","positif"
"Proses pengajuan KIP Kuliah dipandu sampai selesai","positif"
"Dosen pembimbing KKN turun langsung ke lokasi","positif"
"Adanya program kakak asuh untuk mahasiswa baru","positif"
"Ruang pameran seni rupa selalu berganti tema","positif"
"Mahasiswa asing dibantu mengurus izin tinggal","positif"
"Kegiatan workshop fotografi gratis untuk umum","positif"
"Fasilitas meja pingpong di selasar gedung","positif"
"Pelatihan penulisan artikel ilmiah terindeks Scopus","positif"
"Tersedia alat tensi darah otomatis di klinik","positif"
"Mahasiswa bisa mengajukan penelitian mandiri","positif"
"Suasana kampus di malam hari terang benderang","positif"
"UKM Paduan Suara sering tampil di televisi","positif"
"Proses pembuatan surat rekomendasi cepat","positif"
"Fasilitas perpustakaan ramah untuk tuna netra","positif"
"Ruang baca outdoor di taman belakang kampus","positif"
"Dosen memberikan e-book referensi secara cuma-cuma","positif"
"Pelayanan informasi via chatbot WhatsApp cepat","positif"
"Kampus menyediakan layanan antar jemput stasiun","positif"
"Mahasiswa boleh menggunakan sepatu bebas asal rapi","positif"
"Tersedia kopi tubruk gratis di ruang dosen","positif"
"Program bantuan modal usaha untuk mahasiswa","positif"
"Ruang kelas dengan konsep smart classroom","positif"
"Petugas kebun menanam bunga warna-warni","positif"
"Mahasiswa dapat meminjam jas laboratorium","positif"
"Kantin menyediakan opsi take away box","positif"
"Kegiatan olahraga bersama setiap Jumat pagi","positif"
"Proses pendaftaran seminar internasional mudah","positif"
"Ruang sekretariat BEM luas dan ber-AC","positif"
"Mahasiswa bisa menggunakan komputer perpus 2 jam","positif"
"Tersedia wastafel di depan setiap ruang kelas","positif"
"UKM Teater memiliki panggung pertunjukan sendiri","positif"
"Pelatihan software engineering gratis dari alumni","positif"
"Tempat parkir motor dilengkapi kompresor angin","positif"
"Mahasiswa mendapatkan diskon kursus bahasa asing","positif"
"Fasilitas toilet duduk di semua gedung baru","positif"
"Proses mutasi mahasiswa antar prodi dipermudah","positif"
"Pembina UKM memberikan sertifikat pelatihan","positif"
"Ruang ujian susulan disediakan dengan nyaman","positif"
"Mahasiswa bisa mengunduh materi kuliah lengkap","positif"
"Kegiatan outbound untuk membangun teamwork","positif"
"Pelayanan perpustakaan keliling di area taman","positif"
"Tersedia dispenser air dingin dan panas","positif"
"Mahasiswa bisa meminjam kabel HDMI di TU","positif"
"Ruang karir menyediakan info lowongan kerja update","positif"
"Proses peminjaman ruang melalui sistem online","positif"
"Fasilitas meja belajar di taman sangat nyaman","positif"
"UKM Bulutangkis memiliki lapangan sendiri","positif"
"Petugas TU selalu tersenyum melayani mahasiswa","positif"
"Kampus menyediakan layanan legalisir keliling","positif"
"Mahasiswa bisa mengikuti kelas yoga gratis","positif"
"Tersedia area merokok yang jauh dari gedung","positif"
"Program bantuan laptop untuk mahasiswa kurang mampu","positif"
"Ruang seminar memiliki layar LED besar","positif"
"Pelayanan kartu tanda mahasiswa digital","positif"
"Kegiatan donor darah mendapatkan apresiasi kampus","positif"
"Mahasiswa dapat mengajukan dispensasi UKT","positif"
"Proses konversi nilai magang diakui penuh","positif"
"Fasilitas keamanan menggunakan face recognition","positif"
"Ruang baca memiliki sofa yang empuk","positif"
"Tersedia beasiswa penelitian untuk skripsi","positif"
"Kantin menyediakan menu makanan tradisional","positif"
"Dosen pembimbing skripsi memberikan koreksi jelas","positif"
"Pelatihan desain grafis gratis untuk mahasiswa","positif"
"Alat pemadam kebakaran tersedia di setiap sudut","positif"
"Mahasiswa dapat menggunakan sepeda kampus gratis","positif"
"Ruang kelas dengan konsep taman terbuka","positif"
"UKM Catur memiliki papan catur raksasa","positif"
"Proses pengurusan beasiswa BBM tepat waktu","positif"
"Fasilitas olahraga voli pantai di belakang kampus","positif"
"Tersedia tempat penitipan anak di klinik","positif"
"Mahasiswa bisa meminjam alat camping di UKM Pecinta Alam","positif"
"Pelayanan informasi akademik 24 jam via email","positif"
"Program kewirausahaan memberikan pendampingan usaha","positif"
"Ruang himpunan memiliki perpustakaan mini","positif"
"Mahasiswa bisa mencetak dokumen via print cloud","positif"
"Kegiatan festival budaya nusantara tiap tahun","positif"
"Fasilitas sabun cuci tangan selalu terisi","positif"
"UKM Jurnalistik menerbitkan majalah cetak bulanan","positif"
"Proses cuti akademik tidak dipersulit","positif"
"Ruang tunggu dosen tamu sangat representatif","positif"
"Mahasiswa mendapatkan notifikasi tagihan UKT tepat waktu","positif"
"Tersedia layanan peminjaman payung di setiap gedung","positif"
"Pelatihan menjahit gratis di UKM Fashion","positif"
"Fasilitas ruang podcast bisa digunakan mahasiswa","positif"
"Mahasiswa bisa mengakses Canva Pro kampus","positif"
"Ruang kelas dengan meja yang bisa diatur fleksibel","positif"
"Petugas kebersihan menyapu setiap 2 jam sekali","positif"
"Kegiatan bakti sosial ke panti asuhan rutin","positif"
"Program magang di BUMN sangat kompetitif","positif"
"Tersedia layanan fotokopi 24 jam di dekat gerbang","positif"
"Mahasiswa bisa meminjam gitar akustik di UKM Musik","positif"
"Ruang baca outdoor di lantai rooftop gedung","positif"
"Proses daftar ulang mahasiswa baru sangat tertib","positif"
"Fasilitas ruang kesehatan di tiap fakultas","positif"
"Kampus menyediakan layanan internet unlimited","positif"
"Mahasiswa dapat mendownload software original gratis","positif"
"Ruang seminar dilengkapi dengan papan tulis digital","positif"
"Pelatihan TOEFL preparation sangat intensif","positif"
"UKM Kewirausahaan memiliki toko oleh-oleh kampus","positif"
"Fasilitas meja kerja di koridor untuk mengerjakan tugas","positif"
"Tersedia tempat sampah khusus baterai bekas","positif"
"Mahasiswa bisa mengikuti program magang bersertifikat","positif"
"Ruang ujian dilengkapi jam dinding digital","positif"
"Kegiatan buka puasa bersama civitas akademika","positif"
"Pelayanan kesehatan jiwa di klinik psikologi","positif"
"Program beasiswa full bright untuk S2","positif"
"Mahasiswa bisa meminjam harddisk external di perpus","positif"
"Ruang kelas memiliki akses untuk kursi roda","positif"
"Tersedia alat pengisian ulang tinta printer","positif"
"UKM Seni Rupa memiliki galeri pameran tetap","positif"
"Proses penyelesaian skripsi tepat waktu","positif"
"Fasilitas colokan listrik di bawah meja kuliah","positif"
"Mahasiswa bisa mengakses ruang gamelan","positif"
"Kantin menyediakan paket catering untuk rapat","positif"
"Pelatihan data science menggunakan Python gratis","positif"
"Ruang tunggu klinik memiliki televisi kabel","positif"
"Mahasiswa dapat meminjam alat tulis di perpustakaan","positif"
"Program magang di perusahaan startup digital","positif"
"Fasilitas sajadah dan mukena bersih di mushola","positif"
"Tersedia tempat sampah pilah warna warni","positif"
"Mahasiswa bisa mendapatkan sertifikat BNSP","positif"
"Ruang kelas dengan konsep co-working space","positif"
"UKM Robotik memiliki lab dengan akses 24 jam","positif"
"Kegiatan orientasi studi lanjut S2 dan S3","positif"
"Pelayanan surat izin penelitian ke instansi","positif"
"Tersedia air conditioner di kantin fakultas","positif"
"Mahasiswa bisa mencetak dokumen A0 di lab arsitektur","positif"
"Ruang baca anak untuk mahasiswa yang punya balita","positif"
"Fasilitas kursi roda listrik di gedung rektorat","positif"
"Proses wisuda berjalan dengan protokol kesehatan","positif"
"Mahasiswa bisa mengakses laboratorium bahasa digital","positif"
"Tersedia menu sarapan sehat di kantin","positif"
"UKM Pramuka memiliki bumi perkemahan sendiri","positif"
"Pelatihan public speaking oleh praktisi TV","positif"
"Fasilitas mushala putra dan putri terpisah","positif"
"Mahasiswa bisa meminjam proyektor portable","positif"
"Ruang himpunan mahasiswa jurusan sangat modern","positif"
"Kegiatan festival film mahasiswa nasional","positif"
"Program beasiswa unggulan untuk mahasiswa S1","positif"
"Tersedia alat ukur tinggi dan berat badan digital","positif"
"Mahasiswa bisa menggunakan software statistik berlisensi","positif"
"Ruang diskusi dilengkapi dengan smart TV","positif"
"Petugas parkir melayani dengan ramah dan cekatan","positif"
"Fasilitas air minum galon diganti setiap hari","positif"
"UKM Jurnalistik memiliki studio mini untuk podcast","positif"
"Proses banding nilai dilakukan secara transparan","positif"
"Mahasiswa bisa mengakses jurnal nasional terakreditasi","positif"
"Tersedia kursi roda di pos keamanan","positif"
"Ruang ujian menggunakan sistem Computer Based Test","positif"
"Pelatihan menjahit tingkat dasar untuk umum","positif"
"Fasilitas tempat cuci tangan di setiap sudut","positif"
"Mahasiswa bisa meminjam buku di perpustakaan pusat","positif"
"Ruang seminar menggunakan sistem pencahayaan pintar","positif"
"Kegiatan senam pagi bersama setiap hari Jumat","positif"
"Program magang MBKM di kementerian buka luas","positif"
"Tersedia tempat sampah medis di klinik","positif"
"Mahasiswa bisa mengajukan bantuan kuota internet","positif"
"Ruang kelas dilengkapi dengan microphone wireless","positif"
"UKM Sepak Bola memiliki lapangan berstandar FIFA","positif"
"Fasilitas charger laptop di setiap meja perpus","positif"
"Petugas kebersihan membersihkan kaca setiap hari","positif"
"Proses pendaftaran yudisium online tanpa kertas","positif"
"Mahasiswa bisa mengikuti kelas bahasa isyarat","positif"
"Tersedia tempat istirahat untuk cleaning service","positif"
"Ruang tunggu di gedung jurusan sangat nyaman","positif"
"Program bantuan biaya hidup untuk mahasiswa","positif"
"Fasilitas ruang laktasi dengan kulkas ASI","positif"
"Mahasiswa bisa meminjam alat musik di UKM","positif"
"Kantin menyediakan paket nasi kotak murah","positif"
"Pelatihan menulis proposal penelitian hibah","positif"
"Ruang kelas dengan akses internet kabel","positif"
"UKM Taekwondo memiliki matras latihan baru","positif"
"Fasilitas CCTV di setiap lorong gedung","positif"
"Mahasiswa bisa mencetak foto ukuran 4x6 di koperasi","positif"
"Tersedia kopi dan teh gratis di ruang dosen PA","positif"
"Program pertukaran mahasiswa ke Eropa","positif"
"Ruang baca memiliki koleksi majalah terbaru","positif"
"Mahasiswa bisa mengakses e-resources perpustakaan","positif"
"Fasilitas meja pingpong di selasar fakultas","positif"
"Pelatihan sertifikasi kompetensi berbiaya murah","positif"
"Ruang himpunan mahasiswa bersih dan rapi","positif"
"UKM Penelitian memiliki jurnal mahasiswa","positif"
"Proses pendaftaran KKN tematik mudah","positif"
"Mahasiswa bisa meminjam jas hujan di pos satpam","positif"
"Tersedia layanan konsultasi karir setiap hari","positif"
"Fasilitas tempat parkir sepeda yang aman","positif"
"Ruang kelas dengan ventilasi udara silang","positif"
"Kegiatan lomba debat bahasa Inggris rutin","positif"
"Program beasiswa untuk mahasiswa disabilitas","positif"
"Mahasiswa bisa menggunakan mesin fotokopi mandiri","positif"
"Tersedia ruang isolasi sementara di klinik","positif"
"UKM Paduan Suara sering menang lomba internasional","positif"
"Fasilitas keamanan dengan patroli rutin malam hari","positif"
"Pelatihan microsoft office untuk mahasiswa baru","positif"
"Ruang tunggu di depan lift sangat luas","positif"
"Mahasiswa bisa mengakses WiFi tanpa login","positif"
"Tersedia menu minuman sehat tanpa gula","positif"
"Program magang di rumah sakit pendidikan","positif"
"Fasilitas ruang baca dengan lampu baca individual","positif"
"UKM Futsal memiliki jersey tim yang bagus","positif"
"Proses pembuatan surat pengantar PKL mudah","positif"
"Mahasiswa bisa meminjam kalkulator scientific di lab","positif"
"Tersedia ruang menyusui dengan sofa empuk","positif"
"Ruang kelas dengan sistem audio surround","positif"
"Kegiatan peringatan hari besar nasional meriah","positif"
"Pelayanan resepsionis yang ramah dan informatif","positif"
"Fasilitas taman vertikal di gedung fakultas","positif"
"Mahasiswa bisa mendapatkan vaksin flu gratis","positif"
"Tersedia beasiswa prestasi untuk atlet","positif"
"UKM Tari Saman sering diundang ke Istana Negara","positif"
"Proses pendaftaran seminar KP online","positif"
"Ruang himpunan mahasiswa memiliki AC","positif"
"Fasilitas loker berbahan stainless steel","positif"
"Mahasiswa bisa meminjam headset di lab bahasa","positif"
"Tersedia makanan ringan gratis saat ujian","positif"
"Program pendampingan psikologi untuk skripsi","positif"
"Ruang kelas dengan konsep outdoor class","positif"
"UKM Bulutangkis rutin mengadakan turnamen internal","positif"
"Fasilitas air minum isi ulang di setiap lantai","positif"
"Mahasiswa bisa menggunakan scanner di perpustakaan","positif"
"Pelatihan membuat CV ATS friendly","positif"
"Tersedia tempat sampah di bawah meja","positif"
"Ruang tunggu dosen pembimbing ber-AC","positif"
"Kegiatan donor plasma konvalesen","positif"
"Program beasiswa ikatan dinas perusahaan","positif"
"Mahasiswa bisa meminjam kamera DSLR di UKM","positif"
"Fasilitas tempat duduk di koridor yang nyaman","positif"
"UKM Kewirausahaan memiliki coffee shop sendiri","positif"
"Proses pengajuan dana kegiatan ormawa transparan","positif"
"Ruang baca outdoor di taman belakang","positif"
"Mahasiswa bisa mengakses software editing video","positif"
"Tersedia kursi lipat untuk acara di lapangan","positif"
"Pelatihan design thinking untuk mahasiswa","positif"
"Fasilitas genset untuk listrik cadangan","positif"
"Ruang seminar dengan kapasitas 500 orang","positif"
"Mahasiswa bisa meminjam bola di sekretariat UKM","positif"
"Tersedia kopi dan teh di ruang perpustakaan","positif"
"Program magang di perusahaan multinasional","positif"
"UKM Voli Pantai memiliki lapangan pasir putih","positif"
"Fasilitas tempat sampah khusus kertas","positif"
"Proses pendaftaran asisten dosen mudah","positif"
"Mahasiswa bisa menggunakan ruang teater untuk latihan","positif"
"Tersedia alat p3k di setiap lantai","positif"
"Ruang kelas dengan meja lipat modern","positif"
"Kegiatan workshop penulisan skripsi cepat","positif"
"Pelayanan informasi beasiswa melalui email","positif"
"Fasilitas jalur evakuasi gempa jelas","positif"
"Mahasiswa bisa meminjam payung di resepsionis","positif"
"Tersedia ruang bermain anak di daycare kampus","positif"
"UKM Silat memiliki pelatih nasional","positif"
"Proses pendaftaran proposal PKM didanai penuh","positif"
"Ruang himpunan mahasiswa memiliki dapur kecil","positif"
"Fasilitas mesin jahit di UKM Fashion","positif"
"Mahasiswa bisa mengakses Zoom tanpa batas waktu","positif"
"Tersedia layanan print 3D di perpustakaan","positif"
"Program beasiswa prestasi untuk mahasiswa","positif"
"Ruang baca dengan jendela besar menghadap taman","positif"
"UKM Pecinta Alam memiliki perlengkapan lengkap","positif"
"Fasilitas tempat sampah organik dan non organik","positif"
"Mahasiswa bisa meminjam laptop di perpustakaan","positif"
"Tersedia alat penghancur kertas di TU","positif"
"Pelatihan menulis artikel ilmiah gratis","positif"
"Ruang kelas dengan akses listrik di setiap meja","positif"
"Kegiatan festival makanan tradisional","positif"
"Program magang di kementerian luar negeri","positif"
"Mahasiswa bisa menggunakan software desain grafis","positif"
"Fasilitas toilet dengan air hangat","positif"
"Tersedia ruang tunggu untuk sopir","positif"
"UKM Renang memiliki jadwal latihan rutin","positif"
"Proses pengurusan surat keterangan sehat cepat","positif"
"Ruang himpunan mahasiswa luas dan bersih","positif"
"Fasilitas tempat parkir mobil dosen","positif"
"Mahasiswa bisa meminjam alat tulis di sekretariat","positif"
"Tersedia minuman jahe hangat di mushola","positif"
"Program pendampingan legalitas usaha","positif"
"Ruang kelas dengan proyektor ultra short throw","positif"
"UKM Catur mengadakan pertandingan online","positif"
"Fasilitas charger handphone di setiap meja baca","positif"
"Mahasiswa bisa mengakses jurnal predator free","positif"
"Pelatihan penggunaan Mendeley untuk sitasi","positif"
"Tersedia tempat sampah khusus masker","positif"
"Ruang tunggu tamu di rektorat ber-AC","positif"
"Kegiatan halal bi halal civitas akademika","positif"
"Program beasiswa untuk mahasiswa Papua","positif"
"Mahasiswa bisa meminjam speaker portable","positif"
"Fasilitas tempat wudhu yang selalu bersih","positif"
"UKM Taekwondo memiliki matras standar kompetisi","positif"
"Proses pendaftaran cuti akademik online","positif"
"Ruang himpunan mahasiswa ada televisi","positif"
"Fasilitas kebun percobaan untuk pertanian","positif"
"Mahasiswa bisa menggunakan mesin binding skripsi","positif"
"Tersedia layanan antar jemput mahasiswa baru","positif"
"Pelatihan membuat business plan","positif"
"Ruang kelas dengan papan tulis elektronik","positif"
"UKM Bulutangkis memiliki shuttlecock berkualitas","positif"
"Fasilitas loker dengan kunci kombinasi","positif"
"Mahasiswa bisa meminjam alat peraga praktikum","positif"
"Tersedia bantal leher di ruang baca","positif"
"Program magang di perbankan syariah","positif"
"Ruang seminar dengan kursi yang nyaman","positif"
"UKM Paduan Suara memiliki piano","positif"
"Fasilitas tempat sampah khusus kaleng","positif"
"Mahasiswa bisa mengakses turnitin untuk cek plagiat","positif"
"Tersedia kopi tubruk di kantin pagi hari","positif"
"Pelatihan manajemen waktu untuk mahasiswa","positif"
"Ruang kelas dengan lampu sensor gerak","positif"
"Kegiatan pameran buku murah tiap semester","positif"
"Program beasiswa untuk mahasiswa berprestasi","positif"
"Mahasiswa bisa meminjam alat ukur di lab teknik","positif"
"Fasilitas tempat parkir motor yang luas","positif"
"UKM Tari memiliki kostum tari yang lengkap","positif"
"Proses pendaftaran magang kampus merdeka mudah","positif"
"Ruang himpunan mahasiswa dilengkapi kipas angin","positif"
"Fasilitas genset saat listrik padam","positif"
"Mahasiswa bisa menggunakan software SPSS berlisensi","positif"
"Tersedia layanan legalisir ijazah via pos","positif"
"Pelatihan fotografi untuk pemula","positif"
"Ruang baca dengan pencahayaan alami","positif"
"UKM Sepak Bola memiliki bola latihan banyak","positif"
"Fasilitas tempat sampah tertutup otomatis","positif"
"Mahasiswa bisa meminjam alat gambar teknik","positif"
"Tersedia teh celup di pantry dosen","positif"
"Program magang di perusahaan teknologi","positif"
"Ruang kelas dengan lantai karpet","positif"
"UKM Robotik memiliki kit arduino lengkap","positif"
"Fasilitas tempat cuci sepeda motor","positif"
"Mahasiswa bisa mengakses e-book gratis","positif"
"Tersedia ruang ganti di klinik","positif"
"Pelatihan negosiasi gaji untuk fresh graduate","positif"
"Ruang tunggu di depan lift ber-AC","positif"
"Kegiatan bakti sosial ke desa binaan","positif"
"Program beasiswa untuk mahasiswa kurang mampu","positif"
"Mahasiswa bisa meminjam kabel roll di TU","positif"
"Fasilitas tempat sampah di setiap meja","positif"
"UKM Panjat Tebing memiliki wall climbing","positif"
"Proses pendaftaran yudisium gelombang 3","positif"
"Ruang himpunan mahasiswa ada papan dart","positif"
"Fasilitas tempat parkir mobil tamu","positif"
"Mahasiswa bisa menggunakan software ArcGIS","positif"
"Tersedia gula dan krimer di pantry","positif"
"Pelatihan menjahit tingkat lanjut","positif"
"Ruang kelas dengan kursi busa","positif"
"UKM Basket memiliki bola basket baru","positif"
"Fasilitas CCTV di area parkir","positif"
"Mahasiswa bisa meminjam alat safety di lab","positif"
"Tersedia layanan konsultasi skripsi online","positif"
"Program magang di lembaga penelitian","positif"
"Ruang baca dengan sofa malas","positif"
"UKM Pramuka memiliki tenda dome","positif"
"Fasilitas tempat sampah khusus plastik","positif"
"Mahasiswa bisa mengakses grammarly premium kampus","positif"
"Tersedia kopi luwak di kantin fakultas","positif"
"Pelatihan public speaking untuk karir","positif"
"Ruang kelas dengan jendela kedap suara","positif"
"Kegiatan lomba karya tulis ilmiah nasional","positif"
"Program beasiswa untuk mahasiswa bidikmisi","positif"
"Mahasiswa bisa meminjam alat musik tradisional","positif"
"Fasilitas tempat parkir sepeda lipat","positif"
"UKM Teater memiliki kostum drama","positif"
"Proses pendaftaran asisten praktikum online","positif"
"Ruang himpunan mahasiswa ada loker","positif"
"Fasilitas genset berkapasitas besar","positif"
"Mahasiswa bisa menggunakan software Matlab","positif"
"Tersedia minuman serbuk di pantry","positif"
"Pelatihan manajemen konflik","positif"
"Ruang baca dengan pemandangan kolam ikan","positif"
"UKM Voli memiliki net baru","positif"
"Fasilitas tempat sampah khusus kaca","positif"
"Mahasiswa bisa meminjam tripod kamera","positif"
"Tersedia layanan antar jemput karyawan","positif"
"Program magang di industri kreatif","positif"
"Ruang kelas dengan screen motorized","positif"
"UKM Paduan Suara memiliki konduktor profesional","positif"
"Fasilitas tempat parkir mobil rektor","positif"
"Mahasiswa bisa mengakses canva pro gratis","positif"
"Tersedia kopi susu di koperasi","positif"
"Pelatihan penulisan press release","positif"
"Ruang tunggu dengan majalah terbaru","positif"
"Kegiatan jalan sehat keluarga besar kampus","positif"
"Program beasiswa untuk mahasiswa atlet","positif"
"Mahasiswa bisa meminjam alat solder","positif"
"Fasilitas tempat sampah di taman","positif"
"UKM Bulutangkis memiliki raket cadangan","positif"
"Proses pendaftaran wisuda gelombang 2","positif"
"Ruang himpunan mahasiswa ada papan catur","positif"
"Fasilitas tempat parkir motor tamu","positif"
"Mahasiswa bisa menggunakan software AutoCAD","positif"
"Tersedia teh manis di kantin","positif"
"Pelatihan teknik presentasi memukau","positif"
"Ruang kelas dengan kipas angin besar","positif"
"UKM Robotik memiliki 3D printer","positif"
"Fasilitas CCTV di setiap gedung","positif"
"Mahasiswa bisa meminjam mikroskop di lab","positif"
"Tersedia layanan konseling karir","positif"
"Program magang di perusahaan BUMN","positif"
"Ruang baca dengan bean bag","positif"
"UKM Pramuka memiliki kompas","positif"
"Fasilitas tempat sampak khusus sampah B3","positif"
"Mahasiswa bisa mengakses google scholar","positif"
"Tersedia kopi robusta di kantin","positif"
"Pelatihan kepemimpinan mahasiswa","positif"
"Ruang kelas dengan whiteboard besar","positif"
"Kegiatan seminar nasional pendidikan","positif"
"Program beasiswa untuk mahasiswa asing","positif"
"Mahasiswa bisa meminjam gitar elektrik","positif"
"Fasilitas tempat parkir sepeda gunung","positif"
"UKM Tari memiliki properti tari","positif"
"Proses pendaftaran KKN tematik online","positif"
"Ruang himpunan mahasiswa ada meja baca","positif"
"Fasilitas genset otomatis","positif"
"Mahasiswa bisa menggunakan software Corel Draw","positif"
"Tersedia minuman isotonik di koperasi","positif"
"Pelatihan desain presentasi powerpoint","positif"
"Ruang tunggu dengan televisi layar datar","positif"
"UKM Sepak Bola memiliki cone latihan","positif"
"Fasilitas tempat sampah di koridor","positif"
"Mahasiswa bisa meminjam kamera mirrorless","positif"
"Tersedia layanan antar jemput bandara","positif"
"Program magang di perusahaan swasta","positif"
"Ruang kelas dengan AC inverter","positif"
"UKM Paduan Suara memiliki sound system","positif"
"Fasilitas tempat parkir mobil dekan","positif"
"Mahasiswa bisa mengakses LinkedIn Learning","positif"
"Tersedia kopi arabika di kantin pusat","positif"
"Pelatihan video editing untuk pemula","positif"
"Ruang baca dengan lampu meja","positif"
"Kegiatan donor darah massal","positif"
"Mahasiswa bisa meminjam alat bor listrik","positif"
"Fasilitas tempat sampah di toilet","positif"
"UKM Bulutangkis memiliki kok berkualitas","positif"
"Proses pendaftaran yudisium gelombang 1","positif"
"Ruang himpunan mahasiswa ada kursi tamu","positif"
"Fasilitas tempat parkir motor dosen","positif"
"Mahasiswa bisa menggunakan software SketchUp","positif"
"Tersedia teh tarik di kantin","positif"
"Pelatihan manajemen stress","positif"
"Ruang kelas dengan proyektor 4K","positif"
"UKM Robotik memiliki komponen elektronik","positif"
"Fasilitas CCTV di pintu gerbang","positif"
"Mahasiswa bisa meminjam termometer di lab","positif"
"Tersedia layanan konseling akademik","positif"
"Program magang di kementerian pendidikan","positif"
"Ruang tunggu dengan koran pagi","positif"
"UKM Pramuka memiliki tali temali","positif"
"Fasilitas tempat sampah khusus organik","positif"
"Mahasiswa bisa mengakses ResearchGate","positif"
"Tersedia kopi gayo di kantin fakultas","positif"
"Pelatihan pembuatan website","positif"
"Ruang kelas dengan kursi putar","positif"
"Kegiatan lomba debat konstitusi","positif"
"Mahasiswa bisa meminjam keyboard musik","positif"
"Fasilitas tempat parkir sepeda balap","positif"
"UKM Tari memiliki sound system mini","positif"
"Proses pendaftaran KKN reguler online","positif"
"Ruang himpunan mahasiswa ada papan tulis","positif"
"Fasilitas genset silent","positif"
"Mahasiswa bisa menggunakan software Adobe Premier","positif"
"Tersedia minuman berenergi di koperasi","positif"
"Pelatihan negosiasi bisnis","positif"
"Ruang baca dengan AC","positif"
"UKM Sepak Bola memiliki rompi latihan","positif"
"Fasilitas tempat sampah di selasar","positif"
"Mahasiswa bisa meminjam drone di UKM","positif"
"Tersedia layanan antar jemput stasiun","positif"
"Program magang di perusahaan asing","positif"
"Ruang kelas dengan lantai vinyl","positif"
"UKM Paduan Suara memiliki stand partitur","positif"
"Fasilitas tempat parkir mobil tamu VIP","positif"
"Mahasiswa bisa mengakses Udemy for Business","positif"
"Tersedia kopi toraja di kantin","positif"
"Pelatihan fotografi smartphone","positif"
"Ruang tunggu dengan AC central","positif"
"Kegiatan jalan sehat hari minggu","positif"
"Mahasiswa bisa meminjam alat las listrik","positif"
"Fasilitas tempat sampah di ruang kelas","positif"
"UKM Bulutangkis memiliki net portable","positif"
"Proses pendaftaran wisuda gelombang 3","positif"
"Ruang himpunan mahasiswa ada kipas angin","positif"
"Fasilitas tempat parkir motor tenda","positif"
"Mahasiswa bisa menggunakan software Filmora","positif"
"Tersedia teh hijau di kantin","positif"
"Pelatihan time management","positif"
"Ruang kelas dengan speaker active","positif"
"UKM Robotik memiliki sensor ultrasonik","positif"
"Fasilitas CCTV di perpustakaan","positif"
"Mahasiswa bisa meminjam multimeter di lab","positif"
"Tersedia layanan konseling pribadi","positif"
"Program magang di rumah sakit","positif"
"Ruang baca dengan koleksi koran","positif"
"UKM Pramuka memiliki tenda pleton","positif"
"Fasilitas tempat sampah khusus anorganik","positif"
"Mahasiswa bisa mengakses academia.edu","positif"
"Tersedia kopi lampung di kantin","positif"
"Pelatihan digital marketing","positif"
"Ruang kelas dengan meja kayu solid","positif"
"Kegiatan seminar internasional","positif"
"Program beasiswa untuk mahasiswa baru","positif"
"Mahasiswa bisa meminjam drum set","positif"
"UKM Tari memiliki panggung portable","positif"
"Proses pendaftaran KKN internasional online","positif"
"Ruang himpunan mahasiswa ada sofa","positif"
"Fasilitas genset super silent","positif"
"Mahasiswa bisa menggunakan software Adobe Photoshop","positif"
"Tersedia minuman jahe di mushola","positif"
"Pelatihan manajemen proyek","positif"
"Ruang tunggu dengan dispenser","positif"
"UKM Sepak Bola memiliki gawang portable","positif"
"Fasilitas tempat sampah di ruang dosen","positif"
"Mahasiswa bisa meminjam alat DJI Osmo","positif"
"Tersedia layanan antar jemput kampus","positif"
"Program magang di bank Indonesia","positif"
"Ruang kelas dengan AC standing","positif"
"UKM Paduan Suara memiliki keyboard","positif"
"Fasilitas tempat parkir mobil rektorat","positif"
"Mahasiswa bisa mengakses Coursera gratis","positif"
"Tersedia kopi flores di kantin","positif"
"Pelatihan content creator","positif"
"Ruang baca dengan sofa merah","positif"
"Kegiatan donor darah rutin","positif"
"Mahasiswa bisa meminjam alat gergaji mesin","positif"
"Fasilitas tempat sampah di lobby","positif"
"UKM Bulutangkis memiliki tiang net","positif"
"Proses pendaftaran yudisium gelombang 4","positif"
"Ruang himpunan mahasiswa ada lemari","positif"
"Fasilitas tempat parkir motor beratap","positif"
"Mahasiswa bisa menggunakan software Adobe Illustrator","positif"
"Tersedia teh lemon di kantin","positif"
"Pelatihan entrepreneurship","positif"
"Ruang kelas dengan smart board","positif"
"UKM Robotik memiliki motor servo","positif"
"Fasilitas CCTV di kantin","positif"
"Mahasiswa bisa meminjam power supply di lab","positif"
"Tersedia layanan konseling kelompok","positif"
"Program magang di perusahaan logistik","positif"
"Ruang tunggu dengan kipas angin","positif"
"UKM Pramuka memiliki nesting","positif"
"Mahasiswa bisa mengakses ScienceDirect","positif"
"Tersedia kopi jawa di kantin","positif"
"Pelatihan public relation","positif"
"Ruang kelas dengan tirai otomatis","positif"
"Kegiatan lomba cerdas cermat","positif"
"Program beasiswa untuk mahasiswa pindahan","positif"
"Mahasiswa bisa meminjam biola","positif"
"Fasilitas tempat parkir sepeda motor","positif"
"UKM Tari memiliki tape recorder","positif"
"Proses pendaftaran KKN mandiri online","positif"
"Ruang himpunan mahasiswa ada jam dinding","positif"
"Fasilitas genset portable","positif"
"Mahasiswa bisa menggunakan software Visual Studio","positif"
"Tersedia minuman coklat di koperasi","positif"
"Pelatihan problem solving","positif"
"Ruang baca dengan karpet tebal","positif"
"UKM Sepak Bola memiliki sepatu bola","positif"
"Mahasiswa bisa meminjam kamera 360","positif"
"Tersedia layanan antar jemput mahasiswa","positif"
"Program magang di perusahaan minyak","positif"
"Ruang kelas dengan AC cassette","positif"
"UKM Paduan Suara memiliki metronome","positif"
"Fasilitas tempat parkir mobil kaprodi","positif"
"Mahasiswa bisa mengakses IEEE Xplore","positif"
"Tersedia kopi bali di kantin","positif"
"Pelatihan critical thinking","positif"
"Ruang tunggu dengan kursi kulit","positif"
"Kegiatan bakti sosial ke panti jompo","positif"
"Mahasiswa bisa meminjam alat ketam kayu","positif"
"Fasilitas tempat sampah di parkiran","positif"
"UKM Bulutangkis memiliki shuttlecock plastik","positif"
"Proses pendaftaran wisuda gelombang 4","positif"
"Ruang himpunan mahasiswa ada cermin","positif"
"Fasilitas tempat parkir motor bawah tanah","positif"
"Mahasiswa bisa menggunakan software Android Studio","positif"
"Tersedia teh melati di kantin","positif"
"Pelatihan creative thinking","positif"
"Ruang kelas dengan lampu LED","positif"
"UKM Robotik memiliki Arduino Mega","positif"
"Fasilitas CCTV di laboratorium","positif"
"Mahasiswa bisa meminjam tang ampere di lab","positif"
"Tersedia layanan konseling keluarga","positif"
"Program magang di perusahaan IT","positif"
"Ruang baca dengan bantal duduk","positif"
"UKM Pramuka memiliki sleeping bag","positif"
"Fasilitas tempat sampah khusus botol","positif"
"Mahasiswa bisa mengakses SpringerLink","positif"
"Tersedia kopi aceh di kantin","positif"
"Pelatihan analytical thinking","positif"
"Ruang kelas dengan kipas dinding","positif"
"Kegiatan seminar penelitian","positif"
"Mahasiswa bisa meminjam saxophone","positif"
"Fasilitas tempat parkir sepeda ontel","positif"
"UKM Tari memiliki kaset tutorial","positif"
"Ruang himpunan mahasiswa ada galon","positif"
"Fasilitas genset pindah-pindah","positif"
"Mahasiswa bisa menggunakan software XAMPP","positif"
"Tersedia minuman susu kedelai di koperasi","positif"
"Pelatihan strategic thinking","positif"
"Ruang tunggu dengan meja bundar","positif"
"UKM Sepak Bola memiliki kaos tim","positif"
"Fasilitas tempat sampah di ruang rapat","positif"
"Mahasiswa bisa meminjam alat gopro","positif"
"Tersedia layanan antar jemput dosen","positif"
"Program magang di perusahaan farmasi","positif"
"Ruang kelas dengan AC split","positif"
"UKM Paduan Suara memiliki garpu tala","positif"
"Mahasiswa bisa mengakses ProQuest","positif"
"Tersedia kopi luwak asli di kantin","positif"
"Pelatihan design thinking","positif"
"Ruang baca dengan lampu tidur","positif"
"Kegiatan jalan santai akhir pekan","positif"
"Mahasiswa bisa meminjam alat bor tangan","positif"
"Fasilitas tempat sampah di ruang sidang","positif"
"UKM Bulutangkis memiliki grip raket","positif"
"Proses pendaftaran yudisium gelombang 5","positif"
"Ruang himpunan mahasiswa ada tempat sampah","positif"
"Fasilitas tempat parkir motor outdoor","positif"
"Mahasiswa bisa menggunakan software NetBeans","positif"
"Tersedia teh hitam di kantin","positif"
"Pelatihan design sprint","positif"
"Ruang kelas dengan stop kontak banyak","positif"
"UKM Robotik memiliki Raspberry Pi","positif"
"Fasilitas CCTV di ruang server","positif"
"Mahasiswa bisa meminjam tang potong di lab","positif"
"Tersedia layanan konseling trauma","positif"
"Program magang di perusahaan konstruksi","positif"
"Ruang tunggu dengan tanaman hias","positif"
"UKM Pramuka memiliki matras","positif"
"Fasilitas tempat sampah khusus gelas","positif"
"Mahasiswa bisa mengakses Emerald Insight","positif"
"Tersedia kopi tubruk spesial di kantin","positif"
"Pelatihan project management","positif"
"Ruang kelas dengan jendela kaca film","positif"
"Kegiatan lomba karya inovasi","positif"
"Program beasiswa untuk mahasiswa S2","positif"
"Mahasiswa bisa meminjam terompet","positif"
"Fasilitas tempat parkir sepeda statis","positif"
"UKM Tari memiliki kipas tari","positif"
"Ruang himpunan mahasiswa ada dispenser","positif"
"Fasilitas genset merk Honda","positif"
"Mahasiswa bisa menggunakan software Eclipse","positif"
"Tersedia minuman yogurt di koperasi","positif"
"Pelatihan komunikasi efektif","positif"
"Ruang baca dengan tirai anti silau","positif"
"UKM Sepak Bola memiliki cone pembatas","positif"
"Fasilitas tempat sampah di ruang perpustakaan","positif"
"Mahasiswa bisa meminjam alat stabilizer kamera","positif"
"Tersedia layanan antar jemput wisuda","positif"
"Program magang di perusahaan media","positif"
"Ruang kelas dengan AC VRV","positif"
"UKM Paduan Suara memiliki partitur lagu","positif"
"Fasilitas tempat parkir mobil sewa","positif"
"Mahasiswa bisa mengakses EBSCOhost","positif"
"Tersedia kopi hitam kental di kantin","positif"
"Pelatihan user experience design","positif"
"Ruang tunggu dengan sofa panjang","positif"
"Kegiatan bakti sosial ke panti asuhan","positif"
"Mahasiswa bisa meminjam alat serut kayu","positif"
"Fasilitas tempat sampah di ruang tunggu","positif"
"UKM Bulutangkis memiliki tas raket","positif"
"Proses pendaftaran wisuda gelombang 5","positif"
"Fasilitas tempat parkir motor indoor","positif"
"Mahasiswa bisa menggunakan software IntelliJ IDEA","positif"
"Tersedia teh chamomile di kantin","positif"
"Pelatihan service excellence","positif"
"Ruang kelas dengan kursi empuk","positif"
"UKM Robotik memiliki sensor suhu","positif"
"Fasilitas CCTV di ruang rektor","positif"
"Mahasiswa bisa meminjam tang kombinasi di lab","positif"
"Tersedia layanan konseling pernikahan","positif"
"Program magang di perusahaan tambang","positif"
"Ruang baca dengan meja lipat","positif"
"UKM Pramuka memiliki ransel carrier","positif"
"Mahasiswa bisa mengakses SAGE Journals","positif"
"Tersedia kopi susu gula aren di kantin","positif"
"Pelatihan agile methodology","positif"
"Ruang kelas dengan lantai parket","positif"
"Kegiatan seminar teknologi","positif"
"Program beasiswa untuk mahasiswa S3","positif"
"Mahasiswa bisa meminjam harmonika","positif"
"Fasilitas tempat parkir sepeda dinamis","positif"
"UKM Tari memiliki selendang tari","positif"
"Ruang himpunan mahasiswa ada cermin besar","positif"
"Fasilitas genset merk Yamaha","positif"
"Mahasiswa bisa menggunakan software PyCharm","positif"
"Tersedia minuman es kelapa di koperasi","positif"
"Pelatihan teamwork building","positif"
"Ruang tunggu dengan lukisan dinding","positif"
"UKM Sepak Bola memiliki peluit wasit","positif"
"Fasilitas tempat sampah di ruang fitness","positif"
"Mahasiswa bisa meminjam alat lighting","positif"
"Tersedia layanan antar jemput orang tua","positif"
"Program magang di perusahaan penerbangan","positif"
"Ruang kelas dengan AC ceiling","positif"
"UKM Paduan Suara memiliki stand mic","positif"
"Fasilitas tempat parkir mobil tamu umum","positif"
"Mahasiswa bisa mengakses Cambridge Core","positif"
"Tersedia kopi vietnam drip di kantin","positif"
"Pelatihan customer service","positif"
"Ruang baca dengan gorden tebal","positif"
"Kegiatan jalan sehat memperingati HUT RI","positif"
"Mahasiswa bisa meminjam alat pahat kayu","positif"
"Fasilitas tempat sampah di ruang data","positif"
"UKM Bulutangkis memiliki sepatu badminton","positif"
"Proses pendaftaran yudisium gelombang 6","positif"
"Ruang himpunan mahasiswa ada kalender","positif"
"Fasilitas tempat parkir motor bawah pohon","positif"
"Mahasiswa bisa menggunakan software Sublime Text","positif"
"Tersedia teh rooibos di kantin","positif"
"Pelatihan leadership skill","positif"
"Ruang kelas dengan pintu otomatis","positif"
"UKM Robotik memiliki motor DC","positif"
"Fasilitas CCTV di ruang ujian","positif"
"Mahasiswa bisa meminjam obeng di lab","positif"
"Tersedia layanan konseling spiritual","positif"
"Program magang di perusahaan retail","positif"
"Ruang tunggu dengan meja marmer","positif"
"UKM Pramuka memiliki kompor portable","positif"
"Mahasiswa bisa mengakses Oxford Academic","positif"
"Tersedia kopi cold brew di kantin","positif"
"Pelatihan change management","positif"
"Ruang kelas dengan lampu sensor","positif"
"Kegiatan lomba inovasi teknologi","positif"
"Program beasiswa untuk mahasiswa ekstensi","positif"
"Mahasiswa bisa meminjam ukulele","positif"
"Fasilitas tempat parkir sepeda motor lipat","positif"
"UKM Tari memiliki topeng tari","positif"
"Ruang himpunan mahasiswa ada papan pengumuman","positif"
"Fasilitas genset merk Perkins","positif"
"Mahasiswa bisa menggunakan software Atom Editor","positif"
"Tersedia minuman es teh manis di koperasi","positif"
"Pelatihan emotional intelligence","positif"
"Ruang baca dengan lampu emergency","positif"
"UKM Sepak Bola memiliki bendera linesman","positif"
"Fasilitas tempat sampah di ruang fotokopi","positif"
"Mahasiswa bisa meminjam alat green screen","positif"
"Tersedia layanan antar jemput malam","positif"
"Program magang di perusahaan telekomunikasi","positif"
"Ruang kelas dengan AC standing floor","positif"
"UKM Paduan Suara memiliki folder partitur","positif"
"Fasilitas tempat parkir mobil dinas","positif"
"Mahasiswa bisa mengakses Taylor & Francis Online","positif"
"Tersedia kopi moka pot di kantin","positif"
"Pelatihan self management","positif"
"Ruang tunggu dengan vas bunga","positif"
"Mahasiswa bisa meminjam alat amplas kayu","positif"
"Fasilitas tempat sampah di ruang seminar","positif"
"UKM Bulutangkis memiliki kaos kaki badminton","positif"
"Proses pendaftaran wisuda gelombang 6","positif"
"Ruang himpunan mahasiswa ada jam digital","positif"
"Fasilitas tempat parkir motor dekat gerbang","positif"
"Mahasiswa bisa menggunakan software Notepad++","positif"
"Tersedia teh earl grey di kantin","positif"
"Pelatihan growth mindset","positif"
"Ruang kelas dengan papan tulis kaca","positif"
"UKM Robotik memiliki modul WiFi","positif"
"Fasilitas CCTV di ruang administrasi","positif"
"Mahasiswa bisa meminjam tespen di lab","positif"
"Program magang di perusahaan asuransi","positif"
"Ruang baca dengan pengharum ruangan","positif"
"UKM Pramuka memiliki alat masak","positif"
"Mahasiswa bisa mengakses Wiley Online Library","positif"
"Tersedia kopi espresso di kantin","positif"
"Pelatihan conflict resolution","positif"
"Ruang kelas dengan jam dinding analog","positif"
"Kegiatan seminar kewirausahaan","positif"
"Program beasiswa untuk mahasiswa diploma","positif"
"Mahasiswa bisa meminjam angklung","positif"
"Fasilitas tempat parkir sepeda anak","positif"
"UKM Tari memiliki kendang","positif"
"Ruang himpunan mahasiswa ada printer","positif"
"Fasilitas genset merk Cummins","positif"
"Mahasiswa bisa menggunakan software Brackets","positif"
"Tersedia minuman es jeruk di koperasi","positif"
"Pelatihan negotiation skill","positif"
"Ruang tunggu dengan aquarium","positif"
"UKM Sepak Bola memiliki kartu kuning merah","positif"
"Fasilitas tempat sampah di ruang baca","positif"
"Mahasiswa bisa meminjam alat audio recorder","positif"
"Tersedia layanan antar jemput pagi","positif"
"Program magang di perusahaan otomotif","positif"
"Ruang kelas dengan AC portable","positif"
"UKM Paduan Suara memiliki speaker monitor","positif"
"Fasilitas tempat parkir mobil operasional","positif"
"Mahasiswa bisa mengakses Nature Journal","positif"
"Tersedia kopi french press di kantin","positif"
"Pelatihan presentation skill","positif"
"Ruang baca dengan kursi roda","positif"
"Kegiatan bakti sosial ke desa terpencil","positif"
"Mahasiswa bisa meminjam alat ukur kayu","positif"
"Fasilitas tempat sampah di ruang teater","positif"
"UKM Bulutangkis memiliki deker","positif"
"Proses pendaftaran yudisium gelombang 7","positif"
"Ruang himpunan mahasiswa ada TV kabel","positif"
"Fasilitas tempat parkir motor dekat kantin","positif"
"Mahasiswa bisa menggunakan software BlueJ","positif"
"Tersedia teh peppermint di kantin","positif"
"Pelatihan writing skill","positif"
"Ruang kelas dengan tempat sampah kecil","positif"
"UKM Robotik memiliki LCD display","positif"
"Fasilitas CCTV di ruang keuangan","positif"
"Mahasiswa bisa meminjam tang jepit di lab","positif"
"Tersedia layanan konseling narkoba","positif"
"Program magang di perusahaan perhotelan","positif"
"Ruang tunggu dengan koran digital","positif"
"UKM Pramuka memiliki senter","positif"
"Mahasiswa bisa mengakses JSTOR","positif"
"Tersedia kopi tubruk gula aren di kantin","positif"
"Pelatihan teamwork collaboration","positif"
"Ruang kelas dengan jam dinding digital","positif"
"Kegiatan lomba fotografi","positif"
"Program beasiswa untuk mahasiswa S1","positif"
"Mahasiswa bisa meminjam suling","positif"
"Fasilitas tempat parkir sepeda dewasa","positif"
"UKM Tari memiliki gong","positif"
"Ruang himpunan mahasiswa ada scanner","positif"
"Fasilitas genset merk Mitsubishi","positif"
"Mahasiswa bisa menggunakan software CodeBlocks","positif"
"Tersedia minuman es campur di koperasi","positif"
"Pelatihan research methodology","positif"
"Ruang baca dengan lampu sensor gerak","positif"
"UKM Sepak Bola memiliki tas kiper","positif"
"Fasilitas tempat sampah di ruang musik","positif"
"Mahasiswa bisa meminjam alat clip on mic","positif"
"Tersedia layanan antar jemput sore","positif"
"Program magang di perusahaan pelayaran","positif"
"Ruang kelas dengan AC window","positif"
"UKM Paduan Suara memiliki music stand","positif"
"Fasilitas tempat parkir mobil tamu undangan","positif"
"Mahasiswa bisa mengakses Science Magazine","positif"
"Tersedia kopi v60 di kantin","positif"
"Pelatihan data analysis","positif"
"Ruang tunggu dengan bantal kursi","positif"
"Kegiatan donor darah rutin tiap 3 bulan","positif"
"Mahasiswa bisa meminjam alat dempul kayu","positif"
"Fasilitas tempat sampah di ruang olahraga","positif"
"UKM Bulutangkis memiliki tas shuttlecock","positif"
"Proses pendaftaran wisuda gelombang 7","positif"
"Ruang himpunan mahasiswa ada meja rapat","positif"
"Fasilitas tempat parkir motor belakang gedung","positif"
"Mahasiswa bisa menggunakan software Dev C++","positif"
"Tersedia teh lemon madu di kantin","positif"
"Pelatihan academic writing","positif"
"Ruang kelas dengan lampu emergency","positif"
"UKM Robotik memiliki breadboard","positif"
"Fasilitas CCTV di ruang rapat","positif"
"Mahasiswa bisa meminjam solder uap di lab","positif"
"Tersedia layanan konseling HIV","positif"
"Program magang di perusahaan properti","positif"
"Ruang baca dengan lampu baca LED","positif"
"UKM Pramuka memiliki tali pramuka","positif"
"Mahasiswa bisa mengakses PubMed","positif"
"Tersedia kopi susu gula jawa di kantin","positif"
"Pelatihan IT essentials","positif"
"Ruang kelas dengan meja stainles steel","positif"
"Kegiatan seminar pendidikan","positif"
"Program beasiswa untuk mahasiswa internasional","positif"
"Mahasiswa bisa meminjam kecapi","positif"
"UKM Tari memiliki rebana","positif"
"Ruang himpunan mahasiswa ada kulkas","positif"
"Fasilitas genset merk Denyo","positif"
"Mahasiswa bisa menggunakan software R Studio","positif"
"Tersedia minuman es doger di koperasi","positif"
"Pelatihan networking skill","positif"
"Ruang tunggu dengan kursi pijat","positif"
"UKM Sepak Bola memiliki sarung tangan kiper","positif"
"Fasilitas tempat sampah di ruang seni","positif"
"Mahasiswa bisa meminjam alat mixer audio","positif"
"Tersedia layanan antar jemput siang","positif"
"Program magang di perusahaan konsultan","positif"
"Ruang kelas dengan AC multi split","positif"
"UKM Paduan Suara memiliki mic condenser","positif"
"Fasilitas tempat parkir mobil pejabat","positif"
"Mahasiswa bisa mengakses The Lancet","positif"
"Tersedia kopi tubruk jahe di kantin","positif"
"Pelatihan job interview","positif"
"Ruang baca dengan kipas angin remote","positif"
"Kegiatan bakti sosial ke daerah bencana","positif"
"Mahasiswa bisa meminjam alat cat kayu","positif"
"Fasilitas tempat sampah di ruang komputer","positif"
"UKM Bulutangkis memiliki grip powder","positif"
"Proses pendaftaran yudisium gelombang 8","positif"
"Ruang himpunan mahasiswa ada rak sepatu","positif"
"Fasilitas tempat parkir motor depan gedung","positif"
"Mahasiswa bisa menggunakan software SPSS","positif"
"Tersedia teh hijau melati di kantin","positif"
"Pelatihan mind mapping","positif"
"Ruang kelas dengan stop kontak lantai","positif"
"UKM Robotik memiliki kabel jumper","positif"
"Fasilitas CCTV di ruang transit","positif"
"Mahasiswa bisa meminjam tang kakatua di lab","positif"
"Tersedia layanan konseling perceraian","positif"
"Program magang di perusahaan agribisnis","positif"
"Ruang tunggu dengan televisi OLED","positif"
"UKM Pramuka memiliki pisau lipat","positif"
"Mahasiswa bisa mengakses Cell Journal","positif"
"Tersedia kopi susu aren di kantin","positif"
"Pelatihan programming basic","positif"
"Ruang kelas dengan lampu dimmer","positif"
"Kegiatan lomba menulis essay","positif"
"Program beasiswa untuk mahasiswa vokasi","positif"
"Mahasiswa bisa meminjam gamelan","positif"
"UKM Tari memiliki kostum adat","positif"
"Ruang himpunan mahasiswa ada rak buku","positif"
"Mahasiswa bisa menggunakan software AMOS","positif"
"Tersedia minuman es teler di koperasi","positif"
"Pelatihan personal branding","positif"
"Ruang baca dengan jendela besar","positif"
"UKM Sepak Bola memiliki pompa bola","positif"
"Fasilitas tempat sampah di ruang bahasa","positif"
"Mahasiswa bisa meminjam alat wireless mic","positif"
"Tersedia layanan antar jemput subuh","positif"
"Program magang di perusahaan fintech","positif"
"Ruang kelas dengan AC floor standing","positif"
"UKM Paduan Suara memiliki audio interface","positif"
"Mahasiswa bisa mengakses NEJM","positif"
"Tersedia kopi hitam pekat di kantin","positif"
"Pelatihan CV writing","positif"
"Ruang tunggu dengan meja resepsionis","positif"
"Kegiatan donor darah HUT kampus","positif"
"Mahasiswa bisa meminjam alat ukir kayu","positif"
"Fasilitas tempat sampah di ruang laboratorium","positif"
"UKM Bulutangkis memiliki alat pemberat","positif"
"Proses pendaftaran wisuda gelombang 8","positif"
"Ruang himpunan mahasiswa ada foto presiden","positif"
"Fasilitas tempat parkir motor samping gedung","positif"
"Mahasiswa bisa menggunakan software STATA","positif"
"Tersedia teh rosella di kantin","positif"
"Pelatihan financial planning","positif"
"Ruang kelas dengan kipas exhaust","positif"
"UKM Robotik memiliki resistor","positif"
"Fasilitas CCTV di ruang arsip","positif"
"Mahasiswa bisa meminjam gerinda di lab","positif"
"Tersedia layanan konseling adiksi","positif"
"Program magang di perusahaan e-commerce","positif"
"Ruang baca dengan AC standing","positif"
"UKM Pramuka memiliki jas hujan","positif"
"Mahasiswa bisa mengakses BMJ Journal","positif"
"Tersedia kopi susu kental manis di kantin","positif"
"Pelatihan web development","positif"
"Ruang kelas dengan tirai vertikal","positif"
"Kegiatan seminar literasi","positif"
"Program beasiswa untuk mahasiswa prestasi","positif"
"Mahasiswa bisa meminjam sasando","positif"
"Fasilitas tempat parkir sepeda listrik","positif"
"UKM Tari memiliki selendang","positif"
"Ruang himpunan mahasiswa ada dispenser air","positif"
"Fasilitas genset merk Yanmar","positif"
"Mahasiswa bisa menggunakan software NVivo","positif"
"Tersedia minuman es cincau di koperasi","positif"
"Pelatihan social media marketing","positif"
"Ruang tunggu dengan kursi tunggu","positif"
"UKM Sepak Bola memiliki jaring gawang","positif"
"Fasilitas tempat sampah di ruang gamelan","positif"
"Mahasiswa bisa meminjam alat shotgun mic","positif"
"Tersedia layanan antar jemput malam minggu","positif"
"Program magang di perusahaan startup","positif"
"UKM Paduan Suara memiliki kabel XLR","positif"
"Fasilitas tempat parkir mobil dosen tamu","positif"
"Mahasiswa bisa mengakses JAMA Network","positif"
"Tersedia kopi tubruk susu di kantin","positif"
"Pelatihan data visualization","positif"
"Ruang baca dengan meja panjang","positif"
"Kegiatan bakti sosial ke sekolah dasar","positif"
"Mahasiswa bisa meminjam alat plitur kayu","positif"
"Fasilitas tempat sampah di ruang multimedia","positif"
"UKM Bulutangkis memiliki grip tape","positif"
"Proses pendaftaran yudisium gelombang 9","positif"
"Ruang himpunan mahasiswa ada lambang garuda","positif"
"Fasilitas tempat parkir motor berteduh","positif"
"Mahasiswa bisa menggunakan software Eviews","positif"
"Tersedia teh bunga telang di kantin","positif"
"Pelatihan business communication","positif"
"Ruang kelas dengan kipas angin gantung","positif"
"UKM Robotik memiliki kapasitor","positif"
"Fasilitas CCTV di ruang pamer","positif"
"Mahasiswa bisa meminjam mesin bor di lab","positif"
"Tersedia layanan konseling anak","positif"
"Program magang di perusahaan manufaktur","positif"
"Ruang tunggu dengan lukisan abstrak","positif"
"UKM Pramuka memiliki topi rimba","positif"
"Mahasiswa bisa mengakses PLOS ONE","positif"
"Tersedia kopi cappuccino di kantin","positif"
"Pelatihan mobile apps development","positif"
"Ruang kelas dengan papan tulis putih","positif"
"Kegiatan lomba desain poster","positif"
"Program beasiswa untuk mahasiswa teladan","positif"
"Mahasiswa bisa meminjam kolintang","positif"
"UKM Tari memiliki kipas","positif"
"Ruang himpunan mahasiswa ada komputer","positif"
"Mahasiswa bisa menggunakan software SAS","positif"
"Tersedia minuman es blewah di koperasi","positif"
"Pelatihan SEO optimization","positif"
"Ruang baca dengan karpet masjid","positif"
"UKM Sepak Bola memiliki bendera sudut","positif"
"Mahasiswa bisa meminjam alat boom mic","positif"
"Tersedia layanan antar jemput jumat berkah","positif"
"Program magang di perusahaan energi","positif"
"UKM Paduan Suara memiliki stand speaker","positif"
"Mahasiswa bisa mengakses Nature Communications","positif"
"Tersedia kopi latte di kantin","positif"
"Pelatihan UI/UX design","positif"
"Ruang tunggu dengan meja kayu","positif"
"Kegiatan donor darah HUT RI","positif"
"Mahasiswa bisa meminjam alat pahat batu","positif"
"Fasilitas tempat sampah di ruang studio","positif"
"UKM Bulutangkis memiliki senar raket","positif"
"Proses pendaftaran wisuda gelombang 9","positif"
"Ruang himpunan mahasiswa ada bendera","positif"
"Fasilitas tempat parkir motor dekat masjid","positif"
"Mahasiswa bisa menggunakan software Minitab","positif"
"Tersedia teh jahe merah di kantin","positif"
"Pelatihan copywriting","positif"
"Ruang kelas dengan lampu LED panel","positif"
"UKM Robotik memiliki transistor","positif"
"Fasilitas CCTV di ruang sidang","positif"
"Mahasiswa bisa meminjam kunci inggris di lab","positif"
"Tersedia layanan konseling remaja","positif"
"Program magang di perusahaan transportasi","positif"
"Ruang baca dengan lampu gantung","positif"
"UKM Pramuka memiliki tongkat","positif"
"Mahasiswa bisa mengakses Science Advances","positif"
"Tersedia kopi americano di kantin","positif"
"Pelatihan content writing","positif"
"Ruang kelas dengan meja lipat","positif"
"Kegiatan seminar kesehatan","positif"
"Mahasiswa bisa meminjam talempong","positif"
"UKM Tari memiliki payung tari","positif"
"Ruang himpunan mahasiswa ada laptop","positif"
"Fasilitas genset merk Caterpillar","positif"
"Mahasiswa bisa menggunakan software Tableau","positif"
"Tersedia minuman es alpukat di koperasi","positif"
"Pelatihan email marketing","positif"
"Ruang tunggu dengan sofa bed","positif"
"UKM Sepak Bola memiliki alat peluit","positif"
"Fasilitas tempat sampah di ruang konseling","positif"
"Mahasiswa bisa meminjam alat lavalier mic","positif"
"Tersedia layanan antar jemput sabtu","positif"
"Ruang kelas dengan AC central","positif"
"UKM Paduan Suara memiliki mixer audio","positif"
"Mahasiswa bisa mengakses PNAS Journal","positif"
"Tersedia kopi moka di kantin","positif"
"Pelatihan brand management","positif"
"Ruang baca dengan kursi santai","positif"
"Kegiatan bakti sosial ke panti werdha","positif"
"Mahasiswa bisa meminjam alat bubut kayu","positif"
"Fasilitas tempat sampah di ruang karir","positif"
"UKM Bulutangkis memiliki grip overgrip","positif"
"Proses pendaftaran yudisium gelombang 10","positif"
"Ruang himpunan mahasiswa ada proyektor","positif"
"Fasilitas tempat parkir motor dekat perpus","positif"
"Mahasiswa bisa menggunakan software Power BI","positif"
"Tersedia teh kayu manis di kantin","positif"
"Pelatihan video marketing","positif"
"Ruang kelas dengan lampu TL","positif"
"UKM Robotik memiliki IC","positif"
"Fasilitas CCTV di ruang tunggu","positif"
"Mahasiswa bisa meminjam palu di lab","positif"
"Tersedia layanan konseling dewasa","positif"
"Program magang di perusahaan perbankan","positif"
"Ruang tunggu dengan televisi LCD","positif"
"UKM Pramuka memiliki peluit","positif"
"Mahasiswa bisa mengakses Scientific Reports","positif"
"Tersedia kopi robusta susu di kantin","positif"
"Pelatihan google analytics","positif"
"Ruang kelas dengan kipas angin duduk","positif"
"Kegiatan lomba debat bahasa Indonesia","positif"
"Mahasiswa bisa meminjam gendang","positif"
"UKM Tari memiliki properti panggung","positif"
"Ruang himpunan mahasiswa ada speaker","positif"
"Fasilitas genset merk Kubota","positif"
"Mahasiswa bisa menggunakan software QGIS","positif"
"Tersedia minuman es kopyor di koperasi","positif"
"Pelatihan facebook ads","positif"
"Ruang baca dengan tirai gulung","positif"
"UKM Sepak Bola memiliki kostum kiper","positif"
"Fasilitas tempat sampah di ruang arsip","positif"
"Mahasiswa bisa meminjam alat headset monitor","positif"
"Tersedia layanan antar jemput minggu","positif"
"UKM Paduan Suara memiliki power amplifier","positif"
"Mahasiswa bisa mengakses Frontiers Journal","positif"
"Tersedia kopi tarik di kantin","positif"
"Pelatihan instagram marketing","positif"
"Ruang tunggu dengan kursi plastik","positif"
"Kegiatan donor darah PMI","positif"
"Mahasiswa bisa meminjam alat pernis kayu","positif"
"Fasilitas tempat sampah di ruang inovasi","positif"
"UKM Bulutangkis memiliki raket yonex","positif"
"Proses pendaftaran wisuda gelombang 10","positif"
"Fasilitas tempat parkir motor dekat aula","positif"
"Mahasiswa bisa menggunakan software OriginPro","positif"
"Tersedia teh sereh di kantin","positif"
"Pelatihan linkedin marketing","positif"
"Ruang kelas dengan stop kontak dinding","positif"
"UKM Robotik memiliki potensiometer","positif"
"Fasilitas CCTV di ruang pusat data","positif"
"Tersedia layanan konseling lansia","positif"
"Ruang baca dengan lampu neon","positif"
"UKM Pramuka memiliki tali tambang","positif"
"Mahasiswa bisa mengakses MDPI Journal","positif"
"Tersedia kopi gula aren di kantin","positif"
"Pelatihan google ads","positif"
"Ruang kelas dengan jam dinding besar","positif"
"Kegiatan seminar lingkungan","positif"
"Mahasiswa bisa meminjam seruling","positif"
"UKM Tari memiliki aksesoris tari","positif"
"Ruang himpunan mahasiswa ada sofa bed","positif"
"Fasilitas genset merk Volvo","positif"
"Mahasiswa bisa menggunakan software EndNote","positif"
"Tersedia minuman es buah di koperasi","positif"
"Pelatihan tiktok marketing","positif"
"Ruang tunggu dengan meja kaca","positif"
"UKM Sepak Bola memiliki deker kiper","positif"
"Mahasiswa bisa meminjam alat in ear monitor","positif"
"Tersedia layanan antar jemput libur","positif"
"Ruang kelas dengan AC split duct","positif"
"UKM Paduan Suara memiliki equalizer","positif"
"Mahasiswa bisa mengakses Hindawi Journal","positif"
"Tersedia kopi pandan di kantin","positif"
"Pelatihan twitter marketing","positif"
"Ruang baca dengan tirai horizontal","positif"
"Mahasiswa bisa meminjam alat sekrap kayu","positif"
"Fasilitas tempat sampah di ruang kreasi","positif"
"UKM Bulutangkis memiliki raket lining","positif"
"Proses pendaftaran yudisium gelombang 11","positif"
"Ruang himpunan mahasiswa ada printer 3D","positif"
"Fasilitas tempat parkir motor dekat lab","positif"
"Mahasiswa bisa menggunakan software Mendeley","positif"
"Tersedia teh lemon tea di kantin","positif"
"Pelatihan youtube marketing","positif"
"Ruang kelas dengan lampu downlight","positif"
"UKM Robotik memiliki dioda","positif"
"Fasilitas CCTV di ruang keamanan","positif"
"Mahasiswa bisa meminjam obeng set di lab","positif"
"Tersedia layanan konseling pra nikah","positif"
"Ruang tunggu dengan televisi LED","positif"
"UKM Pramuka memiliki tenda","positif"
"Mahasiswa bisa mengakses PeerJ Journal","positif"
"Tersedia kopi jahe susu di kantin","positif"
"Pelatihan affiliate marketing","positif"
"Ruang kelas dengan papan tulis magnet","positif"
"Kegiatan lomba pidato bahasa Inggris","positif"
"Program beasiswa untuk mahasiswa pascasarjana","positif"
"Mahasiswa bisa meminjam calung","positif"
"UKM Tari memiliki selendang batik","positif"
"Ruang himpunan mahasiswa ada mesin fotokopi","positif"
"Mahasiswa bisa menggunakan software Zotero","positif"
"Tersedia minuman es kelapa muda di koperasi","positif"
"Pelatihan whatsapp marketing","positif"
"Ruang baca dengan lampu hemat energi","positif"
"Mahasiswa bisa meminjam alat soundcard external","positif"
"Tersedia layanan antar jemput hari besar","positif"
"UKM Paduan Suara memiliki compressor","positif"
"Mahasiswa bisa mengakses eLife Journal","positif"
"Tersedia kopi kelapa di kantin","positif"
"Pelatihan marketing automation","positif"
"Ruang tunggu dengan kursi roda","positif"
"Mahasiswa bisa meminjam alat amplas mesin","positif"
"UKM Bulutangkis memiliki raket victor","positif"
"Proses pendaftaran wisuda gelombang 11","positif"
"Ruang himpunan mahasiswa ada TV 4K","positif"
"Mahasiswa bisa menggunakan software ChemDraw","positif"
"Tersedia teh hitam manis di kantin","positif"
"Pelatihan CRM software","positif"
"Ruang kelas dengan tirai roller blind","positif"
"UKM Robotik memiliki LED","positif"
"Fasilitas CCTV di ruang kesehatan","positif"
"Mahasiswa bisa meminjam gergaji besi di lab","positif"
"Ruang baca dengan kursi kayu","positif"
"UKM Pramuka memiliki kompas bidik","positif"
"Mahasiswa bisa mengakses Elsevier Journal","positif"
"Tersedia kopi hazelnut di kantin","positif"
"Ruang kelas dengan jam dinding unik","positif"
"Kegiatan seminar teknologi informasi","positif"
"Program beasiswa untuk mahasiswa doktoral","positif"
"Mahasiswa bisa meminjam gambang","positif"
"UKM Tari memiliki mahkota tari","positif"
"Tersedia minuman es degan di koperasi","positif"
"Ruang tunggu dengan sofa kulit","positif"
"UKM Sepak Bola memiliki sepatu bola adidas","positif"
"Mahasiswa bisa meminjam alat audio interface","positif"
"Tersedia layanan antar jemput reguler","positif"
"UKM Paduan Suara memiliki crossover","positif"
"Mahasiswa bisa mengakses ACS Publications","positif"
"Tersedia kopi caramel di kantin","positif"
"Pelatihan SEO copywriting","positif"
"Ruang baca dengan meja kayu jati","positif"
"Mahasiswa bisa meminjam alat kompresor angin","positif"
"UKM Bulutangkis memiliki raket li-ning","positif"
"Proses pendaftaran yudisium gelombang 12","positif"
"Ruang himpunan mahasiswa ada kipas angin besar","positif"
"Tersedia teh hijau kepo di kantin","positif"
"Pelatihan SEM marketing","positif"
"Ruang kelas dengan stop kontak meja","positif"
"UKM Robotik memiliki buzzer","positif"
"Fasilitas CCTV di ruang ibadah","positif"
"Mahasiswa bisa meminjam kikir di lab","positif"
"UKM Pramuka memiliki ransel","positif"
"Mahasiswa bisa mengakses RSC Journal","positif"
"Tersedia kopi vanila di kantin","positif"
"Pelatihan content marketing","positif"
"Ruang kelas dengan lampu sorot","positif"
"Kegiatan lomba karya tulis ilmiah","positif"
"Program beasiswa untuk mahasiswa sarjana","positif"
"Mahasiswa bisa meminjam kecapi suling","positif"
"UKM Tari memiliki sampur","positif"
"Ruang himpunan mahasiswa ada meja bilyar","positif"
"Mahasiswa bisa menggunakan software SolidWorks","positif"
"Tersedia minuman es campur buah di koperasi","positif"
"Pelatihan growth hacking","positif"
"Ruang baca dengan tirai bambu","positif"
"UKM Sepak Bola memiliki jersey nike","positif"
"Mahasiswa bisa meminjam alat pop filter","positif"
"Tersedia layanan antar jemput acara","positif"
"UKM Paduan Suara memiliki efek gitar","positif"
"Mahasiswa bisa mengakses Springer Journal","positif"
"Tersedia kopi coklat di kantin","positif"
"Pelatihan social media strategy","positif"
"Ruang tunggu dengan kursi besi","positif"
"Kegiatan donor darah sukarela","positif"
"UKM Bulutangkis memiliki raket apacs","positif"
"Proses pendaftaran wisuda gelombang 12","positif"
"Fasilitas tempat parkir motor dekat asrama","positif"
"Mahasiswa bisa menggunakan software Revit","positif"
"Tersedia teh tarik madu di kantin","positif"
"Pelatihan brand storytelling","positif"
"Ruang kelas dengan papan tulis kapur","positif"
"UKM Robotik memiliki sensor cahaya","positif"
"Fasilitas CCTV di ruang parkir","positif"
"Mahasiswa bisa meminjam ragum di lab","positif"
"UKM Pramuka memiliki matras tidur","positif"
"Mahasiswa bisa mengakses IOP Science","positif"
"Tersedia kopi susu jahe di kantin","positif"
"Pelatihan influencer marketing","positif"
"Kegiatan seminar kebangsaan","positif"
"Program beasiswa untuk mahasiswa magister","positif"
"Mahasiswa bisa meminjam bonang","positif"
"UKM Tari memiliki bokor","positif"
"Mahasiswa bisa menggunakan software CATIA","positif"
"Tersedia minuman es kacang merah di koperasi","positif"
"Pelatihan community management","positif"
"Ruang tunggu dengan TV kabel","positif"
"UKM Sepak Bola memiliki bola nike","positif"
"Mahasiswa bisa meminjam alat midi controller","positif"
"Tersedia layanan antar jemput wisata","positif"
"Ruang kelas dengan AC floor","positif"
"UKM Paduan Suara memiliki keyboard yamaha","positif"
"Mahasiswa bisa mengakses AIP Publishing","positif"
"Tersedia kopi durian di kantin","positif"
"Pelatihan crisis communication","positif"
"Ruang baca dengan kursi pijat","positif"
"Kegiatan bakti sosial ke panti sosial","positif"
"Mahasiswa bisa meminjam alat gurinda tangan","positif"
"Fasilitas tempat sampah di ruang pameran","positif"
"UKM Bulutangkis memiliki raket fleet","positif"
"Proses pendaftaran yudisium gelombang 13","positif"
"Ruang himpunan mahasiswa ada papan tulis besar","positif"
"Fasilitas tempat parkir motor dekat mushola","positif"
"Tersedia teh susu mutiara di kantin","positif"
"Pelatihan PR writing","positif"
"Ruang kelas dengan lampu LED strip","positif"
"UKM Robotik memiliki sensor gerak","positif"
"Fasilitas CCTV di ruang lobi","positif"
"Mahasiswa bisa meminjam bor listrik di lab","positif"
"Tersedia layanan konseling individu","positif"
"Program magang di perusahaan hospitality","positif"
"Ruang tunggu dengan meja kayu jati","positif"
"Mahasiswa bisa mengakses OSA Publishing","positif"
"Tersedia kopi susu kedelai di kantin","positif"
"Pelatihan media relations","positif"
"Kegiatan lomba inovasi pembelajaran","positif"
"Program beasiswa untuk mahasiswa doktor","positif"
"Mahasiswa bisa meminjam saron","positif"
"UKM Tari memiliki kebaya","positif"
"Ruang himpunan mahasiswa ada mesin cuci","positif"
"Mahasiswa bisa menggunakan software Ansys","positif"
"Tersedia minuman es cendol di koperasi","positif"
"Pelatihan event management","positif"
"Ruang baca dengan tirai blackout","positif"
"UKM Sepak Bola memiliki sepatu bola specs","positif"
"Mahasiswa bisa meminjam alat headphone amplifier","positif"
"Tersedia layanan antar jemput hajat","positif"
"UKM Paduan Suara memiliki mic shure","positif"
"Mahasiswa bisa mengakses SPIE Digital Library","positif"
"Tersedia kopi mocca di kantin","positif"
"Pelatihan sponsorship acquisition","positif"
"Ruang tunggu dengan kursi empuk","positif"
"Mahasiswa bisa meminjam alat serut es","positif"
"UKM Bulutangkis memiliki raket flypower","positif"
"Proses pendaftaran wisuda gelombang 13","positif"
"Ruang himpunan mahasiswa ada kursi malas","positif"
"Fasilitas tempat parkir motor dekat taman","positif"
"Mahasiswa bisa menggunakan software 3ds Max","positif"
"Pelatihan volunteer management","positif"
"Ruang kelas dengan tirai vertikal blind","positif"
"Fasilitas CCTV di ruang sekretariat","positif"
"Mahasiswa bisa meminjam mesin bubut di lab","positif"
"Program magang di perusahaan agrikultur","positif"
"Mahasiswa bisa mengakses The Royal Society","positif"
"Tersedia kopi susu gula merah di kantin","positif"
"Pelatihan public speaking online","positif"
"Ruang kelas dengan papan tulis interaktif","positif"
"Kegiatan seminar anti korupsi","positif"
"Mahasiswa bisa meminjam demung","positif"
"UKM Tari memiliki kain batik","positif"
"Ruang himpunan mahasiswa ada sofa panjang","positif"
"Mahasiswa bisa menggunakan software Blender","positif"
"Tersedia minuman es dawet di koperasi","positif"
"Pelatihan event planning","positif"
"Mahasiswa bisa meminjam alat mic stand","positif"
"Tersedia layanan antar jemput keluarga","positif"
"Mahasiswa bisa mengakses ASME Journal","positif"
"Tersedia kopi ristretto di kantin","positif"
"Pelatihan proposal writing","positif"
"Ruang baca dengan kipas angin","positif"
"Mahasiswa bisa meminjam alat solder listrik","positif"
"UKM Bulutangkis memiliki raket astec","positif"
"Proses pendaftaran yudisium gelombang 14","positif"
"Ruang himpunan mahasiswa ada lampu hias","positif"
"Fasilitas tempat parkir motor dekat koperasi","positif"
"Mahasiswa bisa menggunakan software Maya","positif"
"Tersedia teh jahe sereh di kantin","positif"
"Pelatihan monitoring and evaluation","positif"
"UKM Robotik memiliki motor stepper","positif"
"Fasilitas CCTV di ruang perpustakaan","positif"
"Mahasiswa bisa meminjam mesin frais di lab","positif"
"Ruang tunggu dengan lukisan","positif"
"Tersedia kopi susu rempah di kantin","positif"
"Pelatihan report writing","positif"
"Kegiatan lomba karya inovatif","positif"
"Mahasiswa bisa meminjam peking","positif"
"UKM Tari memiliki jarik","positif"
"Ruang himpunan mahasiswa ada kulkas mini","positif"
"Mahasiswa bisa menggunakan software ZBrush","positif"
"Tersedia minuman es selendang mayang di koperasi","positif"
"Pelatihan logical framework","positif"
"Ruang baca dengan meja belajar","positif"
"UKM Sepak Bola memiliki pelindung kaki","positif"
"Mahasiswa bisa meminjam alat kabel XLR","positif"
"Tersedia layanan antar jemput pribadi","positif"
"UKM Paduan Suara memiliki mixer behringer","positif"
"Mahasiswa bisa mengakses ACM Digital Library","positif"
"Pelatihan theory of change","positif"
"Mahasiswa bisa meminjam alat heat gun","positif"
"Fasilitas tempat sampah di ruang pamer","positif"
"UKM Bulutangkis memiliki raket proace","positif"
"Proses pendaftaran wisuda gelombang 14","positif"
"Ruang himpunan mahasiswa ada gitar akustik","positif"
"Fasilitas tempat parkir motor dekat bank","positif"
"Mahasiswa bisa menggunakan software Cinema 4D","positif"
"Tersedia teh rosella madu di kantin","positif"
"Pelatihan impact assessment","positif"
"Ruang kelas dengan tirai horizontal","positif"
"UKM Robotik memiliki relay","positif"
"Mahasiswa bisa meminjam mesin sekrap di lab","positif"
"Ruang baca dengan lampu baca","positif"
"Mahasiswa bisa mengakses INFORMS Journal","positif"
"Tersedia kopi kelapa muda di kantin","positif"
"Pelatihan stakeholder analysis","positif"
"Ruang kelas dengan stop kontak universal","positif"
"Kegiatan seminar hak asasi manusia","positif"
"Mahasiswa bisa meminjam slenthem","positif"
"UKM Tari memiliki stagen","positif"
"Ruang himpunan mahasiswa ada televisi layar datar","positif"
"Mahasiswa bisa menggunakan software Fusion 360","positif"
"Tersedia minuman es goyobod di koperasi","positif"
"Pelatihan participatory rural appraisal","positif"
"Ruang tunggu dengan sofa","positif"
"UKM Sepak Bola memiliki kaos kaki","positif"
"Mahasiswa bisa meminjam alat direct box","positif"
"Tersedia layanan antar jemput eksklusif","positif"
"UKM Paduan Suara memiliki power amp","positif"
"Mahasiswa bisa mengakses SIAM Journal","positif"
"Tersedia kopi cengkeh di kantin","positif"
"Pelatihan focus group discussion","positif"
"Mahasiswa bisa meminjam alat cutter kayu","positif"
"UKM Bulutangkis memiliki raket wilson","positif"
"Proses pendaftaran yudisium gelombang 15","positif"
"Fasilitas tempat parkir motor dekat klinik","positif"
"Mahasiswa bisa menggunakan software Lightroom","positif"
"Tersedia teh serai madu di kantin","positif"
"Pelatihan in depth interview","positif"
"UKM Robotik memiliki modul bluetooth","positif"
"Fasilitas CCTV di ruang senat","positif"
"Mahasiswa bisa meminjam mesin bor duduk di lab","positif"
"UKM Pramuka memiliki sepatu boot","positif"
"Mahasiswa bisa mengakses AMS Journal","positif"
"Tersedia kopi kayu manis di kantin","positif"
"Pelatihan observation method","positif"
"Ruang kelas dengan papan tulis hitam","positif"
"Kegiatan lomba debat bahasa asing","positif"
"Mahasiswa bisa meminjam gender","positif"
"UKM Tari memiliki gelang","positif"
"Mahasiswa bisa menggunakan software After Effects","positif"
"Tersedia minuman es puter di koperasi","positif"
"Pelatihan case study method","positif"
"Ruang baca dengan kursi kayu jati","positif"
"UKM Sepak Bola memiliki deker","positif"
"Mahasiswa bisa meminjam alat speaker pasif","positif"
"UKM Paduan Suara memiliki speaker aktif","positif"
"Mahasiswa bisa mengakses AGU Journal","positif"
"Tersedia kopi pandan wangi di kantin","positif"
"Pelatihan survey design","positif"
"Mahasiswa bisa meminjam alat mesin profil","positif"
"UKM Bulutangkis memiliki raket carlton","positif"
"Proses pendaftaran wisuda gelombang 15","positif"
"Fasilitas tempat parkir motor dekat fotokopi","positif"
"Mahasiswa bisa menggunakan software Premiere Pro","positif"
"Tersedia teh kembang sepatu di kantin","positif"
"Pelatihan questionnaire design","positif"
"Ruang kelas dengan kipas angin remote","positif"
"UKM Robotik memiliki modul GSM","positif"
"Fasilitas CCTV di ruang baca","positif"
"Mahasiswa bisa meminjam mesin gerinda di lab","positif"
"UKM Pramuka memiliki topi lapangan","positif"
"Mahasiswa bisa mengakses APS Journal","positif"
"Tersedia kopi kapulaga di kantin","positif"
"Pelatihan sampling technique","positif"
"Kegiatan seminar pendidikan inklusif","positif"
"Mahasiswa bisa meminjam kempul","positif"
"UKM Tari memiliki kalung","positif"
"Ruang himpunan mahasiswa ada lemari es","positif"
"Mahasiswa bisa menggunakan software Illustrator","positif"
"Tersedia minuman es pisang ijo di koperasi","positif"
"Pelatihan data cleaning","positif"
"UKM Sepak Bola memiliki sarung tangan","positif"
"Mahasiswa bisa meminjam alat mic condenser","positif"
"Mahasiswa bisa mengakses AIAA Journal","positif"
"Tersedia kopi jahe merah di kantin","positif"
"Pelatihan statistical analysis","positif"
"Mahasiswa bisa meminjam alat mesin planner","positif"
"UKM Bulutangkis memiliki raket babolat","positif"
"Proses pendaftaran yudisium gelombang 16","positif"
"Ruang himpunan mahasiswa ada galon air","positif"
"Fasilitas tempat parkir motor dekat atm","positif"
"Mahasiswa bisa menggunakan software InDesign","positif"
"Tersedia teh bunga krisan di kantin","positif"
"Ruang kelas dengan tirai roller","positif"
"UKM Robotik memiliki modul GPS","positif"
"Mahasiswa bisa meminjam mesin gergaji di lab","positif"
"UKM Pramuka memiliki senter kepala","positif"
"Mahasiswa bisa mengakses ASA Journal","positif"
"Tersedia kopi kacang tanah di kantin","positif"
"Pelatihan regression analysis","positif"
"Ruang kelas dengan lampu neon","positif"
"Kegiatan lomba karya tulis populer","positif"
"Mahasiswa bisa meminjam kenong","positif"
"UKM Tari memiliki anting","positif"
"Ruang himpunan mahasiswa ada meja belajar","positif"
"Mahasiswa bisa menggunakan software Photoshop","positif"
"Tersedia minuman es kacang hijau di koperasi","positif"
"Pelatihan hypothesis testing","positif"
"UKM Sepak Bola memiliki bola latih","positif"
"Mahasiswa bisa meminjam alat mic dynamic","positif"
"UKM Paduan Suara memiliki music folder","positif"
"Mahasiswa bisa mengakses ASH Journal","positif"
"Tersedia kopi biji salak di kantin","positif"
"Pelatihan ANOVA analysis","positif"
"Mahasiswa bisa meminjam alat mesin amplas","positif"
"UKM Bulutangkis memiliki raket prince","positif"
"Proses pendaftaran wisuda gelombang 16","positif"
"Fasilitas tempat parkir motor dekat minimarket","positif"
"Mahasiswa bisa menggunakan software Audition","positif"
"Tersedia teh daun mint di kantin","positif"
"Pelatihan chi square test","positif"
"UKM Robotik memiliki modul RFID","positif"
"Fasilitas CCTV di ruang data","positif"
"Mahasiswa bisa meminjam mesin las di lab","positif"
"UKM Pramuka memiliki botol minum","positif"
"Mahasiswa bisa mengakses ASM Journal","positif"
"Tersedia kopi rempah di kantin","positif"
"Pelatihan t-test analysis","positif"
"Kegiatan seminar anti narkoba","positif"
"Mahasiswa bisa meminjam ketipung","positif"
"UKM Tari memiliki gelang kaki","positif"
"Mahasiswa bisa menggunakan software Dreamweaver","positif"
"Tersedia minuman es lidah buaya di koperasi","positif"
"Pelatihan correlation analysis","positif"
"Ruang tunggu dengan televisi","positif"
"UKM Sepak Bola memiliki rompi","positif"
"Mahasiswa bisa meminjam alat mic wireless","positif"
"Tersedia layanan antar jemput jumat","positif"
"Mahasiswa bisa mengakses ASN Journal","positif"
"Tersedia kopi jahe sereh di kantin","positif"
"Pelatihan factor analysis","positif"
"Mahasiswa bisa meminjam alat mesin bor","positif"
"UKM Bulutangkis memiliki raket dunlop","positif"
"Proses pendaftaran yudisium gelombang 17","positif"
"Fasilitas tempat parkir motor dekat warung","positif"
"Mahasiswa bisa menggunakan software Animate","positif"
"Tersedia teh kulit manggis di kantin","positif"
"Pelatihan cluster analysis","positif"
"Mahasiswa bisa meminjam mesin press di lab","positif"
"UKM Pramuka memiliki pisau serbaguna","positif"
"Mahasiswa bisa mengakses ASP Journal","positif"
"Pelatihan discriminant analysis","positif"
"Ruang kelas dengan lampu LED downlight","positif"
"Kegiatan lomba pidato bahasa daerah","positif"
"Mahasiswa bisa meminjam kendang","positif"
"UKM Tari memiliki properti kipas","positif"
"Ruang himpunan mahasiswa ada printer laser","positif"
"Mahasiswa bisa menggunakan software Character Animator","positif"
"Tersedia minuman es rumput laut di koperasi","positif"
"Pelatihan conjoint analysis","positif"
"Ruang baca dengan kipas angin gantung","positif"
"Mahasiswa bisa meminjam alat mic shotgun","positif"
"Mahasiswa bisa mengakses ASS Journal","positif"
"Tersedia kopi kayu secang di kantin","positif"
"Pelatihan multidimensional scaling","positif"
"Mahasiswa bisa meminjam alat mesin bubut","positif"
"UKM Bulutangkis memiliki raket mizuno","positif"
"Proses pendaftaran wisuda gelombang 17","positif"
"Mahasiswa bisa menggunakan software Dimension","positif"
"Pelatihan structural equation modeling","positif"
"Ruang kelas dengan jam dinding","positif"
"Mahasiswa bisa meminjam mesin gergaji pita di lab","positif"
"UKM Pramuka memiliki tempat makan","positif"
"Mahasiswa bisa mengakses AST Journal","positif"
"Tersedia kopi coklat mint di kantin","positif"
"Pelatihan path analysis","positif"
"Mahasiswa bisa meminjam gong","positif"
"UKM Tari memiliki selendang pelangi","positif"
"Ruang himpunan mahasiswa ada mesin jahit","positif"
"Mahasiswa bisa menggunakan software Fuse","positif"
"Tersedia minuman es timun di koperasi","positif"
"Pelatihan time series analysis","positif"
"UKM Sepak Bola memiliki kostum","positif"
"Mahasiswa bisa meminjam alat mic lavalier","positif"
"UKM Paduan Suara memiliki keyboard stand","positif"
"Mahasiswa bisa mengakses AT Journal","positif"
"Tersedia kopi kelor di kantin","positif"
"Pelatihan survival analysis","positif"
"Mahasiswa bisa meminjam alat mesin ketam","positif"
"UKM Bulutangkis memiliki raket ashaway","positif"
"Proses pendaftaran yudisium gelombang 18","positif"
"Fasilitas tempat parkir motor dekat pos satpam","positif"
"Mahasiswa bisa menggunakan software InCopy","positif"
"Tersedia teh sirsak di kantin","positif"
"Pelatihan meta analysis","positif"
"Mahasiswa bisa meminjam mesin skrol di lab","positif"
"Mahasiswa bisa mengakses AU Journal","positif"
"Tersedia kopi temulawak di kantin","positif"
"Pelatihan systematic review","positif"
"Ruang kelas dengan stop kontak","positif"
"Mahasiswa bisa meminjam siter","positif"
"UKM Tari memiliki kebaya encim","positif"
"Ruang himpunan mahasiswa ada meja pingpong","positif"
"Mahasiswa bisa menggunakan software Lightroom Classic","positif"
"Pelatihan network analysis","positif"
"Ruang baca dengan kursi empuk","positif"
"UKM Sepak Bola memiliki peluit","positif"
"Mahasiswa bisa meminjam alat headphone","positif"
"UKM Paduan Suara memiliki mixer yamaha","positif"
"Mahasiswa bisa mengakses AV Journal","positif"
"Tersedia kopi jahe emprit di kantin","positif"
"Pelatihan text mining","positif"
"Mahasiswa bisa meminjam alat mesin pahat","positif"
"UKM Bulutangkis memiliki raket karakal","positif"
"Proses pendaftaran wisuda gelombang 18","positif"
"Ruang himpunan mahasiswa ada jam dinding digital","positif"
"Mahasiswa bisa menggunakan software Media Encoder","positif"
"Pelatihan sentiment analysis","positif"
"Mahasiswa bisa meminjam mesin router di lab","positif"
"Mahasiswa bisa mengakses AW Journal","positif"
"Tersedia kopi wedang uwuh di kantin","positif"
"Pelatihan machine learning","positif"
"Mahasiswa bisa meminjam rebab","positif"
"UKM Tari memiliki kain songket","positif"
"Mahasiswa bisa menggunakan software Muse","positif"
"Tersedia minuman es alpukat kocok di koperasi","positif"
"Pelatihan deep learning","positif"
"UKM Sepak Bola memiliki bola futsal","positif"
"Mahasiswa bisa meminjam alat mic usb","positif"
"UKM Paduan Suara memiliki equalizer dbx","positif"
"Mahasiswa bisa mengakses AX Journal","positif"
"Tersedia kopi jahe wangi di kantin","positif"
"Pelatihan neural network","positif"
"Ruang baca dengan meja belajar lipat","positif"
"Mahasiswa bisa meminjam alat mesin frais","positif"
"UKM Bulutangkis memiliki raket gosen","positif"
"Proses pendaftaran yudisium gelombang 19","positif"
"Ruang himpunan mahasiswa ada lampu belajar","positif"
"Fasilitas tempat parkir motor dekat kantor pos","positif"
"Mahasiswa bisa menggunakan software Photoshop Elements","positif"
"Pelatihan natural language processing","positif"
"Mahasiswa bisa meminjam mesin bor magnet di lab","positif"
"Mahasiswa bisa mengakses AY Journal","positif"
"Tersedia kopi bajigur di kantin","positif"
"Pelatihan computer vision","positif"
"Mahasiswa bisa meminjam suling bambu","positif"
"UKM Tari memiliki properti payung","positif"
"Ruang himpunan mahasiswa ada papan tulis kaca","positif"
"Mahasiswa bisa menggunakan software Prelude","positif"
"Tersedia minuman es buah segar di koperasi","positif"
"Pelatihan reinforcement learning","positif"
"UKM Sepak Bola memiliki rompi kiper","positif"
"UKM Paduan Suara memiliki compressor dbx","positif"
"Mahasiswa bisa mengakses AZ Journal","positif"
"Tersedia kopi bandrek di kantin","positif"
"Pelatihan robotics process automation","positif"
"Ruang tunggu dengan sofa empuk","positif"
"Mahasiswa bisa meminjam alat mesin sekrap","positif"
"UKM Bulutangkis memiliki raket toalson","positif"
"Proses pendaftaran wisuda gelombang 19","positif"
"Mahasiswa bisa menggunakan software Premiere Rush","positif"
"Tersedia teh putih di kantin","positif"
"Pelatihan internet of things","positif"
"Mahasiswa bisa meminjam mesin gerinda tangan di lab","positif"
"UKM Pramuka memiliki tenda camping","positif"
"Mahasiswa bisa mengakses BA Journal","positif"
"Tersedia kopi susu hangat di kantin","positif"
"Pelatihan cloud computing","positif"
"Kegiatan seminar pendidikan karakter","positif"
"Mahasiswa bisa meminjam angklung mini","positif"
"UKM Tari memiliki properti selendang","positif"
"Mahasiswa bisa menggunakan software SpeedGrade","positif"
"Tersedia minuman es kopyor segar di koperasi","positif"
"Pelatihan big data analytics","positif"
"UKM Sepak Bola memiliki sepatu futsal","positif"
"Mahasiswa bisa meminjam alat speaker aktif","positif"
"Tersedia layanan antar jemput minggu pagi","positif"
"UKM Paduan Suara memiliki crossover dbx","positif"
"Mahasiswa bisa mengakses BB Journal","positif"
"Tersedia kopi ronde di kantin","positif"
"Pelatihan blockchain technology","positif"
"Mahasiswa bisa meminjam alat mesin planner kayu","positif"
"UKM Bulutangkis memiliki raket yang bagus","positif"
"Proses pendaftaran yudisium gelombang 20","positif"
"Mahasiswa bisa menggunakan software Substance Painter","positif"
"Tersedia teh oolong di kantin","positif"
"Pelatihan augmented reality","positif"
"UKM Robotik memiliki sensor kelembaban","positif"
"Mahasiswa bisa meminjam mesin gergaji circular di lab","positif"
"Mahasiswa bisa mengakses BC Journal","positif"
"Pelatihan virtual reality","positif"
"Kegiatan lomba karya tulis nasional","positif"
"Mahasiswa bisa meminjam calung renteng","positif"
"UKM Tari memiliki properti kipas lipat","positif"
"Mahasiswa bisa menggunakan software Quixel","positif"
"Tersedia minuman es cincau hitam di koperasi","positif"
"Pelatihan mixed reality","positif"
"UKM Sepak Bola memiliki deker kaki","positif"
"Mahasiswa bisa meminjam alat mixer mini","positif"
"Tersedia layanan antar jemput jumat pagi","positif"
"UKM Paduan Suara memiliki efek vokal","positif"
"Mahasiswa bisa mengakses BD Journal","positif"
"Tersedia kopi secang di kantin","positif"
"Pelatihan cyber security","positif"
"Mahasiswa bisa meminjam alat mesin profil kayu","positif"
"UKM Bulutangkis memiliki raket dan kok","positif"
"Proses pendaftaran wisuda gelombang 20","positif"
"Fasilitas tempat parkir motor dekat ATM","positif"
"Mahasiswa bisa menggunakan software Audition CC","positif"
"Pelatihan data privacy","positif"
"UKM Robotik memiliki sensor gas","positif"
"Mahasiswa bisa meminjam mesin las argon di lab","positif"
"UKM Pramuka memiliki alat masak lapangan","positif"
"Mahasiswa bisa mengakses BE Journal","positif"
"Tersedia kopi wedang jahe di kantin","positif"
"Pelatihan ethical hacking","positif"
"Kegiatan seminar anti radikalisme","positif"
"Mahasiswa bisa meminjam kendang jaipong","positif"
"UKM Tari memiliki properti bokor","positif"
"Mahasiswa bisa menggunakan software Animate CC","positif"
"Tersedia minuman es cendol dawet di koperasi","positif"
"Pelatihan network security","positif"
"UKM Sepak Bola memiliki jersey printing","positif"
"Mahasiswa bisa meminjam alat microphone stand","positif"
"Tersedia layanan antar jemput sabtu pagi","positif"
"UKM Paduan Suara memiliki speaker jbl","positif"
"Mahasiswa bisa mengakses BF Journal","positif"
"Tersedia kopi jahe sereh lemon di kantin","positif"
"Pelatihan penetration testing","positif"
"Mahasiswa bisa meminjam alat mesin bor duduk","positif"
"UKM Bulutangkis memiliki shuttlecock terbaik","positif"
"Proses pendaftaran yudisium gelombang 21","positif"
"Mahasiswa bisa menggunakan software Bridge CC","positif"
"Pelatihan application security","positif"
"UKM Robotik memiliki sensor tekanan","positif"
"Mahasiswa bisa meminjam mesin las listrik di lab","positif"
"UKM Pramuka memiliki botol air","positif"
"Mahasiswa bisa mengakses BG Journal","positif"
"Pelatihan cloud security","positif"
"Kegiatan lomba pidato tiga bahasa","positif"
"Mahasiswa bisa meminjam gamelan degung","positif"
"UKM Tari memiliki properti sampur","positif"
"Mahasiswa bisa menggunakan software Character Animator CC","positif"
"Tersedia minuman es kelapa gula merah di koperasi","positif"
"Pelatihan IoT security","positif"
"UKM Sepak Bola memiliki kostum kiper warna warni","positif"
"Mahasiswa bisa meminjam alat mic clip on","positif"
"Tersedia layanan antar jemput ahad pagi","positif"
"UKM Paduan Suara memiliki mic condenser akg","positif"
"Mahasiswa bisa mengakses BH Journal","positif"
"Tersedia kopi jahe merah susu di kantin","positif"
"Pelatihan mobile security","positif"
"Mahasiswa bisa meminjam alat mesin ketam perata","positif"
"UKM Bulutangkis memiliki net yang kuat","positif"
"Proses pendaftaran wisuda gelombang 21","positif"
"Ruang himpunan mahasiswa ada jam dinding antik","positif"
"Fasilitas tempat parkir motor dekat warung kopi","positif"
"Mahasiswa bisa menggunakan software Dimension CC","positif"
"Pelatihan web security","positif"
"UKM Robotik memiliki sensor inframerah","positif"
"Mahasiswa bisa meminjam mesin bubut kayu di lab","positif"
"Mahasiswa bisa mengakses BI Journal","positif"
"Tersedia kopi coklat jahe di kantin","positif"
"Pelatihan database security","positif"
"Kegiatan seminar anti hoax","positif"
"Mahasiswa bisa meminjam karinding","positif"
"UKM Tari memiliki properti gelang","positif"
"Mahasiswa bisa menggunakan software Fuse CC","positif"
"Tersedia minuman es degan gula jawa di koperasi","positif"
"Pelatihan endpoint security","positif"
"Ruang tunggu dengan TV layar datar","positif"
"UKM Sepak Bola memiliki sepatu bola mizuno","positif"
"Mahasiswa bisa meminjam alat headphone monitor","positif"
"Tersedia layanan antar jemput pagi buta","positif"
"UKM Paduan Suara memiliki stand keyboard","positif"
"Mahasiswa bisa mengakses BJ Journal","positif"
"Tersedia kopi susu jahe merah di kantin","positif"
"Pelatihan email security","positif"
"Mahasiswa bisa meminjam alat mesin amplas getar","positif"
"UKM Bulutangkis memiliki grip yang bagus","positif"
"Proses pendaftaran yudisium gelombang 22","positif"
"Ruang himpunan mahasiswa ada kursi roda","positif"
"Mahasiswa bisa menggunakan software InCopy CC","positif"
"Pelatihan ransomware protection","positif"
"UKM Robotik memiliki sensor magnet","positif"
"Mahasiswa bisa meminjam mesin gergaji jigsaw di lab","positif"
"UKM Pramuka memiliki ransel gunung","positif"
"Mahasiswa bisa mengakses BK Journal","positif"
"Tersedia kopi rempah jahe di kantin","positif"
"Pelatihan malware analysis","positif"
"Mahasiswa bisa meminjam celempung","positif"
"UKM Tari memiliki properti kalung","positif"
"Mahasiswa bisa menggunakan software Lightroom Classic CC","positif"
"Tersedia minuman es timun suri di koperasi","positif"
"Pelatihan incident response","positif"
"Mahasiswa bisa meminjam alat mic wireless shure","positif"
"Tersedia layanan antar jemput siang bolong","positif"
"UKM Paduan Suara memiliki mixer allen heath","positif"
"Mahasiswa bisa mengakses BL Journal","positif"
"Tersedia kopi bajigur susu di kantin","positif"
"Pelatihan digital forensics","positif"
"Mahasiswa bisa meminjam alat mesin bubut mini","positif"
"UKM Bulutangkis memiliki raket yang mahal","positif"
"Proses pendaftaran wisuda gelombang 22","positif"
"Mahasiswa bisa menggunakan software Media Encoder CC","positif"
"Tersedia teh melati wangi di kantin","positif"
"Pelatihan risk management","positif"
"UKM Robotik memiliki sensor proximity","positif"
"Mahasiswa bisa mengakses BM Journal","positif"
"Tersedia kopi wedang uwuh susu di kantin","positif"
"Pelatihan business continuity","positif"
"Mahasiswa bisa meminjam jentreng","positif"
"UKM Tari memiliki properti anting","positif"
"Mahasiswa bisa menggunakan software Muse CC","positif"
"Tersedia minuman es blewah segar di koperasi","positif"
"Pelatihan disaster recovery","positif"
"UKM Sepak Bola memiliki bola futsal berkualitas","positif"
"Mahasiswa bisa meminjam alat audio mixer","positif"
"Tersedia layanan antar jemput subuh hari","positif"
"UKM Paduan Suara memiliki equalizer graphic","positif"
"Mahasiswa bisa mengakses BN Journal","positif"
"Tersedia kopi bandrek susu di kantin","positif"
"Pelatihan compliance management","positif"
"Ruang baca dengan meja belajar kayu","positif"
"Mahasiswa bisa meminjam alat mesin sekrap kayu","positif"
"UKM Bulutangkis memiliki senar yang bagus","positif"
"Proses pendaftaran yudisium gelombang 23","positif"
"Mahasiswa bisa menggunakan software Photoshop CC","positif"
"Tersedia teh rosella kering di kantin","positif"
"Pelatihan governance risk compliance","positif"
"UKM Robotik memiliki sensor getar","positif"
"Mahasiswa bisa meminjam mesin router kayu di lab","positif"
"Mahasiswa bisa mengakses BO Journal","positif"
"Tersedia kopi ronde jahe di kantin","positif"
"Pelatihan internal audit","positif"
"Mahasiswa bisa meminjam kecapi indung","positif"
"UKM Tari memiliki properti kebaya","positif"
"Ruang himpunan mahasiswa ada dispenser galon","positif"
"Mahasiswa bisa menggunakan software Prelude CC","positif"
"Tersedia minuman es kacang ijo di koperasi","positif"
"Pelatihan ISO awareness","positif"
"UKM Paduan Suara memiliki compressor limiter","positif"
"Mahasiswa bisa mengakses BP Journal","positif"
"Tersedia kopi secang susu di kantin","positif"
"Pelatihan quality management","positif"
"UKM Bulutangkis memiliki grip original","positif"
"Proses pendaftaran wisuda gelombang 23","positif"
"Ruang himpunan mahasiswa ada televisi kabel","positif"
"Mahasiswa bisa menggunakan software Premiere Pro CC","positif"
"Pelatihan six sigma","positif"
"UKM Robotik memiliki sensor warna","positif"
"Mahasiswa bisa meminjam mesin gerinda duduk di lab","positif"
"Mahasiswa bisa mengakses BQ Journal","positif"
"Tersedia kopi jahe emprit susu di kantin","positif"
"Pelatihan lean management","positif"
"Mahasiswa bisa meminjam kacapi suling","positif"
"UKM Tari memiliki properti stagen","positif"
"Mahasiswa bisa menggunakan software SpeedGrade CC","positif"
"Tersedia minuman es buah naga di koperasi","positif"
"Pelatihan agile project management","positif"
"Ruang tunggu dengan TV LCD","positif"
"UKM Sepak Bola memiliki deker tulang kering","positif"
"Mahasiswa bisa meminjam alat speaker portable","positif"
"Tersedia layanan antar jemput minggu siang","positif"
"Mahasiswa bisa mengakses BR Journal","positif"
"Tersedia kopi wedang jahe wangi di kantin","positif"
"Pelatihan scrum master","positif"
"UKM Bulutangkis memiliki tas raket yang bagus","positif"
"Proses pendaftaran yudisium gelombang 24","positif"
"Mahasiswa bisa menggunakan software Rush CC","positif"
"Pelatihan kanban methodology","positif"
"UKM Robotik memiliki sensor aliran","positif"
"UKM Pramuka memiliki alat survival","positif"
"Mahasiswa bisa mengakses BS Journal","positif"
"Tersedia kopi susu jahe wangi di kantin","positif"
"Pelatihan extreme programming","positif"
"Mahasiswa bisa meminjam tarawangsa","positif"
"UKM Tari memiliki properti jarik","positif"
"Mahasiswa bisa menggunakan software Substance 3D","positif"
"Tersedia minuman es pisang hijau di koperasi","positif"
"Pelatihan devops culture","positif"
"UKM Sepak Bola memiliki sepatu bola nike","positif"
"UKM Paduan Suara memiliki efek reverb","positif"
"Mahasiswa bisa mengakses BT Journal","positif"
"Tersedia kopi jahe sereh madu di kantin","positif"
"Pelatihan continuous integration","positif"
"Mahasiswa bisa meminjam alat mesin bor tangan","positif"
"UKM Bulutangkis memiliki shuttlecock yonex","positif"
"Proses pendaftaran wisuda gelombang 24","positif"
"Tersedia teh sereh lemon di kantin","positif"
"Pelatihan continuous delivery","positif"
"UKM Robotik memiliki sensor suara","positif"
"Mahasiswa bisa mengakses BU Journal","positif"
"Pelatihan test driven development","positif"
"Mahasiswa bisa meminjam jengglong","positif"
"UKM Tari memiliki properti selendang batik","positif"
"Tersedia minuman es cendol durian di koperasi","positif"
"Pelatihan behavior driven development","positif"
"UKM Sepak Bola memiliki kostum printing","positif"
"Mahasiswa bisa meminjam alat microphone condenser","positif"
"Tersedia layanan antar jemput sabtu siang","positif"
"UKM Paduan Suara memiliki speaker active yamaha","positif"
"Mahasiswa bisa mengakses BV Journal","positif"
"Tersedia kopi jahe merah madu di kantin","positif"
"Pelatihan pair programming","positif"
"UKM Bulutangkis memiliki net yonex","positif"
"Proses pendaftaran yudisium gelombang 25","positif"
"Ruang himpunan mahasiswa ada lemari arsip","positif"
"Mahasiswa bisa menggunakan software Bridge","positif"
"Pelatihan mob programming","positif"
"UKM Robotik memiliki sensor sidik jari","positif"
"UKM Pramuka memiliki botol air minum","positif"
"Mahasiswa bisa mengakses BW Journal","positif"
"Tersedia kopi jahe susu kambing di kantin","positif"
"Pelatihan code review","positif"
"Kegiatan lomba pidato bahasa asing","positif"
"Mahasiswa bisa meminjam gamelan salendro","positif"
"UKM Tari memiliki properti kipas tari","positif"
"Tersedia minuman es kelapa jeruk di koperasi","positif"
"Pelatihan refactoring technique","positif"
"UKM Sepak Bola memiliki rompi tim","positif"
"Mahasiswa bisa meminjam alat mic clip on wireless","positif"
"Tersedia layanan antar jemput ahad siang","positif"
"UKM Paduan Suara memiliki mic dynamic shure","positif"
"Mahasiswa bisa mengakses BX Journal","positif"
"Tersedia kopi secang jahe di kantin","positif"
"Pelatihan software architecture","positif"
"UKM Bulutangkis memiliki tiang net yang kokoh","positif"
"Proses pendaftaran wisuda gelombang 25","positif"
"Ruang himpunan mahasiswa ada jam dinding unik","positif"
"Tersedia teh earl grey susu di kantin","positif"
"Pelatihan microservices architecture","positif"
"UKM Robotik memiliki sensor api","positif"
"Mahasiswa bisa mengakses BY Journal","positif"
"Tersedia kopi bajigur jahe di kantin","positif"
"Pelatihan API design","positif"
"Mahasiswa bisa meminjam kacapi parahu","positif"
"UKM Tari memiliki properti payung kertas","positif"
"Tersedia minuman es degan gula aren di koperasi","positif"
"Pelatihan RESTful API","positif"
"Mahasiswa bisa meminjam alat headphone studio","positif"
"Tersedia layanan antar jemput pagi sekali","positif"
"UKM Paduan Suara memiliki stand mic yang kokoh","positif"
"Mahasiswa bisa mengakses BZ Journal","positif"
"Tersedia kopi jahe susu jahe di kantin","positif"
"Pelatihan graphQL API","positif"
"Dosen killer tetapi tidak memberikan materi yang jelas sama sekali","negatif"
"Fasilitas toilet mampet dan bau tidak sedap sepanjang hari","negatif"
"Website akademik sering down saat dibutuhkan untuk KRS","negatif"
"Staff administrasi sangat tidak ramah dan terkesan malas melayani","negatif"
"Koneksi WiFi kampus sangat lambat bahkan untuk membuka email","negatif"
"Kantin kampus sangat kotor dan banyak lalat","negatif"
"Proses pengurusan surat di TU sangat berbelit-belit dan lama","negatif"
"Ruang kelas sangat panas karena AC tidak berfungsi","negatif"
"Banyak dosen yang jarang masuk kuliah tanpa alasan jelas","negatif"
"Keamanan kampus sangat longgar, motor teman saya hilang di parkiran","negatif"
"Aplikasi mobile kampus sering crash dan tidak bisa login","negatif"
"Pihak jurusan tidak transparan mengenai alokasi dana kegiatan","negatif"
"Kursi di ruang kuliah banyak yang patah dan tidak nyaman","negatif"
"Pelayanan klinik kampus sangat lambat dan obat tidak lengkap","negatif"
"Tidak ada sinyal internet di ruang kelas lantai 3","negatif"
"Mahasiswa difabel kesulitan mengakses gedung karena tidak ada ramp","negatif"
"Dosen pembimbing skripsi sangat sulit ditemui dan tidak responsif","negatif"
"Informasi jadwal kuliah sering berubah mendadak tanpa pemberitahuan","negatif"
"Fasilitas laboratorium sangat ketinggalan zaman dan alatnya rusak","negatif"
"Jalan menuju kampus banjir parah setiap kali hujan","negatif"
"Satpam kampus galak dan sering membentak mahasiswa","negatif"
"Proses banding nilai sangat dipersulit oleh admin jurusan","negatif"
"Ruang perpustakaan sangat bising karena banyak yang nongkrong","negatif"
"Pencahayaan di area parkir sangat minim dan rawan kejahatan","negatif"
"Petugas kebersihan jarang membersihkan selokan sehingga bau","negatif"
"Tukang fotokopi di kampus sering salah menghitung kembalian","negatif"
"Tidak ada kanopi sehingga mahasiswa kehujanan saat pindah kelas","negatif"
"Sistem informasi akademik sangat lemot saat jam sibuk","negatif"
"Dosen sering memberikan tugas tanpa menjelaskan instruksinya","negatif"
"Koperasi mahasiswa menjual barang dengan harga lebih mahal","negatif"
"Papan pengumuman di jurusan kosong tidak pernah diupdate","negatif"
"Biaya UKT naik terus tetapi fasilitas tidak bertambah","negatif"
"Pelatih UKM tidak pernah hadir dalam sesi latihan","negatif"
"Jadwal kuliah sering bentrok dengan jadwal praktikum","negatif"
"Tidak ada ruang laktasi yang layak untuk mahasiswi menyusui","negatif"
"Bau menyengat dari saluran air di belakang gedung","negatif"
"Mahasiswa baru tidak mendapatkan buku panduan akademik yang jelas","negatif"
"Proses daftar ulang mahasiswa lama terlalu berbelit","negatif"
"Meja praktikum di laboratorium penuh coretan dan kotor","negatif"
"dosennya tidak ramah","negatif"
"Jam operasional perpustakaan terlalu singkat","negatif"
"Staff TU sering datang terlambat dan pulang lebih awal","negatif"
"Pengumuman beasiswa selalu mendadak dengan persyaratan rumit","negatif"
"Kabel di lab komputer banyak yang terkelupas dan berbahaya","negatif"
"Dosen wali tidak pernah merespon chat mahasiswa bimbingannya","negatif"
"Loker mahasiswa banyak yang rusak dan tidak bisa dikunci","negatif"
"Alat pemadam kebakaran di koridor ternyata kosong","negatif"
"Vending machine sering menelan uang tanpa mengeluarkan barang","negatif"
"Pihak kampus tidak bertanggung jawab atas helm yang hilang","negatif"
"Ruang kelas di gedung lama sangat pengap dan lembab","negatif"
"Dosen mengajar hanya membaca slide presentasi tanpa interaksi","negatif"
"Antrian di loket pembayaran UKT sangat panjang dan lambat","negatif"
"Lapangan parkir motor becek dan berlumpur saat musim hujan","negatif"
"Tidak ada akses untuk kursi roda di gedung fakultas","negatif"
"Kantin menjual makanan yang sudah basi","negatif"
"Proses pengajuan cuti akademik sangat rumit dan lama","negatif"
"Petugas kebersihan membuang sampah sembarangan di belakang gedung","negatif"
"Sound system di ruang seminar selalu berdengung mengganggu","negatif"
"Banyak kucing liar yang buang kotoran di selasar kelas","negatif"
"Ruang baca fakultas sering dijadikan tempat tidur mahasiswa","negatif"
"Proyektor di kelas sering mati mendadak saat presentasi","negatif"
"Dosen sering memberikan nilai tanpa kriteria yang jelas","negatif"
"Website resmi fakultas tidak pernah update informasi terbaru","negatif"
"Kualitas tisu di toilet sangat kasar dan cepat habis","negatif"
"Mahasiswa yang ingin pindah program studi sangat dipersulit","negatif"
"Kelas mata kuliah wajib cepat penuh sehingga banyak yang tidak kebagian","negatif"
"Dispenser air minum di koridor sering kosong tidak diisi","negatif"
"Pihak kemahasiswaan tidak transparan soal dana kegiatan ormawa","negatif"
"Fasilitas gym hanya boleh digunakan oleh mahasiswa tertentu","negatif"
"Plafon di ruang kelas hampir roboh dan membahayakan","negatif"
"Mahasiswa praktikum disuruh membeli alat sendiri karena inventaris kurang","negatif"
"Sistem antrian di TU tidak jelas dan sering diserobot","negatif"
"Kaca jendela ruang kelas pecah tidak segera diperbaiki","negatif"
"Birokrasi pengesahan proposal kegiatan sangat lama","negatif"
"Tidak ada ruang isolasi sementara untuk mahasiswa yang sakit","negatif"
"Dosen merokok di ruang kerjanya dan baunya mengganggu","negatif"
"Alat scan KTM di perpustakaan sudah rusak berbulan-bulan","negatif"
"Pengumuman hasil ujian sering terlambat dari jadwal yang dijanjikan","negatif"
"Ruang tunggu dosen pembimbing sangat sempit dan panas","negatif"
"Mahasiswa tidak dilibatkan dalam pengambilan kebijakan kampus","negatif"
"Koneksi listrik di laboratorium sering mati mendadak","negatif"
"Penerangan di tangga darurat sangat gelap","negatif"
"Banyak mahasiswa titip absen karena sistem presensi mudah dicurangi","negatif"
"Koperasi mahasiswa hanya buka saat jam kuliah berlangsung","negatif"
"Formulir pendaftaran online sering error saat di-submit","negatif"
"Tukang kebun merokok dan membuang puntung di dekat tanaman","negatif"
"Jadwal praktikum malam hari sangat berbahaya bagi mahasiswi","negatif"
"Software di lab komputer masih menggunakan versi bajakan","negatif"
"Banyak kecoa berkeliaran di lantai ruang seminar","negatif"
"Pelayanan kartu mahasiswa baru sangat lambat bisa sampai 2 bulan","negatif"
"Air keran di toilet sering mati sehingga tidak bisa cuci tangan","negatif"
"Parkir sepeda motor di basement banjir saat hujan","negatif"
"Tidak ada jalur evakuasi yang jelas di gedung tinggi","negatif"
"Dosen pembimbing magang tidak pernah membalas laporan mahasiswa","negatif"
"Mahasiswa yang kritis sering mendapatkan nilai rendah","negatif"
"Acara wisuda selalu molor hingga larut malam","negatif"
"Tembok kampus kotor karena coretan vandalisme","negatif"
"Petugas TU menolak mengurus surat rekomendasi dengan alasan sepele","negatif"
"Jas almamater baru kualitasnya sangat buruk dan mudah luntur","negatif"
"Antrian lift di gedung fakultas sangat panjang saat jam sibuk","negatif"
"Mahasiswa asing diperlakukan lebih istimewa dibanding mahasiswa lokal","negatif"
"Kipas angin di kantin penuh debu tebal tidak pernah dibersihkan","negatif"
"Tidak ada program daur ulang sampah di lingkungan kampus","negatif"
"Kelas pagi jam 7 sering dimulai telat 30 menit karena dosen terlambat","negatif"
"Pendataan wisuda selalu ribet dan mengharuskan bolak-balik","negatif"
"Tidak ada tempat penitipan anak untuk mahasiswa yang sudah berkeluarga","negatif"
"Suara bising dari proyek konstruksi mengganggu proses belajar","negatif"
"Dosen sering menunda jadwal bimbingan tanpa alasan jelas","negatif"
"Toilet khusus difabel malah dijadikan gudang alat kebersihan","negatif"
"Koneksi internet mati total saat ujian daring berlangsung","negatif"
"Papan informasi beasiswa kosong melompong tidak ada info","negatif"
"Mahasiswa harus iuran sendiri untuk membeli kertas tisu di toilet","negatif"
"Pintu darurat di gedung perpustakaan terkunci rapat","negatif"
"Tidak ada pelatihan kewirausahaan yang berkelanjutan untuk mahasiswa","negatif"
"Kesalahan cetak pada ijazah tidak mau diperbaiki oleh pihak kampus","negatif"
"Petugas perpustakaan galak dan tidak membantu","negatif"
"Mahasiswa sulit mendapatkan persetujuan penelitian di laboratorium","negatif"
"Jam pulang kerja pegawai TU tidak konsisten","negatif"
"Pembina kemahasiswaan terlalu ikut campur urusan internal BEM","negatif"
"Fasilitas fingerprint di gerbang sering gagal membaca jari","negatif"
"Alarm kebakaran berbunyi palsu tanpa ada kejadian darurat","negatif"
"Bau menyengat dari selokan belakang laboratorium kimia","negatif"
"Mahasiswa tingkat akhir susah dihubungi oleh admin jurusan","negatif"
"Proses yudisium sering molor dari jadwal yang ditentukan","negatif"
"Kelas kotor setelah dipakai oleh rombongan sebelumnya","negatif"
"Pekerja proyek membuang material bangunan sembarangan","negatif"
"Mahasiswa jarang dilibatkan dalam penyusunan kebijakan kampus","negatif"
"Pembayaran di koperasi masih manual dan tidak menerima QRIS","negatif"
"Tempat wudhu di mushola sering mampet dan bau","negatif"
"Dosen wali tidak pernah membuka sesi konsultasi akademik","negatif"
"Tidak ada tim tanggap darurat yang terlatih di kampus","negatif"
"Air keran di laboratorium tidak mengalir dengan lancar","negatif"
"Pihak keamanan galak dan tidak sopan terhadap tamu kampus","negatif"
"Ruang kelas terlalu sempit untuk menampung 50 mahasiswa","negatif"
"Tidak ada pengecekan kelayakan alat praktikum secara berkala","negatif"
"Mahasiswa harus membayar sewa loker yang cukup mahal","negatif"
"Kuliah umum sering diisi dengan kampanye politik praktis","negatif"
"Jadwal perwalian tidak jelas dan sering mendadak","negatif"
"Ruang ujian terlalu bising karena dekat dengan jalan raya","negatif"
"Pihak jurusan tidak mengakui sertifikat kompetensi dari luar","negatif"
"Tempat sampah medis di klinik tidak tersedia","negatif"
"Tidak ada donatur tetap untuk bantuan bencana internal kampus","negatif"
"Banyak dosen yang sudah tidak update jurnal ilmiah","negatif"
"Tidak ada tempat penitipan sepeda yang aman","negatif"
"Lampu di lapangan basket mati total tidak diperbaiki","negatif"
"Mahasiswa sering telat karena transportasi umum tidak jelas","negatif"
"Ada isu kenaikan UKT sepihak tanpa sosialisasi","negatif"
"Tidak ada tempat sampah di sekitar area taman belakang","negatif"
"Dosen killer tapi tidak jelas menerangkan materi","negatif"
"Toilet mampet dan bau pesing sepanjang hari","negatif"
"Website akademik error terus pas mau KRS an","negatif"
"Staff administrasi jutek dan tidak membantu","negatif"
"WiFi kampus lemot parah susah buka Google","negatif"
"Kantin kotor banyak lalat tidak higienis","negatif"
"Proses surat menyurat di TU sangat berbelit","negatif"
"AC di ruang kuliah mati semua panas menyengat","negatif"
"Dosen jarang masuk tanpa ada kabar sama sekali","negatif"
"Motor hilang di parkiran kampus tidak ada tanggung jawab","negatif"
"Aplikasi kampus sering crash tidak bisa login","negatif"
"Pihak jurusan tidak jelas soal dana kemahasiswaan","negatif"
"Kursi kuliah banyak yang patah dan goyang","negatif"
"Pelayanan klinik lambat obatnya cuma paracetamol","negatif"
"Sinyal internet hilang total di lantai 3","negatif"
"Mahasiswa difabel tidak bisa naik karena tidak ada ramp","negatif"
"Dosen pembimbing susah ditemui tidak bales chat","negatif"
"Jadwal kuliah berubah mendadak tanpa pemberitahuan","negatif"
"Alat laboratorium rusak dan ketinggalan zaman","negatif"
"Jalan depan kampus banjir parah tiap hujan","negatif"
"Satpam kampus galak suka bentak mahasiswa","negatif"
"Proses banding nilai dipersulit oleh admin","negatif"
"Perpustakaan bising seperti pasar tidak kondusif","negatif"
"Parkiran gelap rawan pencurian dan begal","negatif"
"Selokan mampet bau busuk menyengat ke kelas","negatif"
"Tukang fotokopi suka nipu kembalian","negatif"
"Tidak ada tempat berteduh kehujanan pas pindah kelas","negatif"
"Sistem akademik lemot dan suka error","negatif"
"Dosen asal kasih tugas tanpa dijelaskan","negatif"
"Koperasi jual barang lebih mahal dari warung","negatif"
"Papan pengumuman kosong tidak pernah diupdate","negatif"
"UKT naik terus fasilitas tidak ada perubahan","negatif"
"Ruang UKM bocor parah kalau hujan","negatif"
"Pelatih UKM tidak pernah datang melatih","negatif"
"Jadwal praktikum selalu bentrok dengan kuliah","negatif"
"Tidak ada ruang laktasi untuk mahasiswi menyusui","negatif"
"Bau tidak sedap dari got belakang gedung","negatif"
"Mahasiswa baru tidak dapat panduan akademik","negatif"
"Proses daftar ulang ribet dan memakan waktu","negatif"
"Meja lab penuh coretan dan kotor","negatif"
"Perpustakaan tutup terlalu cepat","negatif"
"Staff TU sering datang siang pulang cepat","negatif"
"Info beasiswa dadakan dengan syarat tidak masuk akal","negatif"
"Kabel di lab komputer terkelupas bahaya","negatif"
"Dosen wali tidak pernah peduli mahasiswanya","negatif"
"Loker mahasiswa banyak yang rusak tidak bisa dipakai","negatif"
"Alat pemadam kebakaran ternyata hanya pajangan kosong","negatif"
"Vending machine telan uang tidak keluar minuman","negatif"
"Pihak kampus lepas tangan saat helm hilang","negatif"
"Ruang kelas di gedung tua sangat pengap","negatif"
"Dosen cuma baca slide tidak interaktif","negatif"
"Antri bayar UKT lama dan melelahkan","negatif"
"Parkiran motor becek penuh lumpur","negatif"
"Tidak ada akses kursi roda di gedung fakultas","negatif"
"Kantin jual makanan basi dan tidak segar","negatif"
"Proses cuti akademik sangat rumit dan lama","negatif"
"Petugas kebersihan buang sampah sembarangan","negatif"
"Sound system seminar berdengung bikin pusing","negatif"
"Kucing liar pipis dan berak di selasar","negatif"
"Ruang baca jadi tempat tidur mahasiswa pemalas","negatif"
"Proyektor kelas sering mati saat presentasi","negatif"
"Dosen kasih nilai asal-asalan tidak jelas","negatif"
"Website fakultas tidak update dari jaman dulu","negatif"
"Tisu toilet kasar dan cepat habis","negatif"
"Tidak ada tempat sampah di sekitar taman","negatif"
"Pindah program studi dipersulit setengah mati","negatif"
"Kelas wajib penuh terus tidak kebagian","negatif"
"Dispenser air di koridor kosong melulu","negatif"
"Pihak kemahasiswaan tidak transparan soal dana","negatif"
"Gym kampus hanya untuk mahasiswa pilihan","negatif"
"Plafon kelas retak hampir runtuh","negatif"
"Mahasiswa disuruh beli alat praktikum sendiri","negatif"
"Antrian TU kacau tidak ada sistem","negatif"
"Kaca jendela pecah dibiarkan saja","negatif"
"Birokrasi pengesahan proposal sangat lambat","negatif"
"Tidak ada ruang isolasi untuk mahasiswa sakit","negatif"
"Dosen merokok di ruangan bau mengganggu","negatif"
"Alat scan KTM rusak berbulan-bulan","negatif"
"Pengumuman hasil ujian selalu molor","negatif"
"Ruang tunggu dosen sempit dan panas","negatif"
"Mahasiswa tidak pernah dilibatkan dalam kebijakan","negatif"
"Listrik di lab suka mati mendadak","negatif"
"Penerangan tangga darurat gelap gulita","negatif"
"Banyak mahasiswa titip absen karena sistem lemah","negatif"
"Koperasi cuma buka pas jam kuliah","negatif"
"Form online selalu error saat disubmit","negatif"
"Tukang kebun buang puntung rokok sembarangan","negatif"
"Praktikum malam hari berbahaya untuk mahasiswi","negatif"
"Tidak ada mekanisme pengaduan kekerasan seksual","negatif"
"Software lab komputer masih bajakan","negatif"
"Kecoa berkeliaran di ruang sidang skripsi","negatif"
"Kartu mahasiswa baru lama jadinya","negatif"
"Air keran toilet mati tidak bisa cuci tangan","negatif"
"Parkiran basement banjir saat hujan","negatif"
"Tidak ada jalur evakuasi di gedung tinggi","negatif"
"Dosen pembimbing magang tidak peduli laporan","negatif"
"Mahasiswa kritis sering dikasih nilai jelek","negatif"
"Acara wisuda molor sampai malam buta","negatif"
"Buku perpustakaan disobek halamannya","negatif"
"Tembok kampus kotor penuh vandalisme","negatif"
"Staff TU menolak urus surat tanpa alasan","negatif"
"Jas almamater baru kualitas jelek luntur","negatif"
"Antrian lift di fakultas lama sekali","negatif"
"Mahasiswa asing lebih diistimewakan","negatif"
"Kipas angin kantin penuh debu tebal","negatif"
"UKM penelitian tidak produktif","negatif"
"Alat pemadam di lab kimia ternyata kosong","negatif"
"Staff keuangan sering salah hitung UKT","negatif"
"Pintu toilet rusak tidak bisa dikunci","negatif"
"Jalan luar kampus gelap tidak ada lampu","negatif"
"Buku di perpus banyak yang halamannya disobek","negatif"
"Acara wisuda molor sampai tengah malam","negatif"
"Password WiFi diganti mendadak tanpa info","negatif"
"Kursi roda kampus hilang tidak tahu rimbanya","negatif"
"Tidak ada kanopi kehujanan saat pindah gedung","negatif"
"Pembina UKM pilih kasih tidak adil","negatif"
"Birokrasi proposal seminar lama sekali","negatif"
"Sound system seminar berdengung bikin tuli","negatif"
"Fotokopi jurnal mahal tidak masuk akal","negatif"
"Kuliah umum diisi pembicara tidak jelas","negatif"
"Kelas pagi telat mulu karena dosen","negatif"
"Kualitas jas almamater baru buruk sekali","negatif"
"Transkrip nilai error karena bug sistem","negatif"
"Parkir motor basement banjir total","negatif"
"Antrian lift panjang banget saat sibuk","negatif"
"Tidak ada LPJ kegiatan kemahasiswaan","negatif"
"Kursi tunggu dosen keras pantat sakit","negatif"
"Listrik di area belakang suka mati","negatif"
"Mahasiswa berprestasi tidak dihargai","negatif"
"Proses daftar ulang berbelit dan lama","negatif"
"Kelas kotor bekas rombongan sebelumnya","negatif"
"Praktik jual beli mata kuliah merajalela","negatif"
"Dosen pembimbing suka marah di depan umum","negatif"
"Kunci loker banyak yang macet tidak bisa dibuka","negatif"
"Tidak ada tempat teduh di lapangan parkir","negatif"
"Papan tulis kelas sudah buram tidak jelas","negatif"
"Birokrasi kampus tidak ramah difabel","negatif"
"Isu kenaikan UKT sepihak tanpa pemberitahuan","negatif"
"Jam kerja TU tidak jelas suka tutup awal","negatif"
"Mahasiswa susah dapat izin penelitian di lab","negatif"
"Tempat sampah di taman tidak ada","negatif"
"Dispenser di lantai 4 rusak total","negatif"
"Praktikum malam bahaya untuk mahasiswi","negatif"
"Tidak ada tanda jalur evakuasi gempa","negatif"
"Pengumuman nilai selalu terlambat","negatif"
"Alat scan wajah tidak akurat untuk kulit gelap","negatif"
"Kantin kehabisan makanan sebelum jam makan","negatif"
"Koperasi hanya buka di jam kuliah","negatif"
"Ruang menyusui tidak layak dan kotor","negatif"
"Area merokok tepat di depan pintu kelas","negatif"
"Antivirus komputer perpus tidak update","negatif"
"Bau busuk dari selokan belakang lab kimia","negatif"
"Pekerja proyek buang material sembarangan","negatif"
"Proses cuti akademik ribet tanda tangan banyak","negatif"
"Jendela perpustakaan macet tidak bisa dibuka","negatif"
"Prosedur pengembalian dana praktikum tidak jelas","negatif"
"Bahasa campur aduk di kelas tidak jelas","negatif"
"Tidak ada mekanisme lapor kekerasan seksual","negatif"
"Mahasiswa tidak pernah dilibatkan kebijakan","negatif"
"Fingerprint gerbang sering error","negatif"
"Tidak ada CCTV di parkiran belakang","negatif"
"AC lab komputer terlalu dingin tidak bisa diatur","negatif"
"Dosen suka menunda ujian tanpa alasan","negatif"
"Form magang online error terus di akhir","negatif"
"Loker perpustakaan jadi sarang tikus","negatif"
"Tisu toilet kasar dan tipis sekali","negatif"
"Kemahasiswaan tidak transparan soal dana PKM","negatif"
"Sistem absen mudah dititipin teman","negatif"
"Pemilihan ketua BEM tidak demokratis","negatif"
"Kegiatan ormawa cuma buat pansos","negatif"
"Ruang himpunan debuan dan tidak terawat","negatif"
"Mahasiswa merokok di tangga darurat","negatif"
"Buku teks mahal dan hanya dijual di koperasi","negatif"
"Kompetisi internal tidak ada hadiahnya","negatif"
"Kartu mahasiswa baru jadinya lama","negatif"
"Akreditasi prodi banyak yang turun","negatif"
"Cleaning service kasar bangunin mahasiswa tidur","negatif"
"Tidak ada donatur tetap untuk bantuan internal","negatif"
"Gedung kuliah disewakan untuk nikahan","negatif"
"Internet mati saat ujian daring penting","negatif"
"Kampus tidak tanggung jawab helm hilang","negatif"
"Dosen tidak update jurnal ilmiah","negatif"
"Mahasiswa beli alat praktikum sendiri","negatif"
"Antrian TU kacau balau saling serobot","negatif"
"Gedung baru tidak aksesibel untuk kursi roda","negatif"
"Pencahayaan mushola redup untuk baca quran","negatif"
"Tempat wudhu perempuan tidak layak","negatif"
"Salah cetak ijazah tidak mau diperbaiki","negatif"
"Mahasiswa kritis dapat nilai jelek","negatif"
"Selasar panas tidak ada kipas angin","negatif"
"Tembok kotor coretan politik","negatif"
"Kabel menjuntai di plafon bahaya","negatif"
"Kantin jual makanan tidak higienis","negatif"
"Tukang kebun siram jalan pakai air bersih","negatif"
"Tidak ada ruang isolasi sakit","negatif"
"Website kampus sering kena hack judi","negatif"
"Pendataan wisuda ribet bolak balik","negatif"
"Mahasiswa tuna netra tidak ada alat baca","negatif"
"Toilet difabel jadi gudang","negatif"
"Pembina terlalu ikut campur urusan BEM","negatif"
"Pelatihan kewirausahaan tidak berkelanjutan","negatif"
"Proyektor ruang A berkedip tidak jelas","negatif"
"Meja perpus penuh coretan spidol","negatif"
"Lahan parkir mobil jauh sekali","negatif"
"Alarm kebakaran berbunyi sendiri","negatif"
"Tidak ada penitipan anak untuk mahasiswa","negatif"
"Lampu lapangan basket mati semua","negatif"
"Transportasi umum ke kampus tidak jelas","negatif"
"Kanal pengaduan tidak aman dan tidak anonim","negatif"
"Papan info beasiswa kosong tidak update","negatif"
"Kesulitan mengurus surat rekomendasi","negatif"
"Proses yudisium molor tidak jelas","negatif"
"Dosen wali tidak pernah konsultasi","negatif"
"Alat kesehatan di klinik rusak","negatif"
"Tim tanggap darurat tidak terlatih","negatif"
"Mading fakultas isinya tidak ganti","negatif"
"Kabel LAN di ruang baca putus","negatif"
"Kucing liar buang kotoran sembarangan","negatif"
"Parkir dosen memakan jalur pejalan kaki","negatif"
"Kipas ruang sidang berisik sekali","negatif"
"Mahasiswa iuran beli tisu toilet","negatif"
"Air keran lab tidak mengalir","negatif"
"Satpam galak dan tidak sopan","negatif"
"Penyambutan mahasiswa baru tidak humanis","negatif"
"Ruang kelas sempit untuk 50 orang","negatif"
"AC gedung kuliah mati semua","negatif"
"Kantin jual miras secara tersembunyi","negatif"
"Ruang seminar bawah tanah banyak nyamuk","negatif"
"Pengesahan proposal PKM sangat lama","negatif"
"Alat praktikum tidak layak pakai","negatif"
"Sewa loker mahal tidak masuk akal","negatif"
"Kuliah umum jadi ajang kampanye politik","negatif"
"Sound system feedback memekakkan telinga","negatif"
"Tukang fotokopi tutup pas musim ujian","negatif"
"Tidak ada layanan antar jemput difabel","negatif"
"Meja lab kimia berlubang dan karatan","negatif"
"Pembayaran koperasi masih manual","negatif"
"Mahasiswa baru tidak dapat buku panduan","negatif"
"Jadwal perwalian mendadak dan tidak jelas","negatif"
"Ruang ujian bising dekat jalan raya","negatif"
"Jurusan tidak akui sertifikat luar","negatif"
"Tidak ada daur ulang air wudhu","negatif"
"Karpet mushola lembab bau apek","negatif"
"Penerangan tangga darurat mati","negatif"
"Pintu darurat terkunci dari luar","negatif"
"Tidak ada parkir khusus sepeda","negatif"
"Mahasiswa akhir dilarang pakai gym","negatif"
"Tempat sampah medis klinik tidak ada","negatif"
"Antrian cetak KTM baru 3 bulan","negatif"
"Kertas ujian kualitas rendah mudah sobek","negatif"
"Sistem akademik lemot pas KRS an","negatif"
"Dosen merokok bau asap masuk kelas","negatif"
"Plafon teater fakultas hampir ambrol","negatif"
"Kelas wajib penuh tidak kebagian","negatif"
"KRS manual disuruh bolak balik jurusan","negatif"
"Tidak ada bantuan kuota untuk yang tidak mampu","negatif"
"Sajadah mushola hitam dan kotor","negatif"
"Dosen tunda bimbingan tanpa alasan","negatif"
"Proyek konstruksi bising ganggu ujian","negatif"
"Lift difabel tidak berfungsi","negatif"
"Mahasiswa asing diperlakukan istimewa","negatif"
"Kipas angin kantin debunya tebal","negatif"
"UKM penelitian tidak hasilkan jurnal","negatif"
"Tabung pemadam di lab kimia kosong","negatif"
"Staff keuangan salah hitung UKT","negatif"
"Penerangan jalan luar kampus gelap","negatif"
"Buku perpus banyak halaman disobek","negatif"
"Wisuda selalu molor sampai malam","negatif"
"Password WiFi ganti mendadak","negatif"
"Kursi roda kampus hilang entah kemana","negatif"
"Tidak ada kanopi hujan-hujanan","negatif"
"Pembina UKM pilih kasih","negatif"
"Birokrasi proposal seminar 2 bulan","negatif"
"Sound seminar berdengung terus","negatif"
"Fotokopi jurnal mahal per lembar","negatif"
"Kuliah umum tidak inspiratif","negatif"
"Kelas pagi telat 30 menit","negatif"
"Jas almamater baru luntur","negatif"
"Transkrip nilai error bug sistem","negatif"
"Parkir motor basement banjir","negatif"
"Antrian lift sangat lama","negatif"
"Tidak ada LPJ kemahasiswaan","negatif"
"Kursi tunggu dosen tidak nyaman","negatif"
"Listrik area belakang suka mati","negatif"
"Mahasiswa berprestasi tidak diapresiasi","negatif"
"Daftar ulang ribet banyak loket","negatif"
"Kelas kotor setelah dipakai","negatif"
"Jual beli mata kuliah terjadi","negatif"
"Dosen pembimbing marah di depan umum","negatif"
"Kunci loker macet semua","negatif"
"Tidak ada tempat teduh parkiran","negatif"
"Papan tulis kelas sudah buram","negatif"
"Birokrasi tidak ramah difabel","negatif"
"Isu kenaikan UKT sepihak","negatif"
"Jam kerja TU tidak konsisten","negatif"
"Susah dapat izin penelitian","negatif"
"Tidak ada tempat sampah taman","negatif"
"Dispenser lantai 4 rusak","negatif"
"Praktikum malam berbahaya","negatif"
"Tidak ada jalur evakuasi","negatif"
"Nilai akhir selalu terlambat","negatif"
"Scan wajah tidak akurat","negatif"
"Kantin kehabisan makanan","negatif"
"Koperasi hanya buka jam kuliah","negatif"
"Ruang menyusui tidak layak","negatif"
"Area merokok di depan kelas","negatif"
"Antivirus perpus tidak update","negatif"
"Bau selokan lab kimia menyengat","negatif"
"Pekerja proyek buang material","negatif"
"Cuti akademik ribet","negatif"
"Jendela perpus susah dibuka","negatif"
"Dana praktikum tidak jelas","negatif"
"Bahasa campur aduk tidak karuan","negatif"
"Lapor kekerasan seksual susah","negatif"
"Mahasiswa tidak dilibatkan","negatif"
"Fingerprint gerbang error","negatif"
"Tidak ada CCTV parkir belakang","negatif"
"AC lab terlalu dingin","negatif"
"Dosen tunda ujian tanpa alasan","negatif"
"Form magang online error","negatif"
"Loker perpus sarang tikus","negatif"
"Tisu toilet kasar dan tipis","negatif"
"Kemahasiswaan tidak transparan","negatif"
"Sistem absen mudah dicurangi","negatif"
"Pemilihan BEM tidak demokratis","negatif"
"Kegiatan ormawa pansos","negatif"
"Ruang himpunan kotor","negatif"
"Buku teks mahal","negatif"
"Kompetisi internal tanpa hadiah","negatif"
"Kartu mahasiswa lama","negatif"
"Akreditasi prodi turun","negatif"
"Cleaning service kasar","negatif"
"Tidak ada donatur tetap","negatif"
"Gedung kuliah disewakan","negatif"
"Internet mati saat ujian","negatif"
"Kampus tidak tanggung jawab","negatif"
"Dosen tidak update jurnal","negatif"
"Mahasiswa beli alat sendiri","negatif"
"Antrian TU kacau","negatif"
"Gedung baru tidak aksesibel","negatif"
"Pencahayaan mushola redup","negatif"
"Tempat wudhu tidak layak","negatif"
"Salah cetak ijazah tidak diperbaiki","negatif"
"Mahasiswa kritis nilai rendah","negatif"
"Selasar panas tidak ada kipas","negatif"
"Tembok kotor coretan","negatif"
"Kabel menjuntai bahaya","negatif"
"Kantin tidak higienis","negatif"
"Tukang kebun buang air","negatif"
"Ruang isolasi sakit tidak ada","negatif"
"Website kampus di-hack","negatif"
"Pendataan wisuda ribet","negatif"
"Mahasiswa tuna netra tidak difasilitasi","negatif"
"Pembina ikut campur BEM","negatif"
"Pelatihan wirausaha tidak lanjut","negatif"
"Proyektor buram","negatif"
"Meja perpus coretan","negatif"
"Parkir mobil jauh","negatif"
"Alarm berbunyi palsu","negatif"
"Tidak ada penitipan anak","negatif"
"Lampu basket mati","negatif"
"Transportasi umum tidak jelas","negatif"
"Pengaduan tidak aman","negatif"
"Papan beasiswa kosong","negatif"
"Surat rekomendasi susah","negatif"
"Yudisium molor","negatif"
"Dosen wali tidak peduli","negatif"
"Alat klinik rusak","negatif"
"Tim darurat tidak terlatih","negatif"
"Mading tidak update","negatif"
"Kabel LAN putus","negatif"
"Kucing liar kotoran","negatif"
"Parkir dosen menghalangi","negatif"
"Kipas sidang berisik","negatif"
"Mahasiswa iuran tisu","negatif"
"Air keran mati","negatif"
"Satpam galak","negatif"
"Penyambutan maba tidak humanis","negatif"
"Kelas sempit","negatif"
"AC mati","negatif"
"Kantin jual miras","negatif"
"Seminar banyak nyamuk","negatif"
"Proposal PKM lama","negatif"
"Alat praktikum rusak","negatif"
"Sewa loker mahal","negatif"
"Kuliah umum kampanye","negatif"
"Sound feedback","negatif"
"Fotokopi tutup","negatif"
"Antar jemput difabel tidak ada","negatif"
"Meja lab karatan","negatif"
"Bayar koperasi manual","negatif"
"Tidak ada buku panduan","negatif"
"Perwalian mendadak","negatif"
"Ruang ujian bising","negatif"
"Sertifikat tidak diakui","negatif"
"Malas",negatif
"Air wudhu tidak didaur ulang","negatif"
"Karpet mushola bau","negatif"
"Tangga darurat gelap","negatif"
"Pintu darurat terkunci","negatif"
"Tidak ada parkir sepeda","negatif"
"Gym untuk mahasiswa tertentu","negatif"
"Sampah medis tidak ada","negatif"
"Cetak KTM 3 bulan","negatif"
"Kertas ujian sobek","negatif"
"Jam operasional perpustakaan sampai jam 8 malam","netral"
"Dosen memberikan materi sesuai silabus","netral"
"Ruang kelas berada di lantai 3 gedung C","netral"
"Pendaftaran mata kuliah pilihan dibuka minggu depan","netral"
"Ujian Tengah Semester dimulai tanggal 15 bulan depan","netral"
"Pengumuman hasil ujian akan diinformasikan via portal","netral"
"KTM baru dapat diambil di bagian kemahasiswaan","netral"
"Jadwal kuliah hari ini dimulai pukul 08.00 WIB","netral"
"Biaya praktikum dibayarkan terpisah","netral"
"Mahasiswa diwajibkan mengisi KRS online","netral"
"Kantin fakultas menyediakan menu nasi rames","netral"
"Ruang baca perpustakaan memiliki koleksi buku teks","netral"
"Pembayaran UKT paling lambat tanggal 10 setiap bulan","netral"
"Proses bimbingan skripsi dilakukan sesuai kesepakatan","netral"
"Informasi beasiswa dapat dilihat di papan pengumuman","netral"
"Lift di gedung fakultas hanya sampai lantai 5","netral"
"Parkir motor dikenakan biaya retribusi per semester","netral"
"Ruang sekretariat UKM berada di gedung student center","netral"
"Jadwal praktikum menyusul karena jadwal lab padat","netral"
"Mahasiswa baru wajib mengikuti PKKMB","netral"
"Perpustakaan menyediakan layanan fotokopi","netral"
"Ruang kelas menggunakan proyektor standar","netral"
"Dosen pengganti masuk sesuai jadwal yang ditentukan","netral"
"Batas akhir pengumpulan tugas adalah hari Jumat","netral"
"Mahasiswa bisa mengajukan cuti akademik dua semester","netral"
"KTM berlaku sebagai kartu perpustakaan","netral"
"Kuliah lapangan dijadwalkan setelah UTS","netral"
"Pengisian KRS semester genap sudah bisa diakses","netral"
"Jadwal perwalian akademik diumumkan via email","netral"
"Ruang diskusi bisa dipinjam di perpustakaan","netral"
"Fasilitas hotspot tersedia di area kampus","netral"
"Menu di kantin kejujuran sama setiap hari","netral"
"Pengambilan ijazah bisa diwakilkan dengan surat kuasa","netral"
"Kuliah umum dihadiri oleh pembicara dari industri","netral"
"Mahasiswa tingkat akhir diwajibkan mengisi tracer study","netral"
"Kelas karyawan dilaksanakan di luar jam kerja","netral"
"Ruang himpunan mahasiswa digunakan untuk rapat","netral"
"Proses legalisir ijazah membutuhkan fotokopi KTP","netral"
"Informasi seminar diumumkan di website fakultas","netral"
"Tersedia shuttle bus gratis dari stasiun","netral"
"Dosen memberikan tugas sesuai bobot SKS","netral"
"Ruang kelas memiliki jendela yang bisa dibuka","netral"
"Pengumuman jadwal ujian susulan sudah keluar","netral"
"Mahasiswa dihimbau untuk tidak merokok di area kampus","netral"
"Pendaftaran PKM dibuka secara online","netral"
"Klinik kampus buka setiap hari kerja","netral"
"Alat olahraga bisa dipinjam di sekretariat UKM","netral"
"Kegiatan ormawa dihentikan selama minggu tenang","netral"
"Perpustakaan pusat tutup di hari libur nasional","netral"
"Mahasiswa bisa menggunakan komputer di lab saat kosong","netral"
"Jadwal kuliah bisa berubah sewaktu-waktu","netral"
"Papan tulis di kelas menggunakan spidol","netral"
"Dosen wali membuka sesi konsultasi seminggu sekali","netral"
"Formulir pendaftaran bisa diunduh di website","netral"
"Ruang tunggu di depan ruang dosen tersedia kursi","netral"
"KTM sementara berlaku selama satu bulan","netral"
"Mahasiswa wajib memakai sepatu saat kuliah","netral"
"Ujian susulan dijadwalkan setelah UAS","netral"
"Parkir mobil dikenakan biaya flat per hari","netral"
"Batas akhir revisi skripsi adalah sebelum yudisium","netral"
"Ruang kelas menggunakan whiteboard dan spidol","netral"
"Pengumuman akreditasi program studi dapat dilihat online","netral"
"Pembayaran daftar ulang melalui bank mitra","netral"
"Ruang praktikum biologi terletak di lantai 2","netral"
"Jadwal seminar proposal ditentukan oleh jurusan","netral"
"Mahasiswa diizinkan makan di kantin saja","netral"
"Proses pengajuan judul skripsi membutuhkan persetujuan","netral"
"Fasilitas ATM center tersedia di lobby gedung rektorat","netral"
"Koleksi e-journal bisa diakses dengan VPN kampus","netral"
"Ruang kelas teori digabung jika jumlah mahasiswa sedikit","netral"
"Dosen memberikan materi tambahan di e-learning","netral"
"Informasi lowongan kerja ditempel di papan karir","netral"
"KRS online hanya bisa diakses dengan jaringan kampus","netral"
"Mahasiswa penerima beasiswa wajib melapor tiap semester","netral"
"Ruang baca 24 jam hanya tersedia saat ujian akhir","netral"
"Kegiatan UKM diadakan di luar jam kuliah","netral"
"Pengumuman wisuda periode ini sudah keluar","netral"
"Mahasiswa bisa meminjam buku maksimal 5 eksemplar","netral"
"Dosen pembimbing magang ditentukan oleh kaprodi","netral"
"Jadwal kuliah semester depan bisa dilihat di portal","netral"
"Pendaftaran asisten lab dibuka untuk umum","netral"
"Fasilitas charger HP tersedia di beberapa sudut","netral"
"Ruangan kelas ada yang menggunakan AC dan kipas angin","netral"
"Proses daftar ulang mahasiswa lama dilakukan online","netral"
"Pengumuman beasiswa diumumkan melalui website","netral"
"Mahasiswa diwajibkan mengisi survei kepuasan","netral"
"Ruang seminar bisa dipakai dengan izin TU","netral"
"Batas akhir penyerahan berkas wisuda adalah minggu ini","netral"
"Dosen memberikan kuliah sesuai jadwal","netral"
"Praktikum bahasa Inggris diadakan di lab bahasa","netral"
"Kantin fakultas hukum terletak di lantai dasar","netral"
"Jam operasional perpustakaan di hari Sabtu setengah hari","netral"
"Mahasiswa baru wajib ikut tes kesehatan","netral"
"Ruang kelas karyawan berada di gedung khusus","netral"
"Proses pengurusan surat keterangan lulus membutuhkan KTM","netral"
"Informasi cuti bersama diumumkan oleh rektorat","netral"
"Kegiatan magang kampus merdeka sudah dibuka pendaftaran","netral"
"Mahasiswa bisa mengajukan beasiswa internal","netral"
"Fasilitas tempat wudhu terpisah antara putra dan putri","netral"
"Ruang sidang skripsi bisa digunakan sesuai jadwal","netral"
"Mahasiswa tingkat akhir wajib mengikuti TOEFL","netral"
"Ruang baca memiliki meja dan kursi standar","netral"
"Dosen mengajar menggunakan metode ceramah","netral"
"Jadwal bimbingan akademik dilakukan dua kali setahun","netral"
"Pendaftaran yudisium gelombang kedua dibuka","netral"
"Fasilitas lapangan basket bisa digunakan sore hari","netral"
"KTM digunakan untuk akses masuk perpustakaan","netral"
"Ruang kelas memiliki kapasitas 40 orang","netral"
"Informasi perubahan jadwal kuliah disampaikan di grup","netral"
"Proses banding nilai dilakukan secara tertulis","netral"
"Mahasiswa dihimbau untuk memarkir kendaraan dengan rapi","netral"
"Koperasi mahasiswa menjual alat tulis kantor","netral"
"Kegiatan PKL dilaksanakan di semester 6","netral"
"Ruang tunggu dosen PA terletak di samping ruang dosen","netral"
"Pengumuman jadwal KKN sudah bisa dilihat di fakultas","netral"
"Mahasiswa bisa meminjam bola di sekretariat UKM olahraga","netral"
"Fasilitas internet kampus menggunakan fiber optik","netral"
"Ruang praktikum kimia memiliki lemari asam","netral"
"Dosen pengampu mata kuliah berubah mulai semester ini","netral"
"Jadwal kuliah pagi dimulai pukul 07.30","netral"
"Pembayaran uang gedung bisa diangsur","netral"
"Informasi akademik bisa diakses melalui aplikasi mobile","netral"
"Ruang kelas di gedung baru menggunakan kursi lipat","netral"
"Mahasiswa diwajibkan membawa jaket almamater saat wisuda","netral"
"Proses pendaftaran seminar internasional diperpanjang","netral"
"Fasilitas mushola tersedia di setiap gedung fakultas","netral"
"Kantin pusat menyediakan berbagai pilihan lauk","netral"
"Jam istirahat kuliah siang adalah pukul 12.00-13.00","netral"
"Mahasiswa bisa mencetak dokumen di lab komputer","netral"
"Ruang himpunan mahasiswa terletak di dekat parkiran","netral"
"Pengumuman dosen berprestasi ditempel di mading","netral"
"KRS manual masih bisa digunakan jika sistem error","netral"
"Ujian skripsi dilaksanakan secara lisan","netral"
"Fasilitas lapangan futsal bisa digunakan dengan sewa","netral"
"Ruang baca outdoor terletak di taman belakang","netral"
"Dosen wali memberikan arahan akademik tiap semester","netral"
"Jadwal sidang skripsi akan diumumkan dua minggu lagi","netral"
"Pendaftaran volunteer untuk acara dies natalis dibuka","netral"
"Informasi beasiswa Bank Indonesia bisa dilihat di mading","netral"
"Mahasiswa bisa meminjam jas laboratorium saat praktikum","netral"
"Fasilitas tempat sampah tersedia di depan setiap kelas","netral"
"Ruang seminar di lantai 2 sering digunakan untuk acara","netral"
"Pengumuman nilai praktikum dirilis melalui portal","netral"
"Mahasiswa diwajibkan mengisi evaluasi dosen setiap akhir semester","netral"
"Kantin fakultas teknik memiliki area merokok","netral"
"Jam operasional klinik kampus dari pagi hingga sore","netral"
"Proses pengajuan proposal skripsi membutuhkan ACC dosen","netral"
"Fasilitas gym center bisa digunakan dengan menunjukkan KTM","netral"
"Ruang kelas menggunakan meja dan kursi kayu","netral"
"Dosen memberikan kuis di setiap akhir bab","netral"
"Informasi pendaftaran wisuda gelombang 1 sudah dibuka","netral"
"Mahasiswa bisa mengajukan pindah program studi","netral"
"Fasilitas parkir sepeda motor tersedia di belakang gedung","netral"
"Ruang baca perpustakaan dilengkapi dengan AC","netral"
"Pengumuman libur hari besar keagamaan sudah disampaikan","netral"
"Kegiatan PKKMB dilaksanakan secara luring","netral"
"Mahasiswa penerima KIP Kuliah wajib mengumpulkan berkas","netral"
"Fasilitas toilet terpisah antara laki-laki dan perempuan","netral"
"Ruang diskusi di perpustakaan bisa dipesan via online","netral"
"Dosen pembimbing akademik ditentukan oleh fakultas","netral"
"Jadwal praktikum biologi dilakukan di sore hari","netral"
"Pembayaran UKT bisa dilakukan via mobile banking","netral"
"Informasi perubahan kurikulum berlaku untuk angkatan baru","netral"
"Mahasiswa bisa meminjam kunci ruangan di TU","netral"
"Fasilitas lapangan voli terletak di belakang gedung olahraga","netral"
"Ruang kelas memiliki pencahayaan yang cukup","netral"
"Pengumuman kelulusan bisa diakses secara online","netral"
"Kegiatan bakti sosial diadakan setiap tahun","netral"
"Mahasiswa dihimbau untuk tidak membawa kendaraan bermotor","netral"
"Fasilitas kantin pusat buka dari pagi hingga sore","netral"
"Ruang sidang terletak di lantai 4 gedung fakultas","netral"
"Dosen tamu diundang untuk memberikan kuliah umum","netral"
"Jadwal UAS akan diumumkan sebulan sebelumnya","netral"
"Pendaftaran seminar KP dibuka minggu depan","netral"
"Informasi magang di perusahaan mitra bisa dilihat di CDC","netral"
"Mahasiswa bisa menggunakan software tertentu di lab","netral"
"Fasilitas tempat parkir mobil terbatas","netral"
"Ruang baca perpustakaan hanya untuk membaca","netral"
"Pengumuman peserta lomba debat sudah keluar","netral"
"Kegiatan pekan olahraga mahasiswa diadakan dua tahun sekali","netral"
"Mahasiswa baru diberikan kartu akses lift","netral"
"Fasilitas wastafel tersedia di depan ruang kelas","netral"
"Ruang himpunan mahasiswa memiliki papan pengumuman","netral"
"Dosen memberikan tugas kelompok dan individu","netral"
"Jadwal konsultasi dosen wali dapat dilihat di pintu ruangan","netral"
"Pembayaran biaya wisuda dilakukan sebelum pengambilan toga","netral"
"Informasi jadwal kuliah pengganti diinfokan oleh komting","netral"
"Fasilitas lapangan upacara digunakan setiap hari Senin","netral"
"Ruang kelas di lantai 1 khusus untuk mahasiswa baru","netral"
"Pengumuman hasil PKM didanai akan diumumkan bulan depan","netral"
"Kegiatan workshop penulisan skripsi diadakan rutin","netral"
"Mahasiswa diwajibkan memiliki asuransi kesehatan","netral"
"Fasilitas KTM bisa digunakan untuk akses bus kampus","netral"
"Ruang praktikum komputer menggunakan sistem operasi Windows","netral"
"Dosen mengabsen mahasiswa setiap pertemuan","netral"
"Jadwal wisuda periode ini diundur karena renovasi","netral"
"Pendaftaran sertifikasi kompetensi dibuka setiap semester","netral"
"Informasi lomba karya tulis ilmiah disebar via email","netral"
"Mahasiswa bisa menggunakan ruang gamelan dengan izin","netral"
"Fasilitas taman kampus bisa digunakan untuk belajar","netral"
"Ruang baca memiliki jendela yang menghadap ke taman","netral"
"Pengumuman rekruitmen asisten lab sudah keluar","netral"
"Kegiatan donor darah diadakan setiap tiga bulan","netral"
"Mahasiswa baru wajib mengikuti matrikulasi","netral"
"Fasilitas colokan listrik terbatas di beberapa ruang","netral"
"Ruang seminar memiliki kapasitas 100 orang","netral"
"Dosen memberikan bahan ajar dalam bentuk softcopy","netral"
"Jadwal kuliah online disesuaikan dengan kesepakatan kelas","netral"
"Pembayaran SPP variabel dibayarkan sesuai kemampuan","netral"
"Informasi cuti akademik bisa diakses di portal","netral"
"Mahasiswa bisa meminjam buku di perpustakaan fakultas","netral"
"Fasilitas lapangan tenis bisa digunakan dengan reservasi","netral"
"Ruang kelas memiliki papan tulis hitam dan kapur","netral"
"Pengumuman jadwal perwalian wajib diikuti semua mahasiswa","netral"
"Kegiatan festival budaya diadakan setiap tahun","netral"
"Mahasiswa dihimbau untuk menjaga kebersihan kelas","netral"
"Fasilitas ATM center sering kehabisan uang di akhir pekan","netral"
"Ruang tunggu klinik memiliki tempat duduk yang terbatas","netral"
"Dosen mengajar menggunakan presentasi PowerPoint","netral"
"Jadwal praktikum kimia dilakukan di lab kimia dasar","netral"
"Informasi jadwal imunisasi mahasiswa baru sudah diumumkan","netral"
"Mahasiswa bisa menggunakan laptop di perpustakaan","netral"
"Fasilitas tempat sampah pilah tersedia di beberapa titik","netral"
"Ruang himpunan mahasiswa digunakan untuk menyimpan barang","netral"
"Pengumuman hasil tes TOEFL bisa diambil minggu depan","netral"
"Kegiatan lomba cerdas cermat diikuti perwakilan fakultas","netral"
"Mahasiswa baru diwajibkan membeli jaket almamater","netral"
"Fasilitas ruang laktasi tersedia di gedung rektorat","netral"
"Ruang kelas memiliki kipas angin di langit-langit","netral"
"Dosen wali menandatangani KRS mahasiswa","netral"
"Jadwal bimbingan skripsi dilakukan sesuai kesepakatan","netral"
"Pembayaran daftar ulang bisa dilakukan di bank mitra","netral"
"Informasi beasiswa unggulan bisa dilihat di website","netral"
"Mahasiswa bisa meminjam alat tulis di koperasi","netral"
"Fasilitas parkir sepeda terletak di dekat gerbang","netral"
"Ruang baca perpustakaan pusat memiliki dua lantai","netral"
"Pengumuman perubahan jadwal kuliah disampaikan mendadak","netral"
"Kegiatan PKKMB fakultas diadakan setelah PKKMB universitas","netral"
"Mahasiswa diwajibkan mengisi KRS sebelum batas waktu","netral"
"Fasilitas kantin fakultas hanya menerima pembayaran tunai","netral"
"Ruang sidang skripsi memiliki meja panjang","netral"
"Dosen memberikan nilai berdasarkan rubrik penilaian","netral"
"Jadwal kuliah semester pendek lebih singkat","netral"
"Informasi lowongan pekerjaan diupdate setiap minggu","netral"
"Mahasiswa bisa menggunakan mesin fotokopi di koperasi","netral"
"Fasilitas lapangan bulutangkis terletak di dalam gedung","netral"
"Ruang kelas memiliki stop kontak di dinding","netral"
"Pengumuman hasil seleksi beasiswa akan diumumkan bulan ini","netral"
"Kegiatan workshop kewirausahaan diadakan oleh inkubator bisnis","netral"
"Mahasiswa baru mendapatkan nomor induk mahasiswa","netral"
"Fasilitas mushola putri terletak di lantai 2","netral"
"Ruang baca memiliki koleksi koran dan majalah","netral"
"Dosen memberikan tugas tambahan saat berhalangan hadir","netral"
"Jadwal seminar hasil penelitian bisa dilihat di mading","netral"
"Pembayaran uang kuliah tunggal bisa dicicil","netral"
"Informasi pendaftaran KKN tematik sudah dibuka","netral"
"Mahasiswa bisa mengakses e-learning dari luar kampus","netral"
"Fasilitas tempat parkir motor berteduh terbatas","netral"
"Ruang himpunan mahasiswa memiliki meja dan kursi tamu","netral"
"Pengumuman dosen pembimbing skripsi ditempel di mading","netral"
"Kegiatan pelatihan jurnalistik diadakan oleh UKM Pers","netral"
"Mahasiswa diwajibkan menggunakan seragam di hari tertentu","netral"
"Fasilitas klinik kampus menyediakan obat-obatan dasar","netral"
"Ruang kelas di lantai 4 hanya bisa diakses dengan tangga","netral"
"Dosen memberikan kuliah dengan bahasa campuran","netral"
"Jadwal praktikum fisika dasar dilakukan bergantian","netral"
"Pendaftaran program magang MBKM sudah dibuka","netral"
"Informasi jadwal sidang skripsi diumumkan via website","netral"
"Mahasiswa bisa meminjam proyektor di TU","netral"
"Fasilitas lapangan sepak bola terletak di belakang kampus","netral"
"Ruang baca memiliki lampu baca di setiap meja","netral"
"Pengumuman jadwal UTS sudah ditempel di mading","netral"
"Kegiatan seminar nasional diadakan secara hybrid","netral"
"Mahasiswa baru wajib mengikuti tes penempatan bahasa","netral"
"Fasilitas ruang tunggu dosen tamu terletak di lantai 1","netral"
"Ruang himpunan mahasiswa digunakan untuk menyimpan arsip","netral"
"Dosen memberikan kesempatan bertanya di akhir sesi","netral"
"Jadwal perwalian akademik dilakukan sebelum KRS","netral"
"Pembayaran biaya laboratorium dibayarkan di awal semester","netral"
"Informasi beasiswa PPA bisa diakses di bagian kemahasiswaan","netral"
"Mahasiswa bisa menggunakan wifi kampus dengan login SSO","netral"
"Fasilitas tempat sampah di taman sering penuh","netral"
"Ruang kelas memiliki ventilasi udara yang standar","netral"
"Pengumuman kelulusan yudisium diumumkan secara bertahap","netral"
"Kegiatan bakti sosial diikuti oleh perwakilan mahasiswa","netral"
"Mahasiswa dihimbau untuk tidak mencorat-coret fasilitas","netral"
"Fasilitas kantor pos kampus terletak di gedung rektorat","netral"
"Ruang baca 24 jam hanya untuk mahasiswa tingkat akhir","netral"
"Dosen mengajar dengan metode diskusi kelompok","netral"
"Jadwal kuliah kelas internasional menggunakan bahasa Inggris","netral"
"Pendaftaran pelatihan TOEFL di pusat bahasa dibuka","netral"
"Informasi jadwal UAS susulan bisa dilihat di portal","netral"
"Mahasiswa bisa meminjam kabel HDMI di sekretariat","netral"
"Fasilitas gym center hanya bisa digunakan mahasiswa","netral"
"Ruang himpunan mahasiswa memiliki papan tulis","netral"
"Pengumuman hasil PKM didanai akan diumumkan via email","netral"
"Kegiatan donor darah diadakan di lobby gedung rektorat","netral"
"Mahasiswa baru mendapatkan buku panduan akademik","netral"
"Fasilitas parkir mobil dikenakan biaya per jam","netral"
"Ruang kelas di gedung baru menggunakan kursi busa","netral"
"Dosen wali memberikan tanda tangan secara manual","netral"
"Jadwal praktikum biologi dasar dilakukan di lab biologi","netral"
"Pembayaran uang gedung dilakukan secara bertahap","netral"
"Informasi jadwal wisuda periode depan sudah keluar","netral"
"Mahasiswa bisa menggunakan mesin binding di dekat fotokopi","netral"
"Fasilitas lapangan basket memiliki ring yang standar","netral"
"Ruang baca outdoor memiliki meja dan kursi taman","netral"
"Pengumuman perubahan jam operasional perpustakaan disampaikan","netral"
"Kegiatan lomba debat bahasa Inggris diadakan tahunan","netral"
"Mahasiswa diwajibkan menggunakan jas almamater saat sidang","netral"
"Fasilitas klinik kampus melayani mahasiswa dan karyawan","netral"
"Ruang himpunan mahasiswa terletak di gedung student center","netral"
"Dosen memberikan tugas paper di akhir semester","netral"
"Jadwal seminar proposal bisa diatur sendiri oleh mahasiswa","netral"
"Pendaftaran program pertukaran pelajar sudah dibuka","netral"
"Informasi beasiswa Supersemar bisa diakses di website","netral"
"Mahasiswa bisa meminjam alat olahraga di sekretariat","netral"
"Fasilitas tempat parkir sepeda motor luas","netral"
"Ruang kelas memiliki meja dosen di depan","netral"
"Pengumuman jadwal kuliah semester pendek sudah keluar","netral"
"Kegiatan workshop penulisan jurnal diadakan oleh LPPM","netral"
"Mahasiswa baru diwajibkan mengikuti ospek fakultas","netral"
"Fasilitas ruang laktasi hanya bisa digunakan oleh dosen","netral"
"Ruang baca perpustakaan memiliki koleksi skripsi","netral"
"Dosen memberikan kisi-kisi ujian di akhir pertemuan","netral"
"Jadwal bimbingan akademik dilakukan secara online","netral"
"Pembayaran biaya KKN dibayarkan sebelum berangkat","netral"
"Informasi lowongan asisten dosen bisa dilihat di fakultas","netral"
"Mahasiswa bisa menggunakan software editing di lab multimedia","netral"
"Fasilitas lapangan voli memiliki net yang standar","netral"
"Ruang himpunan mahasiswa digunakan untuk rapat rutin","netral"
"Pengumuman hasil seleksi PKM didanai sudah keluar","netral"
"Kegiatan pekan seni mahasiswa diadakan dua tahun sekali","netral"
"Mahasiswa dihimbau untuk tidak membawa makanan ke perpustakaan","netral"
"Fasilitas kantin pusat memiliki area lesehan","netral"
"Ruang kelas di lantai 2 sering digunakan untuk kuliah umum","netral"
"Dosen tamu diundang dari universitas lain","netral"
"Jadwal praktikum kimia dasar dilakukan seminggu sekali","netral"
"Pendaftaran pelatihan public speaking di CDC dibuka","netral"
"Informasi jadwal ujian lisan diumumkan oleh dosen","netral"
"Mahasiswa bisa meminjam buku referensi di perpustakaan","netral"
"Fasilitas taman kampus memiliki jalur pedestrian","netral"
"Ruang baca memiliki pencahayaan alami dari jendela","netral"
"Pengumuman jadwal KRS online sudah bisa diakses","netral"
"Kegiatan bakti sosial diadakan di desa binaan","netral"
"Mahasiswa baru diberikan email kampus","netral"
"Fasilitas mushola putra terletak di lantai 1","netral"
"Ruang himpunan mahasiswa memiliki lemari penyimpanan","netral"
"Dosen memberikan nilai sesuai dengan bobot penilaian","netral"
"Jadwal kuliah tatap muka dilakukan dua kali seminggu","netral"
"Pembayaran biaya magang ditanggung oleh mahasiswa","netral"
"Informasi pendaftaran yudisium bisa dilihat di portal","netral"
"Mahasiswa bisa mengakses jurnal internasional via VPN","netral"
"Fasilitas tempat parkir motor di basement banjir jika hujan","netral"
"Ruang kelas memiliki jam dinding di depan","netral"
"Pengumuman hasil tes kesehatan mahasiswa baru sudah keluar","netral"
"Kegiatan pelatihan software diadakan oleh lab komputer","netral"
"Mahasiswa diwajibkan membawa laptop sendiri untuk praktikum","netral"
"Fasilitas klinik kampus memiliki tempat tidur pasien","netral"
"Ruang baca perpustakaan buka di hari Sabtu","netral"
"Dosen memberikan kuliah dengan menggunakan modul","netral"
"Jadwal seminar KP diumumkan oleh koordinator KP","netral"
"Pendaftaran program kewirausahaan mahasiswa sudah dibuka","netral"
"Informasi beasiswa bidikmisi bisa diakses di kemahasiswaan","netral"
"Mahasiswa bisa meminjam alat peraga di lab","netral"
"Fasilitas lapangan futsal menggunakan rumput sintetis","netral"
"Ruang himpunan mahasiswa terletak di dekat kantin","netral"
"Pengumuman jadwal sidang skripsi gelombang 1 sudah keluar","netral"
"Kegiatan lomba inovasi teknologi diadakan oleh BEM","netral"
"Mahasiswa baru wajib mengisi data diri di portal","netral"
"Fasilitas ruang tunggu di depan lift memiliki kursi","netral"
"Ruang kelas memiliki akses internet kabel","netral"
"Dosen wali memberikan pengarahan di awal semester","netral"
"Jadwal praktikum elektronika dasar dilakukan di lab","netral"
"Pembayaran uang pangkal dilakukan saat daftar ulang","netral"
"Informasi jadwal kuliah tamu diumumkan via email","netral"
"Mahasiswa bisa menggunakan mesin scan di perpustakaan","netral"
"Fasilitas tempat sampah organik dan non organik terpisah","netral"
"Ruang baca memiliki pendingin ruangan yang standar","netral"
"Pengumuman perubahan jadwal praktikum disampaikan oleh asisten","netral"
"Kegiatan workshop karier diadakan oleh CDC","netral"
"Mahasiswa dihimbau untuk tidak merokok di lingkungan kampus","netral"
"Fasilitas kantin fakultas menyediakan menu sarapan","netral"
"Ruang himpunan mahasiswa digunakan untuk kegiatan UKM","netral"
"Dosen memberikan tugas take home di tengah semester","netral"
"Jadwal bimbingan skripsi bisa dilakukan via Zoom","netral"
"Pendaftaran pelatihan bahasa asing di pusat bahasa dibuka","netral"
"Informasi lowongan magang di perusahaan mitra diumumkan","netral"
"Mahasiswa bisa meminjam payung di resepsionis saat hujan","netral"
"Fasilitas lapangan basket bisa digunakan malam hari","netral"
"Ruang kelas di gedung lama memiliki langit-langit tinggi","netral"
"Pengumuman hasil seleksi asisten dosen sudah keluar","netral"
"Kegiatan festival film mahasiswa diadakan tahunan","netral"
"Mahasiswa baru mendapatkan kartu mahasiswa sementara","netral"
"Fasilitas parkir mobil tamu terletak di depan gedung","netral"
"Ruang baca outdoor terletak di dekat kolam ikan","netral"
"Dosen mengajar menggunakan media video","netral"
"Jadwal kuliah semester genap lebih padat","netral"
"Pembayaran biaya praktikum dilakukan di awal semester","netral"
"Informasi beasiswa dari luar negeri bisa diakses di OIA","netral"
"Mahasiswa bisa menggunakan software statistik di lab","netral"
"Fasilitas tempat parkir motor dekat dengan gerbang","netral"
"Ruang himpunan mahasiswa memiliki papan struktur organisasi","netral"
"Pengumuman jadwal UTS susulan diumumkan setelah UTS","netral"
"Kegiatan bakti sosial ke panti asuhan diadakan rutin","netral"
"Mahasiswa diwajibkan mengikuti kuliah umum kebangsaan","netral"
"Fasilitas klinik kampus melayani konsultasi dokter umum","netral"
"Ruang baca perpustakaan memiliki meja panjang","netral"
"Dosen memberikan kesempatan perbaikan nilai","netral"
"Jadwal seminar proposal bisa dilakukan kapan saja","netral"
"Pendaftaran program magang bersertifikat sudah dibuka","netral"
"Informasi jadwal yudisium diumumkan di website fakultas","netral"
"Mahasiswa bisa meminjam buku di perpustakaan daerah","netral"
"Fasilitas lapangan voli pantai terletak di belakang kampus","netral"
"Ruang kelas memiliki proyektor yang terpasang permanen","netral"
"Pengumuman kelulusan SKPI bisa diambil bersamaan dengan ijazah","netral"
"Kegiatan pelatihan menulis proposal diadakan oleh LPPM","netral"
"Mahasiswa baru diwajibkan membeli seragam olahraga","netral"
"Fasilitas ruang menyusui terletak di dekat klinik","netral"
"Ruang himpunan mahasiswa digunakan untuk pameran","netral"
"Dosen memberikan kuliah sesuai dengan RPS","netral"
"Jadwal praktikum mikrobiologi dilakukan di lab biologi","netral"
"Pembayaran biaya wisuda dilakukan di bank mitra","netral"
"Informasi pendaftaran seminar internasional sudah dibuka","netral"
"Mahasiswa bisa mengakses e-book dari perpustakaan digital","netral"
"Fasilitas tempat sampah di selasar sering kosong","netral"
"Ruang baca memiliki koleksi buku referensi","netral"
"Pengumuman jadwal ujian lisan diumumkan oleh dosen penguji","netral"
"Kegiatan lomba karya tulis ilmiah nasional diadakan","netral"
"Mahasiswa dihimbau untuk mematuhi tata tertib kampus","netral"
"Fasilitas kantin fakultas memiliki meja dan kursi kayu","netral"
"Ruang himpunan mahasiswa terletak di lantai 2","netral"
"Dosen wali membuka sesi konsultasi secara online","netral"
"Jadwal bimbingan akademik dilakukan sebelum pengisian KRS","netral"
"Pendaftaran pelatihan desain grafis diadakan oleh UKM","netral"
"Informasi lowongan kerja di BUMN diumumkan di CDC","netral"
"Mahasiswa bisa meminjam kunci lab di TU","netral"
"Fasilitas lapangan sepak bola memiliki rumput alami","netral"
"Ruang kelas di lantai 3 memiliki pemandangan taman","netral"
"Pengumuman hasil seleksi beasiswa internal sudah keluar","netral"
"Kegiatan pekan raya mahasiswa diadakan setiap tahun","netral"
"Mahasiswa baru wajib mengikuti tes psikologi","netral"
"Fasilitas parkir mobil dosen terletak di samping gedung","netral"
"Ruang baca outdoor memiliki peneduh dari pohon","netral"
"Dosen memberikan materi kuliah dalam bentuk cetak","netral"
"Jadwal kuliah pengganti diadakan di hari Sabtu","netral"
"Pembayaran biaya KKN bisa diangsur","netral"
"Informasi beasiswa dari yayasan bisa diakses di kemahasiswaan","netral"
"Mahasiswa bisa menggunakan mesin jilid di dekat fotokopi","netral"
"Fasilitas tempat parkir motor di depan gedung terbatas","netral"
"Ruang himpunan mahasiswa memiliki galon air minum","netral"
"Pengumuman jadwal praktikum susulan diumumkan oleh laboran","netral"
"Kegiatan workshop kewirausahaan diadakan oleh inkubator","netral"
"Mahasiswa diwajibkan menggunakan pakaian sopan di kampus","netral"
"Fasilitas klinik kampus melayani rujukan ke rumah sakit","netral"
"Ruang baca perpustakaan memiliki koleksi jurnal cetak","netral"
"Dosen memberikan ujian dalam bentuk esai","netral"
"Jadwal seminar KP bisa dilakukan secara online","netral"
"Pendaftaran program student exchange sudah dibuka","netral"
"Informasi jadwal wisuda bisa diakses di portal wisuda","netral"
"Mahasiswa bisa meminjam buku teks di perpustakaan","netral"
"Fasilitas lapangan tenis memiliki permukaan yang rata","netral"
"Ruang kelas memiliki kursi yang bisa dipindah-pindah","netral"
"Pengumuman perubahan jadwal kuliah diinfokan oleh dosen","netral"
"Kegiatan bakti sosial ke panti jompo diadakan rutin","netral"
"Mahasiswa baru mendapatkan akses ke sistem informasi","netral"
"Fasilitas ruang laktasi memiliki wastafel","netral"
"Ruang himpunan mahasiswa digunakan untuk menyimpan peralatan","netral"
"Dosen memberikan tugas resume di setiap pertemuan","netral"
"Jadwal praktikum fisika dilakukan di lab fisika dasar","netral"
"Pembayaran biaya SKS dibayarkan per semester","netral"
"Informasi pendaftaran KKN reguler sudah dibuka","netral"
"Mahasiswa bisa menggunakan wifi kampus dengan bandwidth tertentu","netral"
"Fasilitas tempat sampah di depan perpustakaan sering penuh","netral"
"Ruang baca memiliki meja dengan sekat","netral"
"Pengumuman jadwal sidang skripsi gelombang 2 sudah keluar","netral"
"Kegiatan pelatihan public speaking diadakan oleh CDC","netral"
"Mahasiswa dihimbau untuk tidak membawa senjata tajam","netral"
"Fasilitas kantin pusat memiliki area merokok terpisah","netral"
"Ruang himpunan mahasiswa terletak di dekat parkiran motor","netral"
"Dosen mengajar dengan metode studi kasus","netral"
"Jadwal bimbingan skripsi dilakukan minimal 8 kali","netral"
"Pendaftaran pelatihan menjahit diadakan oleh UKM Fashion","netral"
"Informasi lowongan asisten peneliti diumumkan di fakultas","netral"
"Fasilitas lapangan bulutangkis memiliki garis yang jelas","netral"
"Ruang kelas di lantai dasar sering digunakan untuk ujian","netral"
"Pengumuman hasil seleksi program magang sudah keluar","netral"
"Kegiatan lomba debat hukum diadakan oleh fakultas","netral"
"Mahasiswa baru diwajibkan mengisi formulir data pribadi","netral"
"Fasilitas parkir sepeda motor indoor terbatas","netral"
"Ruang baca outdoor memiliki lampu taman di malam hari","netral"
"Dosen memberikan nilai akhir setelah UAS","netral"
"Jadwal kuliah semester ganjil lebih panjang","netral"
"Pembayaran biaya kuliah bisa dilakukan secara online","netral"
"Informasi beasiswa dari perusahaan swasta diumumkan di CDC","netral"
"Mahasiswa bisa menggunakan ruang teater dengan izin","netral"
"Fasilitas tempat parkir motor di basement gelap","netral"
"Ruang himpunan mahasiswa memiliki jam dinding","netral"
"Pengumuman jadwal yudisium gelombang 2 sudah keluar","netral"
"Kegiatan workshop penulisan CV diadakan oleh CDC","netral"
"Mahasiswa diwajibkan mengikuti upacara bendera","netral"
"Fasilitas klinik kampus melayani pemeriksaan gigi","netral"
"Ruang baca perpustakaan memiliki koleksi tesis","netral"
"Dosen memberikan kuliah tambahan di luar jam","netral"
"Jadwal seminar hasil penelitian bisa dilakukan di akhir semester","netral"
"Pendaftaran program inkubasi bisnis sudah dibuka","netral"
"Informasi jadwal pengambilan ijazah bisa dilihat di portal","netral"
"Mahasiswa bisa meminjam laptop di lab komputer","netral"
"Fasilitas lapangan voli pantai memiliki pasir putih","netral"
"Ruang kelas memiliki layar proyektor yang bisa ditarik","netral"
"Pengumuman kelulusan ujian komprehensif diumumkan oleh jurusan","netral"
"Kegiatan bakti sosial ke desa binaan diadakan oleh BEM","netral"
"Mahasiswa baru mendapatkan kartu akses perpustakaan","netral"
"Fasilitas ruang tunggu di depan ruang rektor memiliki sofa","netral"
"Ruang himpunan mahasiswa digunakan untuk rapat koordinasi","netral"
"Dosen wali memberikan rekomendasi mata kuliah","netral"
"Jadwal praktikum kimia organik dilakukan di lab kimia","netral"
"Pembayaran biaya daftar ulang dilakukan setiap semester","netral"
"Informasi pendaftaran asisten lab sudah dibuka","netral"
"Mahasiswa bisa mengakses jurnal nasional dari perpus","netral"
"Fasilitas tempat sampah di area parkir kurang","netral"
"Ruang baca memiliki suhu ruangan yang sejuk","netral"
"Pengumuman jadwal KRS manual diumumkan oleh fakultas","netral"
"Kegiatan pelatihan kepemimpinan diadakan oleh BEM","netral"
"Mahasiswa dihimbau untuk tidak membuang sampah sembarangan","netral"
"Fasilitas kantin fakultas memiliki televisi","netral"
"Ruang himpunan mahasiswa terletak di dekat mushola","netral"
"Dosen memberikan tugas kelompok di awal semester","netral"
"Jadwal bimbingan akademik dilakukan secara tatap muka","netral"
"Pendaftaran pelatihan fotografi diadakan oleh UKM Jurnalistik","netral"
"Informasi lowongan kerja di startup diumumkan di CDC","netral"
"Mahasiswa bisa meminjam helm di pos satpam","netral"
"Fasilitas lapangan basket memiliki tiang yang kokoh","netral"
"Ruang kelas di lantai 2 sering digunakan untuk kuliah reguler","netral"
"Pengumuman hasil seleksi program KMMI sudah keluar","netral"
"Kegiatan lomba inovasi bisnis diadakan oleh inkubator","netral"
"Mahasiswa baru diwajibkan membeli buku panduan","netral"
"Fasilitas parkir mobil mahasiswa terletak di luar kampus","netral"
"Ruang baca outdoor memiliki kursi santai","netral"
"Dosen memberikan materi kuliah dalam bentuk PPT","netral"
"Jadwal kuliah semester pendek lebih padat","netral"
"Pembayaran biaya wisuda bisa diwakilkan","netral"
"Informasi beasiswa dari pemerintah daerah diumumkan","netral"
"Mahasiswa bisa menggunakan ruang podcast dengan izin","netral"
"Fasilitas tempat parkir motor di depan perpustakaan penuh","netral"
"Ruang himpunan mahasiswa memiliki papan tulis kecil","netral"
"Pengumuman jadwal UAS susulan diumumkan via portal","netral"
"Kegiatan workshop pembuatan konten diadakan oleh UKM","netral"
"Mahasiswa diwajibkan mengikuti kuliah umum","netral"
"Fasilitas klinik kampus melayani konsultasi gizi","netral"
"Ruang baca perpustakaan memiliki koleksi buku langka","netral"
"Dosen memberikan ujian dalam bentuk pilihan ganda","netral"
"Jadwal seminar KP bisa diwakilkan","netral"
"Pendaftaran program magang di instansi pemerintah dibuka","netral"
"Informasi jadwal pengambilan toga bisa dilihat di fakultas","netral"
"Mahasiswa bisa meminjam charger di perpustakaan","netral"
"Fasilitas lapangan sepak bola memiliki gawang besi","netral"
"Ruang kelas memiliki speaker di sudut ruangan","netral"
"Pengumuman perubahan jadwal ujian diumumkan oleh pengawas","netral"
"Kegiatan bakti sosial ke panti asuhan diadakan tahunan","netral"
"Mahasiswa baru mendapatkan seragam olahraga","netral"
"Fasilitas ruang laktasi memiliki kulkas","netral"
"Ruang himpunan mahasiswa digunakan untuk belajar bersama","netral"
"Dosen memberikan nilai plus untuk partisipasi","netral"
"Jadwal praktikum biologi molekuler dilakukan di lab","netral"
"Pembayaran biaya SKS variabel dibayarkan sesuai SKS","netral"
"Informasi pendaftaran KKN internasional sudah dibuka","netral"
"Mahasiswa bisa mengakses e-journal dari luar kampus","netral"
"Fasilitas tempat sampah di selasar depan kelas penuh","netral"
"Ruang baca memiliki koleksi disertasi","netral"
"Pengumuman jadwal sidang skripsi gelombang 3 sudah keluar","netral"
"Kegiatan pelatihan menulis kreatif diadakan oleh UKM","netral"
"Mahasiswa dihimbau untuk tidak berisik di perpustakaan","netral"
"Fasilitas kantin pusat memiliki AC","netral"
"Ruang himpunan mahasiswa terletak di lantai 3","netral"
"Dosen mengajar dengan metode blended learning","netral"
"Jadwal bimbingan skripsi bisa diatur ulang","netral"
"Pendaftaran pelatihan tari tradisional diadakan oleh UKM","netral"
"Informasi lowongan kerja di luar negeri diumumkan di OIA","netral"
"Mahasiswa bisa meminjam alat musik di sekretariat UKM","netral"
"Fasilitas lapangan bulutangkis memiliki tiang net","netral"
"Ruang kelas di lantai 1 digunakan untuk mahasiswa difabel","netral"
"Pengumuman hasil seleksi program IISMA sudah keluar","netral"
"Kegiatan lomba karya inovatif mahasiswa diadakan tahunan","netral"
"Mahasiswa baru diwajibkan mengikuti kegiatan pengenalan kampus","netral"
"Fasilitas parkir sepeda motor di samping gedung","netral"
"Ruang baca outdoor terletak di rooftop gedung","netral"
"Dosen memberikan kuis mendadak","netral"
"Jadwal kuliah tatap muka dikurangi saat pandemi","netral"
"Pembayaran biaya KKN dilakukan di bank","netral"
"Informasi beasiswa dari lembaga internasional diumumkan","netral"
"Mahasiswa bisa menggunakan ruang diskusi di lantai 3","netral"
"Fasilitas tempat parkir motor di depan gedung rektorat","netral"
"Ruang himpunan mahasiswa memiliki kipas angin gantung","netral"
"Pengumuman jadwal UTS susulan diumumkan via grup WA","netral"
"Kegiatan workshop pengembangan diri diadakan oleh BEM","netral"
"Fasilitas klinik kampus melayani pemeriksaan tekanan darah","netral"
"Ruang baca perpustakaan memiliki koleksi prosiding","netral"
"Dosen memberikan nilai sesuai dengan kontrak kuliah","netral"
"Jadwal seminar hasil penelitian bisa diundur","netral"
"Pendaftaran program magang di BUMN sudah dibuka","netral"
"Informasi jadwal pengambilan transkrip nilai diumumkan","netral"
"Fasilitas lapangan tenis memiliki net yang standar","netral"
"Ruang kelas memiliki AC yang bisa diatur suhunya","netral"
"Pengumuman kelulusan ujian skripsi diumumkan langsung","netral"
"Kegiatan bakti sosial ke daerah bencana diadakan insidental","netral"
"Mahasiswa baru mendapatkan jas almamater","netral"
"Fasilitas ruang tunggu di depan ruang kaprodi memiliki kursi","netral"
"Ruang himpunan mahasiswa digunakan untuk menyimpan perlengkapan","netral"
"Dosen wali memberikan motivasi akademik","netral"
"Jadwal praktikum komputer dilakukan di lab komputer","netral"
"Pembayaran biaya kuliah kerja nyata dibayarkan di awal","netral"
"Informasi pendaftaran seminar nasional sudah dibuka","netral"
"Mahasiswa bisa mengakses repository kampus dari rumah","netral"
"Fasilitas tempat sampah di ruang kelas kurang","netral"
"Ruang baca memiliki lampu yang terang","netral"
"Pengumuman jadwal KRS online untuk semester depan","netral"
"Kegiatan pelatihan debat diadakan oleh UKM Debat","netral"
"Mahasiswa dihimbau untuk tidak merusak fasilitas","netral"
"Fasilitas kantin fakultas menyediakan minuman dingin","netral"
"Ruang himpunan mahasiswa terletak di dekat lab komputer","netral"
"Dosen memberikan tugas proyek di akhir semester","netral"
"Jadwal bimbingan akademik dilakukan secara individu","netral"
"Pendaftaran pelatihan musik diadakan oleh UKM Musik","netral"
"Informasi lowongan kerja di bank diumumkan di CDC","netral"
"Mahasiswa bisa meminjam bola basket di sekretariat","netral"
"Fasilitas lapangan basket memiliki garis lapangan","netral"
"Ruang kelas di lantai 4 digunakan untuk kuliah pilihan","netral"
"Pengumuman hasil seleksi program magang MBKM sudah keluar","netral"
"Kegiatan lomba fotografi diadakan oleh UKM Jurnalistik","netral"
"Mahasiswa baru diwajibkan mengikuti tes kesehatan jiwa","netral"
"Fasilitas parkir mobil tamu VIP terletak di depan rektorat","netral"
"Ruang baca outdoor memiliki meja kayu","netral"
"Dosen memberikan materi tambahan dari internet","netral"
"Jadwal kuliah semester pendek dilakukan di akhir pekan","netral"
"Pembayaran biaya ujian susulan dibayarkan di bank","netral"
"Informasi beasiswa dari alumni diumumkan di website","netral"
"Mahasiswa bisa menggunakan ruang musik dengan izin","netral"
"Fasilitas tempat parkir motor di dekat masjid","netral"
"Ruang himpunan mahasiswa memiliki lemari arsip","netral"
"Pengumuman jadwal yudisium gelombang 3 sudah keluar","netral"
"Kegiatan workshop pembuatan film diadakan oleh UKM Film","netral"
"Mahasiswa diwajibkan mengikuti tes TOEFL ITP","netral"
"Fasilitas klinik kampus melayani pemeriksaan gula darah","netral"
"Ruang baca perpustakaan memiliki koleksi buku fiksi","netral"
"Dosen memberikan ujian lisan di akhir semester","netral"
"Jadwal seminar proposal bisa dilakukan secara online","netral"
"Pendaftaran program magang di perusahaan multinasional dibuka","netral"
"Informasi jadwal pengambilan SKPI bisa dilihat di portal","netral"
"Mahasiswa bisa meminjam kalkulator di lab","netral"
"Fasilitas lapangan voli memiliki tiang net","netral"
"Ruang kelas memiliki jendela yang menghadap ke koridor","netral"
"Pengumuman perubahan jadwal praktikum diumumkan oleh dosen","netral"
"Kegiatan bakti sosial ke panti werdha diadakan rutin","netral"
"Mahasiswa baru mendapatkan kartu anggota perpustakaan","netral"
"Fasilitas ruang menyusui terletak di lantai 1","netral"
"Ruang himpunan mahasiswa digunakan untuk pameran karya","netral"
"Dosen memberikan nilai tugas tepat waktu","netral"
"Jadwal praktikum kimia analitik dilakukan di lab","netral"
"Pembayaran biaya SKS dilakukan setiap semester","netral"
"Informasi pendaftaran KKN tematik sudah ditutup","netral"
"Mahasiswa bisa mengakses jurnal Scopus dari perpus","netral"
"Fasilitas tempat sampah di depan kelas kosong","netral"
"Ruang baca memiliki pendingin ruangan","netral"
"Pengumuman jadwal sidang skripsi gelombang 4 sudah keluar","netral"
"Kegiatan pelatihan menulis artikel diadakan oleh LPPM","netral"
"Mahasiswa dihimbau untuk tidak menggunakan sandal jepit","netral"
"Fasilitas kantin pusat memiliki mushola","netral"
"Ruang himpunan mahasiswa terletak di dekat lapangan","netral"
"Dosen mengajar dengan metode problem based learning","netral"
"Jadwal bimbingan skripsi dilakukan seminggu sekali","netral"
"Pendaftaran pelatihan teater diadakan oleh UKM Teater","netral"
"Informasi lowongan kerja di media diumumkan di CDC","netral"
"Mahasiswa bisa meminjam raket di sekretariat UKM","netral"
"Fasilitas lapangan bulutangkis indoor","netral"
"Ruang kelas di lantai 2 sering digunakan untuk ujian","netral"
"Pengumuman hasil seleksi program Kampus Mengajar sudah keluar","netral"
"Kegiatan lomba desain poster diadakan oleh BEM","netral"
"Mahasiswa baru diwajibkan mengikuti pelatihan bela negara","netral"
"Fasilitas parkir mobil dosen terletak di basement","netral"
"Ruang baca outdoor memiliki tempat sampah","netral"
"Dosen memberikan kuis online","netral"
"Jadwal kuliah semester ganjil dimulai bulan September","netral"
"Pembayaran biaya wisuda gelombang 1 sudah ditutup","netral"
"Informasi beasiswa dari pemerintah pusat diumumkan","netral"
"Mahasiswa bisa menggunakan ruang gamelan untuk latihan","netral"
"Fasilitas tempat parkir motor di dekat kantin","netral"
"Ruang himpunan mahasiswa memiliki galon air isi ulang","netral"
"Pengumuman jadwal UAS susulan diumumkan oleh fakultas","netral"
"Kegiatan workshop pembuatan website diadakan oleh lab","netral"
"Mahasiswa diwajibkan mengikuti kuliah praktisi","netral"
"Fasilitas klinik kampus melayani pemeriksaan kolesterol","netral"
"Ruang baca perpustakaan memiliki koleksi majalah ilmiah","netral"
"Dosen memberikan ujian take home","netral"
"Jadwal seminar hasil penelitian bisa dijadwalkan ulang","netral"
"Pendaftaran program magang di perusahaan startup dibuka","netral"
"Informasi jadwal pengambilan ijazah periode lalu","netral"
"Mahasiswa bisa meminjam mikroskop di lab biologi","netral"
"Fasilitas lapangan sepak bola memiliki lampu penerangan","netral"
"Ruang kelas memiliki whiteboard di depan","netral"
"Pengumuman kelulusan ujian proposal diumumkan oleh jurusan","netral"
"Kegiatan bakti sosial ke panti sosial diadakan rutin","netral"
"Mahasiswa baru mendapatkan buku saku mahasiswa","netral"
"Fasilitas ruang tunggu di depan ruang TU memiliki kursi","netral"
"Ruang himpunan mahasiswa digunakan untuk rapat tahunan","netral"
"Dosen wali memberikan saran akademik","netral"
"Jadwal praktikum biologi dasar dilakukan di semester 1","netral"
"Pembayaran biaya kuliah kerja nyata bisa diangsur","netral"
"Informasi pendaftaran seminar internasional sudah ditutup","netral"
"Mahasiswa bisa mengakses e-book dari penerbit luar","netral"
"Fasilitas tempat sampah di taman kurang","netral"
"Ruang baca memiliki meja baca individu","netral"
"Pengumuman jadwal KRS online untuk semester pendek","netral"
"Kegiatan pelatihan kepenulisan diadakan oleh UKM Pers","netral"
"Mahasiswa dihimbau untuk tidak membawa minuman keras","netral"
"Fasilitas kantin fakultas menyediakan makanan ringan","netral"
"Ruang himpunan mahasiswa terletak di dekat perpustakaan","netral"
"Dosen memberikan tugas mandiri di rumah","netral"
"Jadwal bimbingan akademik dilakukan secara daring","netral"
"Pendaftaran pelatihan paduan suara diadakan oleh UKM","netral"
"Informasi lowongan kerja di perusahaan tambang diumumkan","netral"
"Mahasiswa bisa meminjam bola voli di sekretariat","netral"
"Fasilitas lapangan basket outdoor","netral"
"Ruang kelas di lantai 3 digunakan untuk kuliah teori","netral"
"Pengumuman hasil seleksi program MSIB sudah keluar","netral"
"Kegiatan lomba menulis cerpen diadakan oleh UKM","netral"
"Mahasiswa baru diwajibkan mengikuti kegiatan kerohanian","netral"
"Fasilitas parkir mobil tamu terletak di samping gedung","netral"
"Ruang baca outdoor memiliki atap","netral"
"Dosen memberikan materi dari buku teks","netral"
"Jadwal kuliah semester genap dimulai bulan Februari","netral"
"Pembayaran biaya wisuda gelombang 2 sudah dibuka","netral"
"Informasi beasiswa dari perusahaan tambang diumumkan","netral"
"Mahasiswa bisa menggunakan ruang studio foto dengan izin","netral"
"Fasilitas tempat parkir motor di dekat gedung olahraga","netral"
"Ruang himpunan mahasiswa memiliki meja rapat","netral"
"Pengumuman jadwal UTS susulan diumumkan oleh jurusan","netral"
"Kegiatan workshop pembuatan aplikasi mobile diadakan","netral"
"Mahasiswa diwajibkan mengikuti seminar pra-wisuda","netral"
"Fasilitas klinik kampus melayani pemeriksaan asam urat","netral"
"Ruang baca perpustakaan memiliki koleksi buku non fiksi","netral"
"Dosen memberikan nilai praktikum di akhir semester","netral"
"Jadwal seminar KP bisa diatur sesuai dosen pembimbing","netral"
"Pendaftaran program magang di rumah sakit dibuka","netral"
"Informasi jadwal pengambilan transkrip nilai sementara","netral"
"Fasilitas lapangan voli indoor","netral"
"Ruang kelas memiliki papan tulis di depan dan belakang","netral"
"Pengumuman perubahan jadwal sidang diumumkan oleh jurusan","netral"
"Kegiatan bakti sosial ke panti asuhan diadakan bulan ini","netral"
"Mahasiswa baru mendapatkan jaket almamater kualitas standar","netral"
"Fasilitas ruang laktasi memiliki tempat duduk","netral"
"Ruang himpunan mahasiswa digunakan untuk kegiatan rutin","netral"
"Dosen memberikan nilai akhir setelah ujian perbaikan","netral"
"Jadwal praktikum kimia dasar dilakukan di semester 2","netral"
"Pembayaran biaya SKS variabel disesuaikan dengan kemampuan","netral"
"Informasi pendaftaran KKN reguler sudah ditutup","netral"
"Mahasiswa bisa mengakses jurnal internasional dari rumah","netral"
"Fasilitas tempat sampah di depan gedung kurang","netral"
"Ruang baca memiliki kursi yang nyaman","netral"
"Pengumuman jadwal sidang skripsi gelombang 5 sudah keluar","netral"
"Kegiatan pelatihan desain grafis diadakan oleh lab","netral"
"Mahasiswa dihimbau untuk tidak membawa hewan peliharaan","netral"
"Fasilitas kantin pusat menyediakan menu nasi padang","netral"
"Ruang himpunan mahasiswa terletak di dekat taman","netral"
"Dosen mengajar dengan metode project based learning","netral"
"Jadwal bimbingan skripsi dilakukan sesuai permintaan mahasiswa","netral"
"Pendaftaran pelatihan robotika diadakan oleh UKM Robotik","netral"
"Informasi lowongan kerja di perusahaan penerbangan diumumkan","netral"
"Mahasiswa bisa meminjam bola futsal di sekretariat","netral"
"Fasilitas lapangan bulutangkis outdoor","netral"
"Ruang kelas di lantai 1 digunakan untuk kuliah umum","netral"
"Pengumuman hasil seleksi program magang di Jepang sudah keluar","netral"
"Kegiatan lomba debat bahasa Arab diadakan oleh fakultas","netral"
"Mahasiswa baru diwajibkan mengikuti kegiatan olahraga","netral"
"Fasilitas parkir sepeda motor di dekat gerbang belakang","netral"
"Ruang baca outdoor memiliki pemandangan taman","netral"
"Dosen memberikan kuis di awal pertemuan","netral"
"Jadwal kuliah semester pendek dimulai bulan Juli","netral"
"Pembayaran biaya wisuda gelombang 3 sudah dibuka","netral"
"Informasi beasiswa dari perusahaan minyak diumumkan","netral"
"Fasilitas tempat parkir motor di dekat asrama","netral"
"Ruang himpunan mahasiswa memiliki papan pengumuman digital","netral"
"Pengumuman jadwal yudisium gelombang 4 sudah keluar","netral"
"Kegiatan workshop pembuatan game diadakan oleh lab","netral"
"Mahasiswa diwajibkan mengikuti kuliah umum dari praktisi","netral"
"Fasilitas klinik kampus melayani pemeriksaan mata","netral"
"Ruang baca perpustakaan memiliki koleksi buku ajar","netral"
"Dosen memberikan ujian dalam bentuk lisan dan tulisan","netral"
"Jadwal seminar proposal bisa dilakukan di ruang sidang","netral"
"Pendaftaran program magang di perusahaan logistik dibuka","netral"
"Informasi jadwal pengambilan ijazah dan transkrip","netral"
"Mahasiswa bisa meminjam alat gambar di lab arsitektur","netral"
"Fasilitas lapangan sepak bola memiliki tribun penonton","netral"
"Ruang kelas memiliki meja dan kursi yang tertata rapi","netral"
"Pengumuman kelulusan ujian kompre diumumkan oleh kaprodi","netral"
"Kegiatan bakti sosial ke daerah bencana diadakan oleh UKM","netral"
"Mahasiswa baru mendapatkan kartu tanda mahasiswa digital","netral"
"Fasilitas ruang tunggu di depan lift memiliki AC","netral"
"Ruang himpunan mahasiswa digunakan untuk diskusi","netral"
"Dosen wali memberikan persetujuan KRS","netral"
"Jadwal praktikum fisika dasar dilakukan di semester 1","netral"
"Pembayaran biaya kuliah kerja nyata dilakukan di awal","netral"
"Informasi pendaftaran seminar nasional sudah ditutup","netral"
"Mahasiswa bisa mengakses e-journal dari perpustakaan","netral"
"Fasilitas tempat sampah di selasar belakang penuh","netral"
"Ruang baca memiliki jendela besar","netral"
"Pengumuman jadwal KRS online untuk semester ganjil","netral"
"Kegiatan pelatihan jurnalistik diadakan oleh UKM","netral"
"Mahasiswa dihimbau untuk tidak membawa narkoba","netral"
"Fasilitas kantin fakultas menyediakan kopi dan teh","netral"
"Ruang himpunan mahasiswa terletak di lantai 4","netral"
"Dosen memberikan tugas presentasi kelompok","netral"
"Jadwal bimbingan akademik dilakukan di awal semester","netral"
"Pendaftaran pelatihan catur diadakan oleh UKM Catur","netral"
"Informasi lowongan kerja di perusahaan farmasi diumumkan","netral"
"Mahasiswa bisa meminjam alat safety di lab teknik","netral"
"Fasilitas lapangan basket memiliki papan pantul","netral"
"Ruang kelas di lantai 2 digunakan untuk kuliah pilihan","netral"
"Pengumuman hasil seleksi program IISMA tahun ini","netral"
"Kegiatan lomba karya tulis populer diadakan oleh BEM","netral"
"Mahasiswa baru diwajibkan mengikuti tes narkoba","netral"
"Fasilitas parkir mobil mahasiswa terletak di dekat gerbang","netral"
"Ruang baca outdoor memiliki tanaman hias","netral"
"Dosen memberikan materi dari jurnal terbaru","netral"
"Jadwal kuliah semester ganjil tahun ini","netral"
"Pembayaran biaya wisuda gelombang 4 sudah ditutup","netral"
"Informasi beasiswa dari perusahaan telekomunikasi diumumkan","netral"
"Mahasiswa bisa menggunakan ruang pameran dengan izin","netral"
"Fasilitas tempat parkir motor di dekat laboratorium","netral"
"Ruang himpunan mahasiswa memiliki karpet","netral"
"Pengumuman jadwal UAS susulan diumumkan oleh dosen","netral"
"Kegiatan workshop pembuatan robot diadakan oleh UKM","netral"
"Mahasiswa diwajibkan mengikuti seminar hasil penelitian","netral"
"Fasilitas klinik kampus melayani pemeriksaan gigi dan mulut","netral"
"Ruang baca perpustakaan memiliki koleksi buku bahasa asing","netral"
"Dosen memberikan nilai berdasarkan keaktifan","netral"
"Jadwal seminar hasil penelitian bisa dilakukan secara hybrid","netral"
"Pendaftaran program magang di perusahaan konstruksi dibuka","netral"
"Informasi jadwal pengambilan SKPI periode ini","netral"
"Mahasiswa bisa meminjam alat peraga di lab fisika","netral"
"Fasilitas lapangan voli memiliki garis lapangan","netral"
"Ruang kelas memiliki jam dinding di belakang","netral"
"Pengumuman perubahan jadwal kuliah diumumkan oleh TU","netral"
"Kegiatan bakti sosial ke panti jompo diadakan bulan depan","netral"
"Mahasiswa baru mendapatkan seragam hitam putih","netral"
"Fasilitas ruang menyusui terletak di dekat toilet","netral"
"Ruang himpunan mahasiswa digunakan untuk menyimpan dokumen","netral"
"Dosen memberikan nilai akhir setelah semua komponen terpenuhi","netral"
"Jadwal praktikum biologi molekuler dilakukan di semester 5","netral"
"Pembayaran biaya SKS disesuaikan dengan jumlah SKS","netral"
"Informasi pendaftaran KKN internasional sudah ditutup","netral"
"Mahasiswa bisa mengakses jurnal nasional dari rumah","netral"
"Fasilitas tempat sampah di depan ruang kelas","netral"
"Ruang baca memiliki lampu baca yang bisa diatur","netral"
"Pengumuman jadwal sidang skripsi gelombang 6 sudah keluar","netral"
"Kegiatan pelatihan menulis berita diadakan oleh UKM","netral"
"Mahasiswa dihimbau untuk tidak membawa senjata api","netral"
"Fasilitas kantin pusat menyediakan menu nasi goreng","netral"
"Ruang himpunan mahasiswa terletak di dekat aula","netral"
"Dosen mengajar dengan metode discovery learning","netral"
"Jadwal bimbingan skripsi dilakukan di ruang dosen","netral"
"Pendaftaran pelatihan bulutangkis diadakan oleh UKM","netral"
"Informasi lowongan kerja di perusahaan ritel diumumkan","netral"
"Mahasiswa bisa meminjam alat ukur tanah di lab sipil","netral"
"Fasilitas lapangan bulutangkis memiliki lampu","netral"
"Ruang kelas di lantai 1 digunakan untuk kuliah pagi","netral"
"Pengumuman hasil seleksi program magang di Jerman sudah keluar","netral"
"Kegiatan lomba debat bahasa Mandarin diadakan","netral"
"Mahasiswa baru diwajibkan mengikuti kegiatan seni","netral"
"Fasilitas parkir sepeda motor di dekat gedung serba guna","netral"
"Ruang baca outdoor memiliki kursi panjang","netral"
"Dosen memberikan kuis melalui e-learning","netral"
"Jadwal kuliah semester pendek dilakukan di sore hari","netral"
"Pembayaran biaya wisuda gelombang 1 tahun depan","netral"
"Informasi beasiswa dari perusahaan otomotif diumumkan","netral"
"Mahasiswa bisa menggunakan ruang studio rekaman dengan izin","netral"
"Fasilitas tempat parkir motor di dekat pos satpam","netral"
"Ruang himpunan mahasiswa memiliki televisi","netral"
"Pengumuman jadwal yudisium gelombang 5 sudah keluar","netral"
"Kegiatan workshop pembuatan film pendek diadakan","netral"
"Mahasiswa diwajibkan mengikuti kuliah umum dari alumni","netral"
"Fasilitas klinik kampus melayani pemeriksaan laboratorium","netral"
"Ruang baca perpustakaan memiliki koleksi buku hibah","netral"
"Dosen memberikan ujian praktik di lab","netral"
"Jadwal seminar proposal bisa dilakukan di ruang rapat","netral"
"Pendaftaran program magang di perusahaan media dibuka","netral"
"Informasi jadwal pengambilan ijazah periode ini","netral"
"Mahasiswa bisa meminjam alat las di lab mesin","netral"
"Fasilitas lapangan sepak bola memiliki rumput yang dipotong","netral"
"Ruang kelas memiliki stop kontak di setiap meja","netral"
"Pengumuman kelulusan ujian skripsi diumumkan via portal","netral"
"Kegiatan bakti sosial ke panti asuhan diadakan oleh fakultas","netral"
"Mahasiswa baru mendapatkan nomor pokok mahasiswa","netral"
"Fasilitas ruang tunggu di depan ruang sidang memiliki kursi","netral"
"Ruang himpunan mahasiswa digunakan untuk kegiatan sosial","netral"
"Dosen wali memberikan informasi beasiswa","netral"
"Jadwal praktikum kimia organik dilakukan di semester 3","netral"
"Pembayaran biaya kuliah kerja nyata bisa diwakilkan","netral"
"Informasi pendaftaran seminar internasional tahun depan","netral"
"Mahasiswa bisa mengakses e-book dari perpustakaan nasional","netral"
"Fasilitas tempat sampah di depan gedung serba guna","netral"
"Ruang baca memiliki pendingin ruangan yang dingin","netral"
"Pengumuman jadwal KRS online untuk semester genap","netral"
"Kegiatan pelatihan kepemimpinan mahasiswa diadakan","netral"
"Mahasiswa dihimbau untuk tidak membawa miras","netral"
"Fasilitas kantin fakultas menyediakan gorengan","netral"
"Ruang himpunan mahasiswa terletak di lantai dasar","netral"
"Dosen memberikan tugas makalah individu","netral"
"Jadwal bimbingan akademik dilakukan di pertengahan semester","netral"
"Pendaftaran pelatihan sepak bola diadakan oleh UKM","netral"
"Informasi lowongan kerja di perusahaan konsultan diumumkan","netral"
"Mahasiswa bisa meminjam alat bor di lab teknik mesin","netral"
"Fasilitas lapangan basket indoor","netral"
"Ruang kelas di lantai 3 digunakan untuk kuliah siang","netral"
"Pengumuman hasil seleksi program PMM sudah keluar","netral"
"Kegiatan lomba menulis puisi diadakan oleh UKM","netral"
"Mahasiswa baru diwajibkan mengikuti kegiatan bakti sosial","netral"
"Fasilitas parkir mobil dosen tamu terletak di depan fakultas","netral"
"Ruang baca outdoor memiliki meja dan kursi besi","netral"
"Dosen memberikan materi dari hasil penelitian","netral"
"Jadwal kuliah semester genap tahun depan","netral"
"Pembayaran biaya wisuda gelombang 2 tahun depan","netral"
"Informasi beasiswa dari perusahaan perbankan diumumkan","netral"
"Mahasiswa bisa menggunakan ruang gamelan untuk pentas","netral"
"Fasilitas tempat parkir motor di dekat gedung kuliah","netral"
"Ruang himpunan mahasiswa memiliki proyektor","netral"
"Kegiatan workshop pembuatan konten kreator diadakan","netral"
"Mahasiswa diwajibkan mengikuti seminar kewirausahaan","netral"
"Fasilitas klinik kampus melayani konsultasi psikolog","netral"
"Ruang baca perpustakaan memiliki koleksi buku hiburan","netral"
"Dosen memberikan nilai berdasarkan portofolio","netral"
"Jadwal seminar KP bisa dilakukan di ruang seminar","netral"
"Pendaftaran program magang di perusahaan energi dibuka","netral"
"Informasi jadwal pengambilan transkrip nilai periode ini","netral"
"Mahasiswa bisa meminjam alat solder di lab elektronika","netral"
"Fasilitas lapangan voli outdoor","netral"
"Ruang kelas memiliki papan pengumuman di depan","netral"
"Pengumuman perubahan jadwal ujian diumumkan via email","netral"
"Kegiatan bakti sosial ke panti werdha diadakan bulan ini","netral"
"Mahasiswa baru mendapatkan kaos ospek","netral"
"Fasilitas ruang laktasi memiliki wastafel dan sabun","netral"
"Ruang himpunan mahasiswa digunakan untuk rapat kerja","netral"
"Dosen memberikan nilai tambahan untuk tugas","netral"
"Jadwal praktikum kimia analitik dilakukan di semester 4","netral"
"Pembayaran biaya SKS variabel dibayarkan di awal","netral"
"Informasi pendaftaran KKN tematik tahun depan","netral"
"Mahasiswa bisa mengakses jurnal internasional dari perpus","netral"
"Fasilitas tempat sampah di depan kantin","netral"
"Ruang baca memiliki kursi roda untuk difabel","netral"
"Pengumuman jadwal sidang skripsi gelombang 7 sudah keluar","netral"
"Kegiatan pelatihan menulis cerpen diadakan oleh UKM","netral"
"Mahasiswa dihimbau untuk tidak merokok di dalam gedung","netral"
"Fasilitas kantin pusat menyediakan menu soto","netral"
"Ruang himpunan mahasiswa terletak di dekat lapangan basket","netral"
"Dosen mengajar dengan metode inquiry learning","netral"
"Jadwal bimbingan skripsi dilakukan di perpustakaan","netral"
"Pendaftaran pelatihan futsal diadakan oleh UKM","netral"
"Informasi lowongan kerja di perusahaan properti diumumkan","netral"
"Mahasiswa bisa meminjam alat gergaji di lab kayu","netral"
"Fasilitas lapangan bulutangkis memiliki atap","netral"
"Ruang kelas di lantai 2 digunakan untuk kuliah sore","netral"
"Pengumuman hasil seleksi program magang di Korea sudah keluar","netral"
"Kegiatan lomba debat bahasa Jepang diadakan","netral"
"Mahasiswa baru diwajibkan mengikuti kegiatan keagamaan","netral"
"Fasilitas parkir sepeda motor di dekat gedung perpustakaan","netral"
"Ruang baca outdoor memiliki lampu hias","netral"
"Dosen memberikan kuis di akhir pertemuan","netral"
"Jadwal kuliah semester pendek tahun ini","netral"
"Pembayaran biaya wisuda gelombang 3 tahun depan","netral"
"Informasi beasiswa dari perusahaan asuransi diumumkan","netral"
"Mahasiswa bisa menggunakan ruang studio tari dengan izin","netral"
"Fasilitas tempat parkir motor di dekat klinik","netral"
"Ruang himpunan mahasiswa memiliki sound system","netral"
"Pengumuman jadwal yudisium gelombang 6 sudah keluar","netral"
"Kegiatan workshop pembuatan podcast diadakan","netral"
"Mahasiswa diwajibkan mengikuti kuliah umum dari peneliti","netral"
"Fasilitas klinik kampus melayani pemeriksaan rontgen","netral"
"Dosen memberikan ujian dalam bentuk open book","netral"
"Jadwal seminar proposal bisa dilakukan di ruang baca","netral"
"Pendaftaran program magang di perusahaan farmasi dibuka","netral"
"Informasi jadwal pengambilan SKPI periode depan","netral"
"Mahasiswa bisa meminjam alat ukur listrik di lab","netral"
"Fasilitas lapangan sepak bola memiliki gawang portable","netral"
"Ruang kelas memiliki kipas angin di dinding","netral"
"Pengumuman kelulusan ujian proposal diumumkan via email","netral"
"Kegiatan bakti sosial ke panti asuhan diadakan oleh UKM","netral"
"Mahasiswa baru mendapatkan buku panduan akademik digital","netral"
"Fasilitas ruang tunggu di depan ruang kaprodi memiliki AC","netral"
"Ruang himpunan mahasiswa digunakan untuk pameran foto","netral"
"Dosen wali memberikan informasi tentang magang","netral"
"Jadwal praktikum biologi dasar dilakukan di semester 2","netral"
"Pembayaran biaya kuliah kerja nyata dilakukan di bank mitra","netral"
"Informasi pendaftaran seminar nasional tahun depan","netral"
"Mahasiswa bisa mengakses e-journal dari penerbit ternama","netral"
"Fasilitas tempat sampah di depan gedung rektorat","netral"
"Ruang baca memiliki lampu yang redup","netral"
"Mahasiswa dihimbau untuk tidak membawa senjata tajam ke kampus","netral"
"Fasilitas kantin fakultas menyediakan nasi kuning","netral"
"Ruang himpunan mahasiswa terletak di lantai 5","netral"
"Dosen memberikan tugas presentasi individu","netral"
"Jadwal bimbingan akademik dilakukan di akhir semester","netral"
"Pendaftaran pelatihan basket diadakan oleh UKM","netral"
"Mahasiswa bisa meminjam alat pahat di lab seni","netral"
"Fasilitas lapangan basket memiliki ring standar","netral"
"Ruang kelas di lantai 4 digunakan untuk kuliah malam","netral"
"Pengumuman hasil seleksi program magang di Australia sudah keluar","netral"
"Kegiatan lomba menulis esai diadakan oleh BEM","netral"
"Mahasiswa baru diwajibkan mengikuti kegiatan outbound","netral"
"Fasilitas parkir mobil rektor terletak di depan rektorat","netral"
"Ruang baca outdoor memiliki tempat duduk santai","netral"
"Dosen memberikan materi dari buku referensi","netral"
"Jadwal kuliah semester ganjil tahun depan","netral"
"Pembayaran biaya wisuda gelombang 4 tahun depan","netral"
"Informasi beasiswa dari perusahaan penerbangan diumumkan","netral"
"Mahasiswa bisa menggunakan ruang pameran untuk pameran tugas","netral"
"Fasilitas tempat parkir motor di dekat masjid kampus","netral"
"Ruang himpunan mahasiswa memiliki printer","netral"
"Pengumuman jadwal UAS susulan diumumkan oleh jurusan","netral"
"Kegiatan workshop pembuatan animasi diadakan","netral"
"Mahasiswa diwajibkan mengikuti seminar penelitian","netral"
"Fasilitas klinik kampus melayani pemeriksaan USG","netral"
"Ruang baca perpustakaan memiliki koleksi buku teks lengkap","netral"
"Dosen memberikan nilai berdasarkan ujian tengah semester","netral"
"Jadwal seminar hasil penelitian bisa dilakukan di ruang sidang","netral"
"Pendaftaran program magang di perusahaan IT dibuka","netral"
"Informasi jadwal pengambilan ijazah dan transkrip periode ini","netral"
"Mahasiswa bisa meminjam alat osciloscope di lab","netral"
"Fasilitas lapangan voli memiliki tiang net yang kokoh","netral"
"Ruang kelas memiliki jam dinding yang akurat","netral"
"Pengumuman perubahan jadwal praktikum diumumkan oleh asisten","netral"
"Kegiatan bakti sosial ke panti jompo diadakan oleh fakultas","netral"
"Mahasiswa baru mendapatkan topi ospek","netral"
"Fasilitas ruang menyusui terletak di lantai 2 gedung rektorat","netral"
"Ruang himpunan mahasiswa digunakan untuk kegiatan diskusi","netral"
"Dosen memberikan nilai akhir berdasarkan rata-rata","netral"
"Jadwal praktikum kimia dasar dilakukan di semester 1","netral"
"Pembayaran biaya SKS variabel dibayarkan per SKS","netral"
"Informasi pendaftaran KKN internasional tahun depan","netral"
"Mahasiswa bisa mengakses jurnal nasional dari perpustakaan","netral"
"Fasilitas tempat sampah di depan gedung fakultas","netral"
"Ruang baca memiliki kursi yang bisa diatur","netral"
"Pengumuman jadwal sidang skripsi gelombang 8 sudah keluar","netral"
"Kegiatan pelatihan menulis artikel ilmiah diadakan","netral"
"Fasilitas kantin pusat menyediakan menu bakso","netral"
"Ruang himpunan mahasiswa terletak di dekat lapangan voli","netral"
"Dosen mengajar dengan metode contextual learning","netral"
"Jadwal bimbingan skripsi dilakukan di ruang sidang","netral"
"Pendaftaran pelatihan voli diadakan oleh UKM","netral"
"Informasi lowongan kerja di perusahaan e-commerce diumumkan","netral"
"Mahasiswa bisa meminjam alat ketam di lab kayu","netral"
"Fasilitas lapangan bulutangkis memiliki garis lapangan","netral"
"Ruang kelas di lantai 1 digunakan untuk kuliah karyawan","netral"
"Pengumuman hasil seleksi program magang di Singapura sudah keluar","netral"
"Kegiatan lomba debat bahasa Jerman diadakan","netral"
"Mahasiswa baru diwajibkan mengikuti kegiatan pengenalan jurusan","netral"
"Ruang baca outdoor memiliki meja dan kursi plastik","netral"
"Dosen memberikan kuis melalui platform online","netral"
"Jadwal kuliah semester pendek tahun depan","netral"
"Pembayaran biaya wisuda gelombang 1 dua tahun lagi","netral"
"Informasi beasiswa dari perusahaan konstruksi diumumkan","netral"
"Mahasiswa bisa menggunakan ruang studio lukis dengan izin","netral"
"Fasilitas tempat parkir motor di dekat bank","netral"
"Ruang himpunan mahasiswa memiliki scanner","netral"
"Pengumuman jadwal yudisium gelombang 7 sudah keluar","netral"
"Kegiatan workshop pembuatan komik diadakan","netral"
"Mahasiswa diwajibkan mengikuti kuliah umum dari seniman","netral"
"Fasilitas klinik kampus melayani pemeriksaan EKG","netral"
"Dosen memberikan ujian dalam bentuk closed book","netral"
"Jadwal seminar proposal bisa dilakukan di ruang tunggu","netral"
"Pendaftaran program magang di perusahaan tambang dibuka","netral"
"Informasi jadwal pengambilan transkrip nilai periode depan","netral"
"Mahasiswa bisa meminjam alat function generator di lab","netral"
"Fasilitas lapangan sepak bola memiliki rumput sintetis","netral"
"Ruang kelas memiliki meja dan kursi yang nyaman","netral"
"Pengumuman kelulusan ujian kompre diumumkan via portal","netral"
"Kegiatan bakti sosial ke panti asuhan diadakan oleh BEM","netral"
"Mahasiswa baru mendapatkan nomor induk mahasiswa nasional","netral"
"Fasilitas ruang tunggu di depan ruang sidang memiliki sofa","netral"
"Ruang himpunan mahasiswa digunakan untuk kegiatan rapat","netral"
"Dosen wali memberikan informasi tentang beasiswa","netral"
"Jadwal praktikum fisika dasar dilakukan di semester 2","netral"
"Pembayaran biaya kuliah kerja nyata bisa dicicil","netral"
"Informasi pendaftaran seminar internasional tahun ini","netral"
"Mahasiswa bisa mengakses e-book dari penerbit lokal","netral"
"Fasilitas tempat sampah di depan perpustakaan pusat","netral"
"Ruang baca memiliki lampu yang terang benderang","netral"
"Kegiatan pelatihan menulis karya ilmiah diadakan","netral"
"Mahasiswa dihimbau untuk tidak membawa minuman keras ke kampus","netral"
"Fasilitas kantin fakultas menyediakan nasi uduk","netral"
"Ruang himpunan mahasiswa terletak di lantai 6","netral"
"Dosen memberikan tugas kelompok di luar kelas","netral"
"Jadwal bimbingan akademik dilakukan secara tatap muka langsung","netral"
"Pendaftaran pelatihan renang diadakan oleh UKM","netral"
"Informasi lowongan kerja di perusahaan makanan diumumkan","netral"
"Mahasiswa bisa meminjam alat amplas di lab kayu","netral"
"Fasilitas lapangan basket memiliki garis tiga poin","netral"
"Ruang kelas di lantai 2 digunakan untuk kuliah pagi dan siang","netral"
"Pengumuman hasil seleksi program magang di Eropa sudah keluar","netral"
"Kegiatan lomba menulis artikel populer diadakan","netral"
"Mahasiswa baru diwajibkan mengikuti kegiatan olahraga pagi","netral"
"Fasilitas parkir mobil dekan terletak di depan fakultas","netral"
"Ruang baca outdoor memiliki payung","netral"
"Dosen memberikan materi dari internet","netral"
"Jadwal kuliah semester genap tahun ini","netral"
"Pembayaran biaya wisuda gelombang 2 dua tahun lagi","netral"
"Informasi beasiswa dari perusahaan minyak dan gas diumumkan","netral"
"Mahasiswa bisa menggunakan ruang pameran untuk pameran seni","netral"
"Fasilitas tempat parkir motor di dekat kantin fakultas","netral"
"Ruang himpunan mahasiswa memiliki kipas angin berdiri","netral"
"Pengumuman jadwal UAS susulan diumumkan oleh kaprodi","netral"
"Kegiatan workshop pembuatan kerajinan tangan diadakan","netral"
"Mahasiswa diwajibkan mengikuti seminar pengabdian masyarakat","netral"
"Fasilitas klinik kampus melayani pemeriksaan darah lengkap","netral"
"Ruang baca perpustakaan memiliki koleksi buku sastra","netral"
"Dosen memberikan nilai berdasarkan ujian akhir semester","netral"
"Jadwal seminar hasil penelitian bisa dilakukan di ruang rapat","netral"
"Pendaftaran program magang di perusahaan manufaktur dibuka","netral"
"Informasi jadwal pengambilan ijazah dan transkrip nilai","netral"
"Mahasiswa bisa meminjam alat power supply di lab","netral"
"Fasilitas lapangan voli memiliki tiang net yang standar","netral"
"Ruang kelas memiliki papan tulis yang bersih","netral"
"Pengumuman perubahan jadwal kuliah diumumkan oleh dosen wali","netral"
"Kegiatan bakti sosial ke panti werdha diadakan oleh UKM","netral"
"Mahasiswa baru mendapatkan name tag","netral"
"Fasilitas ruang laktasi memiliki kursi dan meja","netral"
"Ruang himpunan mahasiswa digunakan untuk kegiatan sosialisasi","netral"
"Dosen memberikan nilai akhir setelah ujian susulan","netral"
"Jadwal praktikum kimia organik dilakukan di semester 4","netral"
"Pembayaran biaya SKS variabel dibayarkan di akhir semester","netral"
"Informasi pendaftaran KKN tematik tahun ini","netral"
"Fasilitas tempat sampah di depan gedung kuliah","netral"
"Ruang baca memiliki kursi yang empuk","netral"
"Pengumuman jadwal sidang skripsi gelombang 9 sudah keluar","netral"
"Kegiatan pelatihan menulis naskah drama diadakan","netral"
"Mahasiswa dihimbau untuk tidak membawa senjata api ke kampus","netral"
"Fasilitas kantin pusat menyediakan menu mie ayam","netral"
"Ruang himpunan mahasiswa terletak di dekat lapangan futsal","netral"
"Dosen mengajar dengan metode cooperative learning","netral"
"Jadwal bimbingan skripsi dilakukan di kantin","netral"
"Pendaftaran pelatihan taekwondo diadakan oleh UKM","netral"
"Informasi lowongan kerja di perusahaan tekstil diumumkan","netral"
"Mahasiswa bisa meminjam alat serut di lab kayu","netral"
"Fasilitas lapangan bulutangkis memiliki tiang net yang kokoh","netral"
"Ruang kelas di lantai 3 digunakan untuk kuliah reguler","netral"
"Pengumuman hasil seleksi program magang di Amerika sudah keluar","netral"
"Kegiatan lomba debat bahasa Perancis diadakan","netral"
"Mahasiswa baru diwajibkan mengikuti kegiatan pengenalan laboratorium","netral"
"Fasilitas parkir sepeda motor di dekat gedung rektorat","netral"
"Ruang baca outdoor memiliki meja dan kursi kayu","netral"
"Dosen memberikan kuis menggunakan aplikasi","netral"
"Jadwal kuliah semester pendek bulan ini","netral"
"Pembayaran biaya wisuda gelombang 3 dua tahun lagi","netral"
"Mahasiswa bisa menggunakan ruang studio musik dengan izin","netral"
"Fasilitas tempat parkir motor di dekat ATM","netral"
"Ruang himpunan mahasiswa memiliki mesin fotokopi","netral"
"Pengumuman jadwal yudisium gelombang 8 sudah keluar","netral"
"Kegiatan workshop pembuatan batik diadakan","netral"
"Mahasiswa diwajibkan mengikuti kuliah umum dari birokrat","netral"
"Fasilitas klinik kampus melayani pemeriksaan urine","netral"
"Ruang baca perpustakaan memiliki koleksi buku sejarah","netral"
"Dosen memberikan ujian dalam bentuk presentasi","netral"
"Jadwal seminar proposal bisa dilakukan di ruang kelas","netral"
"Pendaftaran program magang di perusahaan otomotif dibuka","netral"
"Mahasiswa bisa meminjam alat multimeter di lab","netral"
"Fasilitas lapangan sepak bola memiliki gawang yang kokoh","netral"
"Ruang kelas memiliki stop kontak di dekat meja dosen","netral"
"Pengumuman kelulusan ujian skripsi diumumkan oleh penguji","netral"
"Kegiatan bakti sosial ke panti asuhan diadakan oleh jurusan","netral"
"Mahasiswa baru mendapatkan buku saku peraturan kampus","netral"
"Fasilitas ruang tunggu di depan ruang TU memiliki AC","netral"
"Ruang himpunan mahasiswa digunakan untuk pameran produk","netral"
"Dosen wali memberikan informasi tentang KRS","netral"
"Jadwal praktikum biologi molekuler dilakukan di semester 6","netral"
"Pembayaran biaya kuliah kerja nyata dilakukan di teller bank","netral"
"Informasi pendaftaran seminar nasional tahun ini","netral"
"Mahasiswa bisa mengakses e-journal dari perpustakaan digital","netral"
"Fasilitas tempat sampah di depan gedung olahraga","netral"
"Ruang baca memiliki lampu yang cukup terang","netral"
"Kegiatan pelatihan kewirausahaan mahasiswa diadakan","netral"
"Mahasiswa dihimbau untuk tidak membawa narkoba ke kampus","netral"
"Fasilitas kantin fakultas menyediakan nasi pecel","netral"
"Ruang himpunan mahasiswa terletak di lantai 7","netral"
"Dosen memberikan tugas makalah kelompok","netral"
"Pendaftaran pelatihan silat diadakan oleh UKM","netral"
"Mahasiswa bisa meminjam alat palu di lab kayu","netral"
"Fasilitas lapangan basket indoor ber-AC","netral"
"Ruang kelas di lantai 4 digunakan untuk kuliah sore dan malam","netral"
"Pengumuman hasil seleksi program magang di Kanada sudah keluar","netral"
"Kegiatan lomba menulis cerita pendek diadakan","netral"
"Mahasiswa baru diwajibkan mengikuti kegiatan pengenalan perpustakaan","netral"
"Fasilitas parkir mobil kaprodi terletak di depan jurusan","netral"
"Ruang baca outdoor memiliki tempat sampah terpisah","netral"
"Dosen memberikan materi dari pengalaman pribadi","netral"
"Jadwal kuliah semester ganjil bulan ini","netral"
"Pembayaran biaya wisuda gelombang 4 dua tahun lagi","netral"
"Informasi beasiswa dari perusahaan media diumumkan","netral"
"Mahasiswa bisa menggunakan ruang pameran untuk pameran foto","netral"
"Fasilitas tempat parkir motor di dekat minimarket","netral"
"Ruang himpunan mahasiswa memiliki papan tulis interaktif","netral"
"Pengumuman jadwal UAS susulan diumumkan oleh dekanat","netral"
"Kegiatan workshop pembuatan sabun diadakan","netral"
"Mahasiswa diwajibkan mengikuti seminar hak asasi manusia","netral"
"Fasilitas klinik kampus melayani pemeriksaan kesehatan jiwa","netral"
"Ruang baca perpustakaan memiliki koleksi buku filsafat","netral"
"Dosen memberikan nilai berdasarkan partisipasi di kelas","netral"
"Jadwal seminar hasil penelitian bisa dilakukan di ruang teater","netral"
"Pendaftaran program magang di perusahaan penerbangan dibuka","netral"
"Informasi jadwal pengambilan ijazah periode depan","netral"
"Mahasiswa bisa meminjam alat signal generator di lab","netral"
"Fasilitas lapangan voli indoor ber-AC","netral"
"Ruang kelas memiliki papan tulis yang bisa digeser","netral"
"Pengumuman perubahan jadwal praktikum diumumkan oleh laboran","netral"
"Kegiatan bakti sosial ke panti jompo diadakan oleh BEM","netral"
"Mahasiswa baru mendapatkan gantungan kunci kampus","netral"
"Fasilitas ruang menyusui terletak di dekat mushola","netral"
"Ruang himpunan mahasiswa digunakan untuk kegiatan pelatihan","netral"
"Dosen memberikan nilai akhir berdasarkan akumulasi nilai","netral"
"Jadwal praktikum kimia analitik dilakukan di semester 5","netral"
"Pembayaran biaya SKS variabel dibayarkan di awal semester","netral"
"Informasi pendaftaran KKN internasional tahun ini","netral"
"Mahasiswa bisa mengakses jurnal nasional dari internet","netral"
"Ruang baca memiliki kursi yang bisa diputar","netral"
"Pengumuman jadwal sidang skripsi gelombang 10 sudah keluar","netral"
"Kegiatan pelatihan menulis skenario diadakan","netral"
"Mahasiswa dihimbau untuk tidak membawa hewan ke dalam kelas","netral"
"Fasilitas kantin pusat menyediakan menu sate","netral"
"Ruang himpunan mahasiswa terletak di dekat lapangan sepak bola","netral"
"Dosen mengajar dengan metode saintifik","netral"
"Jadwal bimbingan skripsi dilakukan di taman kampus","netral"
"Pendaftaran pelatihan yoga diadakan oleh UKM","netral"
"Informasi lowongan kerja di perusahaan jasa diumumkan","netral"
"Mahasiswa bisa meminjam alat obeng di lab elektronika","netral"
"Fasilitas lapangan bulutangkis memiliki lantai karet","netral"
"Ruang kelas di lantai 1 digunakan untuk kuliah umum fakultas","netral"
"Pengumuman hasil seleksi program magang di Belanda sudah keluar","netral"
"Kegiatan lomba debat bahasa Rusia diadakan","netral"
"Mahasiswa baru diwajibkan mengikuti kegiatan pengenalan UKM","netral"
"Fasilitas parkir sepeda motor di dekat gedung kuliah bersama","netral"
"Ruang baca outdoor memiliki meja dan kursi rotan","netral"
"Dosen memberikan kuis menggunakan kertas","netral"
"Jadwal kuliah semester pendek minggu depan","netral"
"Pembayaran biaya wisuda gelombang 1 tiga tahun lagi","netral"
"Informasi beasiswa dari perusahaan logistik diumumkan","netral"
"Mahasiswa bisa menggunakan ruang studio foto untuk keperluan pribadi","netral"
"Fasilitas tempat parkir motor di dekat warung kopi","netral"
"Ruang himpunan mahasiswa memiliki televisi layar lebar","netral"
"Pengumuman jadwal yudisium gelombang 9 sudah keluar","netral"
"Kegiatan workshop pembuatan keramik diadakan","netral"
"Mahasiswa diwajibkan mengikuti kuliah umum dari pengusaha","netral"
"Fasilitas klinik kampus melayani pemeriksaan THT","netral"
"Ruang baca perpustakaan memiliki koleksi buku agama","netral"
"Dosen memberikan ujian dalam bentuk proyek","netral"
"Jadwal seminar proposal bisa dilakukan di ruang himpunan","netral"
"Pendaftaran program magang di perusahaan telekomunikasi dibuka","netral"
"Mahasiswa bisa meminjam alat tang ampere di lab","netral"
"Fasilitas lapangan sepak bola memiliki lampu stadion","netral"
"Ruang kelas memiliki meja dan kursi yang bisa diatur","netral"
"Pengumuman kelulusan ujian proposal diumumkan oleh dosen pembimbing","netral"
"Kegiatan bakti sosial ke panti asuhan diadakan oleh himpunan","netral"
"Mahasiswa baru mendapatkan stiker kampus","netral"
"Fasilitas ruang tunggu di depan ruang kaprodi memiliki televisi","netral"
"Ruang himpunan mahasiswa digunakan untuk pameran lukisan","netral"
"Dosen wali memberikan informasi tentang PKM","netral"
"Pembayaran biaya kuliah kerja nyata bisa melalui ATM","netral"
"Informasi pendaftaran seminar internasional bulan depan","netral"
"Mahasiswa bisa mengakses e-book dari perpustakaan daerah","netral"
"Fasilitas tempat sampah di depan gedung laboratorium","netral"
"Ruang baca memiliki lampu yang hemat energi","netral"
"Kegiatan pelatihan pemasaran digital diadakan","netral"
"Mahasiswa dihimbau untuk tidak membawa miras ke kampus","netral"
"Fasilitas kantin fakultas menyediakan nasi campur","netral"
"Ruang himpunan mahasiswa terletak di lantai 8","netral"
"Dosen memberikan tugas presentasi di depan kelas","netral"
"Jadwal bimbingan akademik dilakukan di ruang dosen","netral"
"Pendaftaran pelatihan karate diadakan oleh UKM","netral"
"Informasi lowongan kerja di perusahaan otomotif diumumkan","netral"
"Mahasiswa bisa meminjam alat tang potong di lab","netral"
"Fasilitas lapangan basket outdoor beratap","netral"
"Ruang kelas di lantai 2 digunakan untuk kuliah teori dan praktik","netral"
"Pengumuman hasil seleksi program magang di China sudah keluar","netral"
"Kegiatan lomba menulis opini diadakan","netral"
"Mahasiswa baru diwajibkan mengikuti kegiatan pengenalan sistem informasi","netral"
"Fasilitas parkir mobil dosen tamu terletak di depan gedung","netral"
"Ruang baca outdoor memiliki meja dan kursi stainless","netral"
"Dosen memberikan materi dari buku terbaru","netral"
"Jadwal kuliah semester genap bulan depan","netral"
"Pembayaran biaya wisuda gelombang 2 tiga tahun lagi","netral"
"Informasi beasiswa dari perusahaan retail diumumkan","netral"
"Mahasiswa bisa menggunakan ruang pameran untuk pameran karya ilmiah","netral"
"Fasilitas tempat parkir motor di dekat fotokopi","netral"
"Ruang himpunan mahasiswa memiliki sound system portable","netral"
"Pengumuman jadwal UAS susulan diumumkan oleh rektorat","netral"
"Kegiatan workshop pembuatan lilin diadakan","netral"
"Mahasiswa diwajibkan mengikuti seminar anti korupsi","netral"
"Fasilitas klinik kampus melayani pemeriksaan kulit","netral"
"Ruang baca perpustakaan memiliki koleksi buku seni","netral"
"Dosen memberikan nilai berdasarkan kehadiran","netral"
"Jadwal seminar hasil penelitian bisa dilakukan di ruang pamer","netral"
"Pendaftaran program magang di perusahaan retail dibuka","netral"
"Informasi jadwal pengambilan ijazah dan SKPI","netral"
"Mahasiswa bisa meminjam alat tang kombinasi di lab","netral"
"Fasilitas lapangan voli outdoor beratap","netral"
"Ruang kelas memiliki papan tulis yang bisa ditulis dengan spidol","netral"
"Pengumuman perubahan jadwal ujian diumumkan oleh fakultas","netral"
"Kegiatan bakti sosial ke panti werdha diadakan oleh himpunan","netral"
"Mahasiswa baru mendapatkan pin kampus","netral"
"Fasilitas ruang laktasi terletak di lantai 3 gedung rektorat","netral"
"Ruang himpunan mahasiswa digunakan untuk kegiatan bimbingan","netral"
"Dosen memberikan nilai akhir berdasarkan hasil ujian","netral"
"Jadwal praktikum kimia organik dilakukan di semester 5","netral"
"Pembayaran biaya SKS variabel dibayarkan di pertengahan semester","netral"
"Informasi pendaftaran KKN tematik bulan depan","netral"
"Mahasiswa bisa mengakses jurnal internasional dari internet","netral"
"Fasilitas tempat sampah di depan gedung teater","netral"
"Ruang baca memiliki kursi yang bisa direbahkan","netral"
"Pengumuman jadwal sidang skripsi gelombang 11 sudah keluar","netral"
"Kegiatan pelatihan menulis puisi diadakan","netral"
"Fasilitas kantin pusat menyediakan menu nasi liwet","netral"
"Ruang himpunan mahasiswa terletak di dekat lapangan tenis","netral"
"Dosen mengajar dengan metode demonstrasi","netral"
"Jadwal bimbingan skripsi dilakukan di ruang tunggu","netral"
"Pendaftaran pelatihan panjat tebing diadakan oleh UKM","netral"
"Informasi lowongan kerja di perusahaan konstruksi diumumkan","netral"
"Mahasiswa bisa meminjam alat tang jepit di lab","netral"
"Fasilitas lapangan bulutangkis memiliki lantai semen","netral"
"Ruang kelas di lantai 3 digunakan untuk kuliah pilihan dan wajib","netral"
"Pengumuman hasil seleksi program magang di Taiwan sudah keluar","netral"
"Kegiatan lomba debat bahasa Spanyol diadakan","netral"
"Mahasiswa baru diwajibkan mengikuti kegiatan pengenalan lingkungan kampus","netral"
"Fasilitas parkir sepeda motor di dekat gedung pertemuan","netral"
"Ruang baca outdoor memiliki meja dan kursi besi cor","netral"
"Dosen memberikan kuis menggunakan platform e-learning","netral"
"Pembayaran biaya wisuda gelombang 3 tiga tahun lagi","netral"
"Informasi beasiswa dari perusahaan properti diumumkan","netral"
"Mahasiswa bisa menggunakan ruang studio tari untuk latihan","netral"
"Fasilitas tempat parkir motor di dekat gedung fakultas","netral"
"Ruang himpunan mahasiswa memiliki papan tulis elektronik","netral"
"Pengumuman jadwal yudisium gelombang 10 sudah keluar","netral"
"Kegiatan workshop pembuatan anyaman diadakan","netral"
"Mahasiswa diwajibkan mengikuti kuliah umum dari diplomat","netral"
"Fasilitas klinik kampus melayani pemeriksaan mata dan telinga","netral"
"Ruang baca perpustakaan memiliki koleksi buku psikologi","netral"
"Dosen memberikan ujian dalam bentuk portofolio","netral"
"Jadwal seminar proposal bisa dilakukan di ruang laboratorium","netral"
"Pendaftaran program magang di perusahaan makanan dibuka","netral"
"Informasi jadwal pengambilan SKPI tahun ini","netral"
"Mahasiswa bisa meminjam alat tang kakatua di lab","netral"
"Fasilitas lapangan sepak bola memiliki tribun penonton kayu","netral"
"Ruang kelas memiliki meja dan kursi yang berwarna biru","netral"
"Pengumuman kelulusan ujian kompre diumumkan oleh dekan","netral"
"Kegiatan bakti sosial ke panti asuhan diadakan oleh UKM sosial","netral"
"Mahasiswa baru mendapatkan kalender akademik","netral"
"Fasilitas ruang tunggu di depan ruang sidang memiliki pendingin ruangan","netral"
"Ruang himpunan mahasiswa digunakan untuk pameran fotografi","netral"
"Dosen wali memberikan informasi tentang magang MBKM","netral"
"Jadwal praktikum biologi molekuler dilakukan di semester 7","netral"
"Pembayaran biaya kuliah kerja nyata bisa melalui internet banking","netral"
"Informasi pendaftaran seminar nasional bulan depan","netral"
"Mahasiswa bisa mengakses e-journal dari perpustakaan daerah","netral"
"Fasilitas tempat sampah di depan gedung perpustakaan","netral"
"Ruang baca memiliki lampu yang bisa diatur kecerahannya","netral"
"Pengumuman jadwal KRS online untuk semester pendek tahun ini","netral"
"Kegiatan pelatihan manajemen waktu diadakan","netral"
"Mahasiswa dihimbau untuk tidak membawa senjata tajam ke dalam kampus","netral"
"Fasilitas kantin fakultas menyediakan nasi rawon","netral"
"Ruang himpunan mahasiswa terletak di lantai 9","netral"
"Dosen memberikan tugas makalah di awal semester","netral"
"Jadwal bimbingan akademik dilakukan di ruang rapat","netral"
"Pendaftaran pelatihan wushu diadakan oleh UKM","netral"
"Informasi lowongan kerja di perusahaan energi diumumkan","netral"
"Mahasiswa bisa meminjam alat tang buaya di lab","netral"
"Fasilitas lapangan basket outdoor tidak beratap","netral"
"Ruang kelas di lantai 4 digunakan untuk kuliah malam hari","netral"
"Pengumuman hasil seleksi program magang di India sudah keluar","netral"
"Kegiatan lomba menulis esai foto diadakan","netral"
"Mahasiswa baru diwajibkan mengikuti kegiatan pengenalan fakultas","netral"
"Fasilitas parkir mobil dosen terletak di belakang gedung","netral"
"Ruang baca outdoor memiliki meja dan kursi plastik daur ulang","netral"
"Dosen memberikan materi dari jurnal internasional","netral"
"Pembayaran biaya wisuda gelombang 4 tiga tahun lagi","netral"
"Informasi beasiswa dari perusahaan jasa keuangan diumumkan","netral"
"Mahasiswa bisa menggunakan ruang pameran untuk pameran produk","netral"
"Fasilitas tempat parkir motor di dekat gedung serbaguna","netral"
"Ruang himpunan mahasiswa memiliki layar proyektor","netral"
"Pengumuman jadwal UAS susulan diumumkan oleh TU fakultas","netral"
"Kegiatan workshop pembuatan kue diadakan","netral"
"Mahasiswa diwajibkan mengikuti seminar anti narkoba","netral"
"Fasilitas klinik kampus melayani pemeriksaan saraf","netral"
"Ruang baca perpustakaan memiliki koleksi buku ekonomi","netral"
"Dosen memberikan nilai berdasarkan tugas individu","netral"
"Jadwal seminar hasil penelitian bisa dilakukan di ruang himpunan","netral"
"Pendaftaran program magang di perusahaan tekstil dibuka","netral"
"Informasi jadwal pengambilan ijazah tahun ini","netral"
"Mahasiswa bisa meminjam alat tang potong kabel di lab","netral"
"Fasilitas lapangan voli outdoor tidak beratap","netral"
"Ruang kelas memiliki papan tulis yang bisa ditulis dengan kapur","netral"
"Pengumuman perubahan jadwal kuliah diumumkan oleh bagian akademik","netral"
"Kegiatan bakti sosial ke panti jompo diadakan oleh UKM sosial","netral"
"Mahasiswa baru mendapatkan brosur kampus","netral"
"Fasilitas ruang menyusui terletak di lantai 4 gedung rektorat","netral"
"Ruang himpunan mahasiswa digunakan untuk kegiatan diskusi panel","netral"
"Dosen memberikan nilai akhir berdasarkan hasil ujian dan tugas","netral"
"Jadwal praktikum kimia analitik dilakukan di semester 6","netral"
"Informasi pendaftaran KKN internasional bulan depan","netral"
"Mahasiswa bisa mengakses jurnal nasional dari perpustakaan daerah","netral"
"Fasilitas tempat sampah di depan gedung kemahasiswaan","netral"
"Ruang baca memiliki kursi yang terbuat dari kayu","netral"
"Pengumuman jadwal sidang skripsi gelombang 12 sudah keluar","netral"
"Kegiatan pelatihan menulis cerpen anak diadakan","netral"
"Mahasiswa dihimbau untuk tidak membawa minuman ke dalam lab","netral"
"Fasilitas kantin pusat menyediakan menu nasi kebuli","netral"
"Ruang himpunan mahasiswa terletak di dekat lapangan bulutangkis","netral"
"Dosen mengajar dengan metode eksperimen","netral"
"Jadwal bimbingan skripsi dilakukan di ruang baca","netral"
"Pendaftaran pelatihan tinju diadakan oleh UKM","netral"
"Informasi lowongan kerja di perusahaan minuman diumumkan","netral"
"Mahasiswa bisa meminjam alat tang crimping di lab","netral"
"Fasilitas lapangan bulutangkis memiliki lantai vinyl","netral"
"Ruang kelas di lantai 1 digunakan untuk kuliah mahasiswa baru","netral"
"Pengumuman hasil seleksi program magang di Brazil sudah keluar","netral"
"Kegiatan lomba debat bahasa Korea diadakan","netral"
"Mahasiswa baru diwajibkan mengikuti kegiatan pengenalan program studi","netral"
"Fasilitas parkir sepeda motor di dekat gedung laboratorium","netral"
"Ruang baca outdoor memiliki meja dan kursi kayu jati","netral"
"Dosen memberikan kuis menggunakan Google Form","netral"
"Jadwal kuliah semester pendek bulan depan","netral"
"Pembayaran biaya wisuda gelombang 1 empat tahun lagi","netral"
"Informasi beasiswa dari perusahaan tambang batu bara diumumkan","netral"
"Mahasiswa bisa menggunakan ruang studio rekaman untuk rekaman","netral"
"Fasilitas tempat parkir motor di dekat gedung perpustakaan pusat","netral"
"Ruang himpunan mahasiswa memiliki komputer","netral"
"Pengumuman jadwal yudisium gelombang 11 sudah keluar","netral"
"Kegiatan workshop pembuatan kaligrafi diadakan","netral"
"Mahasiswa diwajibkan mengikuti kuliah umum dari atlet","netral"
"Fasilitas klinik kampus melayani pemeriksaan jantung","netral"
"Ruang baca perpustakaan memiliki koleksi buku hukum","netral"
"Dosen memberikan ujian dalam bentuk wawancara","netral"
"Jadwal seminar proposal bisa dilakukan di ruang studio","netral"
"Pendaftaran program magang di perusahaan minuman dibuka","netral"
"Informasi jadwal pengambilan transkrip nilai tahun ini","netral"
"Mahasiswa bisa meminjam alat tespen di lab","netral"
"Fasilitas lapangan sepak bola memiliki tribun penonton permanen","netral"
"Ruang kelas memiliki meja dan kursi yang berwarna hijau","netral"
"Pengumuman kelulusan ujian skripsi diumumkan oleh dekan","netral"
"Kegiatan bakti sosial ke panti asuhan diadakan oleh fakultas dan himpunan","netral"
"Mahasiswa baru mendapatkan map kampus","netral"
"Fasilitas ruang tunggu di depan ruang rektor memiliki lukisan","netral"
"Ruang himpunan mahasiswa digunakan untuk pameran seni rupa","netral"
"Dosen wali memberikan informasi tentang beasiswa internal","netral"
"Jadwal praktikum kimia dasar dilakukan di semester 1 dan 2","netral"
"Pembayaran biaya kuliah kerja nyata bisa melalui mobile banking","netral"
"Mahasiswa bisa mengakses e-book dari perpustakaan provinsi","netral"
"Fasilitas tempat sampah di depan gedung teater terbuka","netral"
"Ruang baca memiliki lampu yang redup dan tenang","netral"
"Pengumuman jadwal KRS online untuk semester genap tahun depan","netral"
"Kegiatan pelatihan komunikasi efektif diadakan","netral"
"Mahasiswa dihimbau untuk tidak membawa hewan peliharaan ke kampus","netral"
"Fasilitas kantin fakultas menyediakan nasi gudeg","netral"
"Ruang himpunan mahasiswa terletak di lantai 10","netral"
"Dosen memberikan tugas makalah di akhir semester","netral"
"Jadwal bimbingan akademik dilakukan di ruang tunggu","netral"
"Pendaftaran pelatihan angkat besi diadakan oleh UKM","netral"
"Informasi lowongan kerja di perusahaan percetakan diumumkan","netral"
"Mahasiswa bisa meminjam alat solder uap di lab","netral"
"Ruang kelas di lantai 2 digunakan untuk kuliah pagi hari","netral"
"Pengumuman hasil seleksi program magang di Afrika Selatan sudah keluar","netral"
"Kegiatan lomba menulis cerita rakyat diadakan","netral"
"Mahasiswa baru diwajibkan mengikuti kegiatan pengenalan beasiswa","netral"
"Fasilitas parkir mobil dosen terletak di samping gedung fakultas","netral"
"Ruang baca outdoor memiliki meja dan kursi kayu kelapa","netral"
"Dosen memberikan materi dari penelitian terbaru","netral"
"Pembayaran biaya wisuda gelombang 2 empat tahun lagi","netral"
"Informasi beasiswa dari perusahaan asuransi jiwa diumumkan","netral"
"Mahasiswa bisa menggunakan ruang pameran untuk pameran instalasi","netral"
"Fasilitas tempat parkir motor di dekat gedung aula","netral"
"Ruang himpunan mahasiswa memiliki speaker aktif","netral"
"Pengumuman jadwal UAS susulan diumumkan oleh wakil dekan","netral"
"Kegiatan workshop pembuatan tembikar diadakan","netral"
"Mahasiswa diwajibkan mengikuti seminar anti radikalisme","netral"
"Fasilitas klinik kampus melayani pemeriksaan paru-paru","netral"
"Ruang baca perpustakaan memiliki koleksi buku politik","netral"
"Dosen memberikan nilai berdasarkan tugas kelompok","netral"
"Jadwal seminar hasil penelitian bisa dilakukan di ruang laboratorium","netral"
"Pendaftaran program magang di perusahaan percetakan dibuka","netral"
"Informasi jadwal pengambilan ijazah dan SKPI tahun ini","netral"
"Mahasiswa bisa meminjam alat bor tangan di lab","netral"
"Ruang kelas memiliki papan tulis yang bersih dan terawat","netral"
"Pengumuman perubahan jadwal praktikum diumumkan oleh dosen pengampu","netral"
"Kegiatan bakti sosial ke panti werdha diadakan oleh fakultas","netral"
"Mahasiswa baru mendapatkan jaket ospek","netral"
"Fasilitas ruang laktasi terletak di lantai 5 gedung rektorat","netral"
"Ruang himpunan mahasiswa digunakan untuk kegiatan rapat kerja","netral"
"Dosen memberikan nilai akhir berdasarkan ujian dan kehadiran","netral"
"Jadwal praktikum kimia organik dilakukan di semester 6","netral"
"Pembayaran biaya SKS variabel dibayarkan di awal tahun ajaran","netral"
"Mahasiswa bisa mengakses jurnal internasional dari perpustakaan daerah","netral"
"Fasilitas tempat sampah di depan gedung rektorat lama","netral"
"Ruang baca memiliki kursi yang terbuat dari plastik","netral"
"Pengumuman jadwal sidang skripsi gelombang 13 sudah keluar","netral"
"Kegiatan pelatihan menulis novel diadakan","netral"
"Mahasiswa dihimbau untuk tidak membawa makanan dan minuman ke perpustakaan","netral"
"Fasilitas kantin pusat menyediakan menu nasi goreng spesial","netral"
"Dosen mengajar dengan metode simulasi","netral"
"Jadwal bimbingan skripsi dilakukan di ruang seminar","netral"
"Pendaftaran pelatihan anggar diadakan oleh UKM","netral"
"Informasi lowongan kerja di perusahaan transportasi diumumkan","netral"
"Mahasiswa bisa meminjam alat heat gun di lab","netral"
"Fasilitas lapangan bulutangkis memiliki lantai parket","netral"
"Ruang kelas di lantai 3 digunakan untuk kuliah siang hari","netral"
"Pengumuman hasil seleksi program magang di Rusia sudah keluar","netral"
"Kegiatan lomba debat bahasa Italia diadakan","netral"
"Mahasiswa baru diwajibkan mengikuti kegiatan pengenalan karir","netral"
"Fasilitas parkir sepeda motor di dekat gedung kemahasiswaan","netral"
"Ruang baca outdoor memiliki meja dan kursi kayu pinus","netral"
"Dosen memberikan kuis menggunakan Quizizz","netral"
"Jadwal kuliah semester pendek dua bulan lagi","netral"
"Pembayaran biaya wisuda gelombang 3 empat tahun lagi","netral"
"Informasi beasiswa dari perusahaan farmasi diumumkan","netral"
"Mahasiswa bisa menggunakan ruang studio lukis untuk melukis","netral"
"Fasilitas tempat parkir motor di dekat gedung rektorat baru","netral"
"Ruang himpunan mahasiswa memiliki printer laser","netral"
"Pengumuman jadwal yudisium gelombang 12 sudah keluar","netral"
"Kegiatan workshop pembuatan origami diadakan","netral"
"Mahasiswa diwajibkan mengikuti kuliah umum dari penulis","netral"
"Fasilitas klinik kampus melayani pemeriksaan ginjal","netral"
"Ruang baca perpustakaan memiliki koleksi buku sosiologi","netral"
"Dosen memberikan ujian dalam bentuk praktik","netral"
"Jadwal seminar proposal bisa dilakukan di ruang pameran","netral"
"Pendaftaran program magang di perusahaan transportasi dibuka","netral"
"Informasi jadwal pengambilan SKPI tahun depan","netral"
"Mahasiswa bisa meminjam alat gerinda tangan di lab","netral"
"Fasilitas lapangan sepak bola memiliki tribun penonton besi","netral"
"Ruang kelas memiliki meja dan kursi yang berwarna merah","netral"
"Pengumuman kelulusan ujian proposal diumumkan oleh kaprodi","netral"
"Kegiatan bakti sosial ke panti asuhan diadakan oleh BEM fakultas","netral"
"Mahasiswa baru mendapatkan topi almamater","netral"
"Fasilitas ruang tunggu di depan ruang wakil rektor memiliki tanaman","netral"
"Ruang himpunan mahasiswa digunakan untuk pameran karya tulis","netral"
"Dosen wali memberikan informasi tentang PKM 5 bidang","netral"
"Jadwal praktikum biologi dasar dilakukan di semester 1 dan 2","netral"
"Pembayaran biaya kuliah kerja nyata bisa melalui teller bank","netral"
"Mahasiswa bisa mengakses e-journal dari perpustakaan provinsi","netral"
"Fasilitas tempat sampah di depan gedung teater tertutup","netral"
"Ruang baca memiliki lampu yang terang dan nyaman","netral"
"Pengumuman jadwal KRS online untuk semester ganjil tahun depan","netral"
"Kegiatan pelatihan berpikir kritis diadakan","netral"
"Mahasiswa dihimbau untuk tidak membawa senjata api ke dalam kampus","netral"
"Fasilitas kantin fakultas menyediakan nasi kucing","netral"
"Ruang himpunan mahasiswa terletak di lantai 11","netral"
"Dosen memberikan tugas makalah di pertengahan semester","netral"
"Jadwal bimbingan akademik dilakukan di ruang baca","netral"
"Pendaftaran pelatihan dayung diadakan oleh UKM","netral"
"Informasi lowongan kerja di perusahaan telekomunikasi diumumkan","netral"
"Mahasiswa bisa meminjam alat mesin bor di lab","netral"
"Ruang kelas di lantai 4 digunakan untuk kuliah sore hari","netral"
"Pengumuman hasil seleksi program magang di Turki sudah keluar","netral"
"Kegiatan lomba menulis cerita inspiratif diadakan","netral"
"Mahasiswa baru diwajibkan mengikuti kegiatan pengenalan dunia kerja","netral"
"Fasilitas parkir mobil dosen tamu terletak di depan rektorat","netral"
"Ruang baca outdoor memiliki meja dan kursi kayu mahoni","netral"
"Dosen memberikan materi dari buku ajar","netral"
"Jadwal kuliah semester ganjil dua bulan lagi","netral"
"Pembayaran biaya wisuda gelombang 4 empat tahun lagi","netral"
"Informasi beasiswa dari perusahaan makanan dan minuman diumumkan","netral"
"Mahasiswa bisa menggunakan ruang pameran untuk pameran poster","netral"
"Fasilitas tempat parkir motor di dekat gedung pertemuan umum","netral"
"Ruang himpunan mahasiswa memiliki microphone","netral"
"Pengumuman jadwal UAS susulan diumumkan oleh dekan","netral"
"Kegiatan workshop pembuatan batik tulis diadakan","netral"
"Mahasiswa diwajibkan mengikuti seminar anti terorisme","netral"
"Fasilitas klinik kampus melayani pemeriksaan alergi","netral"
"Ruang baca perpustakaan memiliki koleksi buku antropologi","netral"
"Dosen memberikan nilai berdasarkan partisipasi dan tugas","netral"
"Jadwal seminar hasil penelitian bisa dilakukan di ruang pameran","netral"
"Pendaftaran program magang di perusahaan jasa dibuka","netral"
"Informasi jadwal pengambilan ijazah periode wisuda ini","netral"
"Mahasiswa bisa meminjam alat mesin gergaji di lab","netral"
"Fasilitas lapangan voli indoor tidak ber-AC","netral"
"Ruang kelas memiliki papan tulis yang dilengkapi lampu","netral"
"Pengumuman perubahan jadwal kuliah diumumkan oleh ketua program studi","netral"
"Kegiatan bakti sosial ke panti jompo diadakan oleh BEM universitas","netral"
"Mahasiswa baru mendapatkan kaos kaki kampus","netral"
"Fasilitas ruang laktasi terletak di lantai 6 gedung rektorat","netral"
"Ruang himpunan mahasiswa digunakan untuk kegiatan evaluasi","netral"
"Dosen memberikan nilai akhir berdasarkan komponen penilaian","netral"
"Jadwal praktikum kimia analitik dilakukan di semester 7","netral"
"Pembayaran biaya SKS variabel dibayarkan di akhir tahun ajaran","netral"
"Mahasiswa bisa mengakses jurnal nasional dari perpustakaan provinsi","netral"
"Fasilitas tempat sampah di depan gedung kemahasiswaan lama","netral"
"Ruang baca memiliki kursi yang terbuat dari besi","netral"
"Pengumuman jadwal sidang skripsi gelombang 14 sudah keluar","netral"
"Kegiatan pelatihan menulis feature diadakan","netral"
"Mahasiswa dihimbau untuk tidak membawa minuman keras ke dalam kampus","netral"
"Fasilitas kantin pusat menyediakan menu nasi ayam bakar","netral"
"Ruang himpunan mahasiswa terletak di dekat lapangan voli pantai","netral"
"Dosen mengajar dengan metode role playing","netral"
"Jadwal bimbingan skripsi dilakukan di ruang diskusi","netral"
"Pendaftaran pelatihan berkuda diadakan oleh UKM","netral"
"Mahasiswa bisa meminjam alat mesin amplas di lab","netral"
"Fasilitas lapangan bulutangkis memiliki lantai karpet","netral"
"Ruang kelas di lantai 1 digunakan untuk kuliah umum universitas","netral"
"Pengumuman hasil seleksi program magang di Mesir sudah keluar","netral"
"Kegiatan lomba debat bahasa Portugis diadakan","netral"
"Mahasiswa baru diwajibkan mengikuti kegiatan pengenalan etika kampus","netral"
"Fasilitas parkir sepeda motor di dekat gedung olahraga","netral"
"Ruang baca outdoor memiliki meja dan kursi kayu trembesi","netral"
"Dosen memberikan kuis menggunakan Kahoot","netral"
"Jadwal kuliah semester pendek tiga bulan lagi","netral"
"Pembayaran biaya wisuda gelombang 1 lima tahun lagi","netral"
"Informasi beasiswa dari perusahaan tekstil diumumkan","netral"
"Mahasiswa bisa menggunakan ruang studio tari untuk pentas","netral"
"Fasilitas tempat parkir motor di dekat gedung fakultas hukum","netral"
"Ruang himpunan mahasiswa memiliki scanner dokumen","netral"
"Pengumuman jadwal yudisium gelombang 13 sudah keluar","netral"
"Kegiatan workshop pembuatan topeng diadakan","netral"
"Mahasiswa diwajibkan mengikuti kuliah umum dari motivator","netral"
"Fasilitas klinik kampus melayani pemeriksaan imunisasi","netral"
"Ruang baca perpustakaan memiliki koleksi buku arsitektur","netral"
"Dosen memberikan ujian dalam bentuk esai panjang","netral"
"Jadwal seminar proposal bisa dilakukan di ruang serbaguna","netral"
"Pendaftaran program magang di perusahaan energi terbarukan dibuka","netral"
"Informasi jadwal pengambilan transkrip nilai periode wisuda ini","netral"
"Mahasiswa bisa meminjam alat mesin bubut di lab","netral"
"Ruang kelas memiliki meja dan kursi yang berwarna hitam","netral"
"Pengumuman kelulusan ujian kompre diumumkan oleh wakil dekan","netral"
"Kegiatan bakti sosial ke panti asuhan diadakan oleh rektorat","netral"
"Mahasiswa baru mendapatkan pin ospek","netral"
"Fasilitas ruang tunggu di depan ruang rektor memiliki meja","netral"
"Ruang himpunan mahasiswa digunakan untuk pameran desain","netral"
"Dosen wali memberikan informasi tentang magang di luar negeri","netral"
"Jadwal praktikum fisika dasar dilakukan di semester 1 dan 2","netral"
"Pembayaran biaya kuliah kerja nyata bisa melalui virtual account","netral"
"Informasi pendaftaran seminar internasional dua tahun lagi","netral"
"Fasilitas tempat sampah di depan gedung teater modern","netral"
"Ruang baca memiliki lampu yang bisa diatur warna cahayanya","netral"
"Pengumuman jadwal KRS online untuk semester pendek tahun depan","netral"
"Kegiatan pelatihan pemecahan masalah diadakan","netral"
"Mahasiswa dihimbau untuk tidak membawa narkotika ke kampus","netral"
"Fasilitas kantin fakultas menyediakan nasi jagung","netral"
"Ruang himpunan mahasiswa terletak di lantai 12","netral"
"Dosen memberikan tugas makalah di setiap bab","netral"
"Jadwal bimbingan akademik dilakukan di ruang diskusi","netral"
"Pendaftaran pelatihan memanah diadakan oleh UKM","netral"
"Informasi lowongan kerja di perusahaan jasa konstruksi diumumkan","netral"
"Mahasiswa bisa meminjam alat mesin frais di lab","netral"
"Fasilitas lapangan basket indoor tidak ber-AC","netral"
"Ruang kelas di lantai 2 digunakan untuk kuliah teori pagi","netral"
"Pengumuman hasil seleksi program magang di Yunani sudah keluar","netral"
"Kegiatan lomba menulis surat diadakan","netral"
"Mahasiswa baru diwajibkan mengikuti kegiatan pengenalan sistem pembelajaran","netral"
"Fasilitas parkir mobil rektor terletak di basement rektorat","netral"
"Ruang baca outdoor memiliki meja dan kursi kayu sungkai","netral"
"Dosen memberikan materi dari modul pembelajaran","netral"
"Jadwal kuliah semester genap tiga bulan lagi","netral"
"Pembayaran biaya wisuda gelombang 2 lima tahun lagi","netral"
"Informasi beasiswa dari perusahaan elektronik diumumkan","netral"
"Mahasiswa bisa menggunakan ruang pameran untuk pameran skripsi","netral"
"Fasilitas tempat parkir motor di dekat gedung fakultas teknik","netral"
"Ruang himpunan mahasiswa memiliki mesin printer 3D","netral"
"Pengumuman jadwal UAS susulan diumumkan oleh ketua jurusan","netral"
"Kegiatan workshop pembuatan wayang diadakan","netral"
"Mahasiswa diwajibkan mengikuti seminar anti bullying","netral"
"Fasilitas klinik kampus melayani pemeriksaan kesehatan reproduksi","netral"
"Ruang baca perpustakaan memiliki koleksi buku desain","netral"
"Dosen memberikan nilai berdasarkan kuis dan tugas","netral"
"Jadwal seminar hasil penelitian bisa dilakukan di ruang serbaguna","netral"
"Pendaftaran program magang di perusahaan teknologi informasi dibuka","netral"
"Informasi jadwal pengambilan SKPI periode wisuda ini","netral"
"Mahasiswa bisa meminjam alat mesin skrol di lab","netral"
"Ruang kelas memiliki papan tulis yang dilengkapi dengan penghapus","netral"
"Pengumuman perubahan jadwal praktikum diumumkan oleh ketua lab","netral"
"Kegiatan bakti sosial ke panti werdha diadakan oleh rektorat","netral"
"Mahasiswa baru mendapatkan tas kampus","netral"
"Fasilitas ruang laktasi terletak di lantai 7 gedung rektorat","netral"
"Ruang himpunan mahasiswa digunakan untuk kegiatan musyawarah","netral"
"Dosen memberikan nilai akhir berdasarkan rubrik penilaian","netral"
"Jadwal praktikum kimia dasar dilakukan di semester 2 saja","netral"
"Pembayaran biaya SKS variabel dibayarkan per semester","netral"
"Informasi pendaftaran KKN tematik dua tahun lagi","netral"
"Mahasiswa bisa mengakses jurnal internasional dari perpustakaan provinsi","netral"
"Fasilitas tempat sampah di depan gedung kemahasiswaan baru","netral"
"Ruang baca memiliki kursi yang terbuat dari rotan","netral"
"Pengumuman jadwal sidang skripsi gelombang 15 sudah keluar","netral"
"Kegiatan pelatihan menulis laporan diadakan","netral"
"Mahasiswa dihimbau untuk tidak membawa senjata ke area kampus","netral"
"Fasilitas kantin pusat menyediakan menu nasi bebek goreng","netral"
"Ruang himpunan mahasiswa terletak di dekat lapangan upacara","netral"
"Dosen mengajar dengan metode studi lapangan","netral"
"Jadwal bimbingan skripsi dilakukan di ruang himpunan","netral"
"Pendaftaran pelatihan senam diadakan oleh UKM","netral"
"Informasi lowongan kerja di perusahaan konsultan keuangan diumumkan","netral"
"Mahasiswa bisa meminjam alat mesin planner di lab","netral"
"Fasilitas lapangan bulutangkis memiliki lantai beton","netral"
"Ruang kelas di lantai 3 digunakan untuk kuliah teori siang","netral"
"Pengumuman hasil seleksi program magang di Malaysia sudah keluar","netral"
"Kegiatan lomba debat bahasa Thailand diadakan","netral"
"Mahasiswa baru diwajibkan mengikuti kegiatan pengenalan peraturan kampus","netral"
"Fasilitas parkir sepeda motor di dekat gedung fakultas ekonomi","netral"
"Ruang baca outdoor memiliki meja dan kursi kayu akasia","netral"
"Dosen memberikan kuis menggunakan aplikasi polling","netral"
"Jadwal kuliah semester pendek empat bulan lagi","netral"
"Pembayaran biaya wisuda gelombang 3 lima tahun lagi","netral"
"Informasi beasiswa dari perusahaan otomotif nasional diumumkan","netral"
"Mahasiswa bisa menggunakan ruang studio musik untuk latihan band","netral"
"Fasilitas tempat parkir motor di dekat gedung fakultas pertanian","netral"
"Ruang himpunan mahasiswa memiliki papan tulis digital","netral"
"Pengumuman jadwal yudisium gelombang 14 sudah keluar","netral"
"Kegiatan workshop pembuatan patung diadakan","netral"
"Mahasiswa diwajibkan mengikuti kuliah umum dari akademisi","netral"
"Fasilitas klinik kampus melayani pemeriksaan kesehatan umum","netral"
"Ruang baca perpustakaan memiliki koleksi buku teknik","netral"
"Dosen memberikan ujian dalam bentuk pilihan ganda dan esai","netral"
"Jadwal seminar proposal bisa dilakukan di ruang sidang skripsi","netral"
"Pendaftaran program magang di perusahaan perhotelan dibuka","netral"
"Informasi jadwal pengambilan ijazah dan transkrip nilai periode ini","netral"
"Mahasiswa bisa meminjam alat mesin bor duduk di lab","netral"
"Fasilitas lapangan sepak bola memiliki tribun penonton permanen dan beratap","netral"
"Ruang kelas memiliki meja dan kursi yang berwarna putih","netral"
"Pengumuman kelulusan ujian skripsi diumumkan oleh tim penguji","netral"
"Kegiatan bakti sosial ke panti asuhan diadakan oleh dekanat","netral"
"Mahasiswa baru mendapatkan buku tulis kampus","netral"
"Fasilitas ruang tunggu di depan ruang rektor memiliki kursi tamu","netral"
"Ruang himpunan mahasiswa digunakan untuk pameran produk unggulan","netral"
"Dosen wali memberikan informasi tentang program Kampus Mengajar","netral"
"Jadwal praktikum kimia organik dilakukan di semester 5 dan 6","netral"
"Pembayaran biaya kuliah kerja nyata bisa melalui e-wallet","netral"
"Informasi pendaftaran seminar nasional tiga tahun lagi","netral"
"Mahasiswa bisa mengakses e-journal dari perpustakaan nasional","netral"
"Fasilitas tempat sampah di depan gedung teater utama","netral"
"Ruang baca memiliki lampu yang dilengkapi sensor gerak","netral"
"Pengumuman jadwal KRS online untuk semester ganjil dua tahun lagi","netral"
"Kegiatan pelatihan manajemen stres diadakan","netral"
"Mahasiswa dihimbau untuk tidak membawa psikotropika ke kampus","netral"
"Fasilitas kantin fakultas menyediakan nasi tiwul","netral"
"Ruang himpunan mahasiswa terletak di lantai 13","netral"
"Dosen memberikan tugas makalah di setiap pertemuan","netral"
"Jadwal bimbingan akademik dilakukan di ruang serbaguna","netral"
"Pendaftaran pelatihan selam diadakan oleh UKM","netral"
"Informasi lowongan kerja di perusahaan manufaktur diumumkan","netral"
"Mahasiswa bisa meminjam alat mesin sekrap di lab","netral"
"Ruang kelas di lantai 4 digunakan untuk kuliah teori sore","netral"
"Pengumuman hasil seleksi program magang di Brunei Darussalam sudah keluar","netral"
"Kegiatan lomba menulis pantun diadakan","netral"
"Mahasiswa baru diwajibkan mengikuti kegiatan pengenalan layanan kampus","netral"
"Fasilitas parkir mobil wakil rektor terletak di depan rektorat","netral"
"Ruang baca outdoor memiliki meja dan kursi kayu jati belanda","netral"
"Dosen memberikan materi dari diktat kuliah","netral"
"Jadwal kuliah semester ganjil empat bulan lagi","netral"
"Pembayaran biaya wisuda gelombang 4 lima tahun lagi","netral"
"Informasi beasiswa dari perusahaan perkapalan diumumkan","netral"
"Mahasiswa bisa menggunakan ruang pameran untuk pameran tugas akhir","netral"
"Fasilitas tempat parkir motor di dekat gedung fakultas peternakan","netral"
"Ruang himpunan mahasiswa memiliki layar sentuh","netral"
"Pengumuman jadwal UAS susulan diumumkan oleh sekretaris jurusan","netral"
"Kegiatan workshop pembuatan ukiran diadakan","netral"
"Mahasiswa diwajibkan mengikuti seminar anti plagiarisme","netral"
"Fasilitas klinik kampus melayani pemeriksaan kesehatan gigi","netral"
"Ruang baca perpustakaan memiliki koleksi buku pertanian","netral"
"Dosen memberikan nilai berdasarkan tugas dan ujian","netral"
"Jadwal seminar hasil penelitian bisa dilakukan di ruang sidang skripsi","netral"
"Pendaftaran program magang di perusahaan konsultan dibuka","netral"
"Informasi jadwal pengambilan SKPI dua tahun lagi","netral"
"Mahasiswa bisa meminjam alat mesin gergaji pita di lab","netral"
"Fasilitas lapangan voli pantai outdoor","netral"
"Ruang kelas memiliki papan tulis yang bisa dilipat","netral"
"Pengumuman perubahan jadwal kuliah diumumkan oleh bagian tata usaha","netral"
"Kegiatan bakti sosial ke panti jompo diadakan oleh dekanat","netral"
"Mahasiswa baru mendapatkan pulpen kampus","netral"
"Fasilitas ruang laktasi terletak di lantai 8 gedung rektorat","netral"
"Ruang himpunan mahasiswa digunakan untuk kegiatan seminar","netral"
"Dosen memberikan nilai akhir berdasarkan hasil ujian akhir","netral"
"Jadwal praktikum kimia analitik dilakukan di semester 6 dan 7","netral"
"Pembayaran biaya SKS variabel dibayarkan setiap awal semester","netral"
"Informasi pendaftaran KKN internasional dua tahun lagi","netral"
"Mahasiswa bisa mengakses jurnal nasional dari perpustakaan internasional","netral"
"Fasilitas tempat sampah di depan gedung kemahasiswaan utama","netral"
"Ruang baca memiliki kursi yang terbuat dari kayu jati","netral"
"Pengumuman jadwal sidang skripsi gelombang 16 sudah keluar","netral"
"Kegiatan pelatihan menulis proposal penelitian diadakan","netral"
"Mahasiswa dihimbau untuk tidak membawa bahan peledak ke kampus","netral"
"Fasilitas kantin pusat menyediakan menu nasi cumi hitam","netral"
"Ruang himpunan mahasiswa terletak di dekat taman kampus","netral"
"Dosen mengajar dengan metode brainstorming","netral"
"Jadwal bimbingan skripsi dilakukan di ruang tamu","netral"
"Pendaftaran pelatihan bela diri diadakan oleh UKM","netral"
"Informasi lowongan kerja di perusahaan ritel modern diumumkan","netral"
"Mahasiswa bisa meminjam alat mesin profil di lab","netral"
"Fasilitas lapangan bulutangkis memiliki lantai kayu","netral"
"Ruang kelas di lantai 1 digunakan untuk kuliah umum dan seminar","netral"
"Pengumuman hasil seleksi program magang di Filipina sudah keluar","netral"
"Kegiatan lomba debat bahasa Vietnam diadakan","netral"
"Mahasiswa baru diwajibkan mengikuti kegiatan pengenalan organisasi mahasiswa","netral"
"Fasilitas parkir sepeda motor di dekat gedung fakultas kedokteran","netral"
"Ruang baca outdoor memiliki meja dan kursi kayu ulin","netral"
"Dosen memberikan kuis menggunakan aplikasi ujian online","netral"
"Jadwal kuliah semester pendek lima bulan lagi","netral"
"Pembayaran biaya wisuda gelombang 1 enam tahun lagi","netral"
"Informasi beasiswa dari perusahaan penerbitan diumumkan","netral"
"Mahasiswa bisa menggunakan ruang studio foto untuk foto produk","netral"
"Fasilitas tempat parkir motor di dekat gedung fakultas hukum lama","netral"
"Pengumuman jadwal yudisium gelombang 15 sudah keluar","netral"
"Kegiatan workshop pembuatan mozaik diadakan","netral"
"Mahasiswa diwajibkan mengikuti kuliah umum dari praktisi hukum","netral"
"Fasilitas klinik kampus melayani pemeriksaan kesehatan ibu dan anak","netral"
"Ruang baca perpustakaan memiliki koleksi buku kedokteran","netral"
"Dosen memberikan ujian dalam bentuk lisan dan praktik","netral"
"Jadwal seminar proposal bisa dilakukan di ruang sidang terbuka","netral"
"Pendaftaran program magang di perusahaan asuransi dibuka","netral"
"Informasi jadwal pengambilan ijazah dua tahun lagi","netral"
"Mahasiswa bisa meminjam alat mesin router di lab","netral"
"Fasilitas lapangan sepak bola indoor","netral"
"Ruang kelas memiliki meja dan kursi yang berwarna coklat","netral"
"Pengumuman kelulusan ujian proposal diumumkan oleh dekan","netral"
"Kegiatan bakti sosial ke panti asuhan diadakan oleh wakil rektor","netral"
"Mahasiswa baru mendapatkan bolpoin kampus","netral"
"Fasilitas ruang tunggu di depan ruang wakil rektor memiliki meja dan kursi","netral"
"Ruang himpunan mahasiswa digunakan untuk pameran inovasi","netral"
"Dosen wali memberikan informasi tentang program MSIB","netral"
"Jadwal praktikum biologi molekuler dilakukan di semester 7 dan 8","netral"
"Pembayaran biaya kuliah kerja nyata bisa melalui transfer bank","netral"
"Informasi pendaftaran seminar internasional tiga tahun lagi","netral"
"Mahasiswa bisa mengakses e-book dari perpustakaan internasional","netral"
"Fasilitas tempat sampah di depan gedung teater rakyat","netral"
"Ruang baca memiliki lampu yang dilengkapi dengan remote","netral"
"Pengumuman jadwal KRS online untuk semester genap dua tahun lagi","netral"
"Kegiatan pelatihan pengembangan diri diadakan","netral"
"Mahasiswa dihimbau untuk tidak membawa minuman beralkohol ke kampus","netral"
"Fasilitas kantin fakultas menyediakan nasi soto ayam","netral"
"Ruang himpunan mahasiswa terletak di lantai 14","netral"
"Dosen memberikan tugas makalah di setiap akhir bab","netral"
"Jadwal bimbingan akademik dilakukan di ruang seminar","netral"
"Pendaftaran pelatihan paralayang diadakan oleh UKM","netral"
"Informasi lowongan kerja di perusahaan startup digital diumumkan","netral"
"Mahasiswa bisa meminjam alat mesin ketam perata di lab","netral"
"Fasilitas lapangan basket outdoor tidak ber-AC","netral"
"Ruang kelas di lantai 2 digunakan untuk kuliah umum dan praktikum","netral"
"Pengumuman hasil seleksi program magang di Kamboja sudah keluar","netral"
"Kegiatan lomba menulis syair diadakan","netral"
"Mahasiswa baru diwajibkan mengikuti kegiatan pengenalan sistem akademik","netral"
"Fasilitas parkir mobil dekan terletak di samping fakultas","netral"
"Ruang baca outdoor memiliki meja dan kursi kayu bengkirai","netral"
"Dosen memberikan materi dari catatan kuliah","netral"
"Jadwal kuliah semester genap lima bulan lagi","netral"
"Pembayaran biaya wisuda gelombang 2 enam tahun lagi","netral"
"Informasi beasiswa dari perusahaan percetakan diumumkan","netral"
"Mahasiswa bisa menggunakan ruang pameran untuk pameran seni instalasi","netral"
"Fasilitas tempat parkir motor di dekat gedung fakultas ilmu sosial","netral"
"Ruang himpunan mahasiswa memiliki sound system lengkap","netral"
"Pengumuman jadwal UAS susulan diumumkan oleh kepala tata usaha","netral"
"Kegiatan workshop pembuatan kolase diadakan","netral"
"Mahasiswa diwajibkan mengikuti seminar anti kekerasan seksual","netral"
"Fasilitas klinik kampus melayani pemeriksaan kesehatan lansia","netral"
"Ruang baca perpustakaan memiliki koleksi buku farmasi","netral"
"Dosen memberikan nilai berdasarkan kehadiran dan tugas","netral"
"Jadwal seminar hasil penelitian bisa dilakukan di ruang sidang terbuka","netral"
"Informasi jadwal pengambilan transkrip nilai dua tahun lagi","netral"
"Mahasiswa bisa meminjam alat mesin bor magnet di lab","netral"
"Fasilitas lapangan voli pantai indoor","netral"
"Ruang kelas memiliki papan tulis yang terbuat dari kaca","netral"
"Pengumuman perubahan jadwal praktikum diumumkan oleh kepala laboratorium","netral"
"Kegiatan bakti sosial ke panti werdha diadakan oleh wakil rektor","netral"
"Mahasiswa baru mendapatkan notes kampus","netral"
"Fasilitas ruang laktasi terletak di lantai 9 gedung rektorat","netral"
"Ruang himpunan mahasiswa digunakan untuk kegiatan pelatihan kepemimpinan","netral"
"Dosen memberikan nilai akhir berdasarkan ujian tengah dan akhir semester","netral"
"Jadwal praktikum fisika dasar dilakukan di semester 2 saja","netral"
"Pembayaran biaya SKS variabel dibayarkan setiap akhir semester","netral"
"Informasi pendaftaran KKN tematik tiga tahun lagi","netral"
"Mahasiswa bisa mengakses jurnal internasional dari perpustakaan internasional","netral"
"Fasilitas tempat sampah di depan gedung kemahasiswaan pusat","netral"
"Ruang baca memiliki kursi yang terbuat dari kayu pinus","netral"
"Pengumuman jadwal sidang skripsi gelombang 17 sudah keluar","netral"
"Kegiatan pelatihan menulis buku diadakan","netral"
"Mahasiswa dihimbau untuk tidak membawa benda tajam ke perpustakaan","netral"
"Fasilitas kantin pusat menyediakan menu nasi goreng seafood","netral"
"Ruang himpunan mahasiswa terletak di dekat gedung rektorat","netral"
"Dosen mengajar dengan metode ceramah dan diskusi","netral"
"Jadwal bimbingan skripsi dilakukan di ruang kerja dosen","netral"
"Pendaftaran pelatihan golf diadakan oleh UKM","netral"
"Informasi lowongan kerja di perusahaan logistik nasional diumumkan","netral"
"Mahasiswa bisa meminjam alat mesin amplas getar di lab","netral"
"Fasilitas lapangan bulutangkis indoor ber-AC","netral"
"Ruang kelas di lantai 3 digunakan untuk kuliah teori dan diskusi","netral"
"Pengumuman hasil seleksi program magang di Laos sudah keluar","netral"
"Kegiatan lomba debat bahasa Hindi diadakan","netral"
"Mahasiswa baru diwajibkan mengikuti kegiatan pengenalan fasilitas kampus","netral"
"Fasilitas parkir sepeda motor di dekat gedung fakultas hukum baru","netral"
"Ruang baca outdoor memiliki meja dan kursi kayu merbau","netral"
"Dosen memberikan kuis menggunakan aplikasi kuis online","netral"
"Jadwal kuliah semester pendek enam bulan lagi","netral"
"Pembayaran biaya wisuda gelombang 3 enam tahun lagi","netral"
"Informasi beasiswa dari perusahaan jasa pengiriman diumumkan","netral"
"Mahasiswa bisa menggunakan ruang studio rekaman untuk rekaman suara","netral"
"Fasilitas tempat parkir motor di dekat gedung fakultas ekonomi baru","netral"
"Ruang himpunan mahasiswa memiliki proyektor dan layar","netral"
"Pengumuman jadwal yudisium gelombang 16 sudah keluar","netral"
"Kegiatan workshop pembuatan kalung diadakan","netral"
"Mahasiswa diwajibkan mengikuti kuliah umum dari praktisi kesehatan","netral"
"Fasilitas klinik kampus melayani pemeriksaan kesehatan anak","netral"
"Ruang baca perpustakaan memiliki koleksi buku keperawatan","netral"
"Dosen memberikan ujian dalam bentuk presentasi kelompok","netral"
"Jadwal seminar proposal bisa dilakukan di ruang sidang tertutup","netral"
"Pendaftaran program magang di perusahaan keuangan dibuka","netral"
"Informasi jadwal pengambilan SKPI tiga tahun lagi","netral"
"Mahasiswa bisa meminjam alat mesin gergaji circular di lab","netral"
"Fasilitas lapangan sepak bola outdoor","netral"
"Ruang kelas memiliki meja dan kursi yang berwarna abu-abu","netral"
"Pengumuman kelulusan ujian kompre diumumkan oleh rektor","netral"
"Kegiatan bakti sosial ke panti asuhan diadakan oleh senat mahasiswa","netral"
"Mahasiswa baru mendapatkan stiker ospek","netral"
"Fasilitas ruang tunggu di depan ruang rektor memiliki lukisan abstrak","netral"
"Ruang himpunan mahasiswa digunakan untuk pameran teknologi","netral"
"Dosen wali memberikan informasi tentang program IISMA","netral"
"Jadwal praktikum kimia dasar dilakukan di semester 1 saja","netral"
"Pembayaran biaya kuliah kerja nyata bisa melalui setoran tunai","netral"
"Informasi pendaftaran seminar nasional empat tahun lagi","netral"
"Mahasiswa bisa mengakses e-journal dari perpustakaan internasional","netral"
"Fasilitas tempat sampah di depan gedung teater kampus","netral"
"Ruang baca memiliki lampu yang bisa diatur intensitasnya","netral"
"Pengumuman jadwal KRS online untuk semester pendek dua tahun lagi","netral"
"Kegiatan pelatihan manajemen keuangan diadakan","netral"
"Mahasiswa dihimbau untuk tidak membawa rokok elektrik ke dalam kelas","netral"
"Fasilitas kantin fakultas menyediakan nasi goreng kampung","netral"
"Ruang himpunan mahasiswa terletak di lantai 15","netral"
"Dosen memberikan tugas makalah di setiap akhir semester","netral"
"Jadwal bimbingan akademik dilakukan di ruang tamu dosen","netral"
"Pendaftaran pelatihan menembak diadakan oleh UKM","netral"
"Informasi lowongan kerja di perusahaan e-commerce besar diumumkan","netral"
"Mahasiswa bisa meminjam alat mesin planner kayu di lab","netral"
"Fasilitas lapangan basket outdoor ber-AC","netral"
"Ruang kelas di lantai 4 digunakan untuk kuliah teori malam","netral"
"Pengumuman hasil seleksi program magang di Myanmar sudah keluar","netral"
"Kegiatan lomba menulis haiku diadakan","netral"
"Mahasiswa baru diwajibkan mengikuti kegiatan pengenalan kode etik mahasiswa","netral"
"Fasilitas parkir mobil kaprodi terletak di depan gedung jurusan","netral"
"Ruang baca outdoor memiliki meja dan kursi kayu kamper","netral"
"Dosen memberikan materi dari slide presentasi","netral"
"Jadwal kuliah semester ganjil enam bulan lagi","netral"
"Pembayaran biaya wisuda gelombang 4 enam tahun lagi","netral"
"Informasi beasiswa dari perusahaan properti nasional diumumkan","netral"
"Mahasiswa bisa menggunakan ruang pameran untuk pameran lukisan","netral"
"Fasilitas tempat parkir motor di dekat gedung fakultas teknik baru","netral"
"Ruang himpunan mahasiswa memiliki pendingin ruangan","netral"
"Pengumuman jadwal UAS susulan diumumkan oleh wakil rektor","netral"
"Kegiatan workshop pembuatan gelang diadakan","netral"
"Mahasiswa diwajibkan mengikuti seminar anti narkotika","netral"
"Fasilitas klinik kampus melayani pemeriksaan kesehatan pra-kerja","netral"
"Ruang baca perpustakaan memiliki koleksi buku kebidanan","netral"
"Dosen memberikan nilai berdasarkan partisipasi dan ujian","netral"
"Jadwal seminar hasil penelitian bisa dilakukan di ruang sidang tertutup","netral"
"Informasi jadwal pengambilan ijazah tiga tahun lagi","netral"
"Mahasiswa bisa meminjam alat mesin bor tangan di lab","netral"
"Fasilitas lapangan voli pantai indoor ber-AC","netral"
"Ruang kelas memiliki papan tulis yang terbuat dari keramik","netral"
"Pengumuman perubahan jadwal kuliah diumumkan oleh wakil dekan","netral"
"Kegiatan bakti sosial ke panti jompo diadakan oleh senat mahasiswa","netral"
"Mahasiswa baru mendapatkan kalender meja kampus","netral"
"Fasilitas ruang laktasi terletak di lantai 10 gedung rektorat","netral"
"Ruang himpunan mahasiswa digunakan untuk kegiatan workshop","netral"
"Dosen memberikan nilai akhir berdasarkan komponen penilaian yang disepakati","netral"
"Jadwal praktikum kimia organik dilakukan di semester 7 saja","netral"
"Pembayaran biaya SKS variabel dibayarkan setiap pertengahan semester","netral"
"Informasi pendaftaran KKN internasional tiga tahun lagi","netral"
"Mahasiswa bisa mengakses jurnal nasional dari perpustakaan digital dunia","netral"
"Fasilitas tempat sampah di depan gedung kemahasiswaan terpadu","netral"
"Ruang baca memiliki kursi yang terbuat dari kayu kelapa","netral"
"Pengumuman jadwal sidang skripsi gelombang 18 sudah keluar","netral"
"Kegiatan pelatihan menulis artikel populer diadakan","netral"
"Mahasiswa dihimbau untuk tidak membawa makanan berbau menyengat","netral"
"Fasilitas kantin pusat menyediakan menu nasi bakar","netral"
"Ruang himpunan mahasiswa terletak di dekat gedung serba guna","netral"
"Dosen mengajar dengan metode diskusi panel","netral"
"Jadwal bimbingan skripsi dilakukan di ruang perpustakaan","netral"
"Pendaftaran pelatihan bowling diadakan oleh UKM","netral"
"Informasi lowongan kerja di perusahaan multinasional diumumkan","netral"
"Mahasiswa bisa meminjam alat mesin ketam di lab","netral"
"Fasilitas lapangan bulutangkis indoor tidak ber-AC","netral"
"Ruang kelas di lantai 1 digunakan untuk kuliah praktikum","netral"
"Pengumuman hasil seleksi program magang di Timor Leste sudah keluar","netral"
"Kegiatan lomba debat bahasa Urdu diadakan","netral"
"Mahasiswa baru diwajibkan mengikuti kegiatan pengenalan visi misi kampus","netral"
"Fasilitas parkir sepeda motor di dekat gedung fakultas pertanian baru","netral"
"Ruang baca outdoor memiliki meja dan kursi kayu jati emas","netral"
"Dosen memberikan kuis menggunakan kertas dan pensil","netral"
"Jadwal kuliah semester pendek tujuh bulan lagi","netral"
"Pembayaran biaya wisuda gelombang 1 tujuh tahun lagi","netral"
"Informasi beasiswa dari perusahaan konstruksi nasional diumumkan","netral"
"Mahasiswa bisa menggunakan ruang studio foto untuk foto close up","netral"
"Fasilitas tempat parkir motor di dekat gedung fakultas peternakan baru","netral"
"Ruang himpunan mahasiswa memiliki koneksi internet","netral"
"Pengumuman jadwal yudisium gelombang 17 sudah keluar","netral"
"Kegiatan workshop pembuatan anting diadakan","netral"
"Mahasiswa diwajibkan mengikuti kuliah umum dari praktisi pendidikan","netral"
"Fasilitas klinik kampus melayani pemeriksaan kesehatan calon pengantin","netral"
"Ruang baca perpustakaan memiliki koleksi buku gizi","netral"
"Dosen memberikan ujian dalam bentuk proyek kelompok","netral"
"Jadwal seminar proposal bisa dilakukan di ruang sidang utama","netral"
"Pendaftaran program magang di perusahaan minyak dan gas dibuka","netral"
"Informasi jadwal pengambilan transkrip nilai tiga tahun lagi","netral"
"Mahasiswa bisa meminjam alat mesin gergaji jigsaw di lab","netral"
"Fasilitas lapangan sepak bola outdoor berumput","netral"
"Ruang kelas memiliki meja dan kursi yang berwarna krem","netral"
"Pengumuman kelulusan ujian skripsi diumumkan oleh ketua program studi","netral"
"Kegiatan bakti sosial ke panti asuhan diadakan oleh ikatan alumni","netral"
"Mahasiswa baru mendapatkan gantungan kunci ospek","netral"
"Fasilitas ruang tunggu di depan ruang wakil rektor memiliki lukisan pemandangan","netral"
"Ruang himpunan mahasiswa digunakan untuk pameran hasil penelitian","netral"
"Dosen wali memberikan informasi tentang program magang di industri","netral"
"Jadwal praktikum kimia analitik dilakukan di semester 7 saja","netral"
"Informasi pendaftaran seminar internasional empat tahun lagi","netral"
"Mahasiswa bisa mengakses e-book dari perpustakaan digital dunia","netral"
"Ruang baca memiliki lampu yang hemat energi dan terang","netral"
"Pengumuman jadwal KRS online untuk semester ganjil tiga tahun lagi","netral"
"Kegiatan pelatihan manajemen waktu untuk mahasiswa","netral"
"Mahasiswa dihimbau untuk tidak membawa hewan ke area kampus","netral"
"Fasilitas kantin fakultas menyediakan nasi goreng jawa","netral"
"Ruang himpunan mahasiswa terletak di lantai 16","netral"
"Dosen memberikan tugas makalah di setiap pertengahan semester","netral"
"Jadwal bimbingan akademik dilakukan di ruang kerja","netral"
"Pendaftaran pelatihan sofbol diadakan oleh UKM","netral"
"Informasi lowongan kerja di perusahaan BUMN diumumkan","netral"
"Mahasiswa bisa meminjam alat mesin profil kayu di lab","netral"
"Fasilitas lapangan basket indoor ber-AC dan berpapan skor","netral"
"Ruang kelas di lantai 2 digunakan untuk kuliah praktikum dan teori","netral"
"Pengumuman hasil seleksi program magang di Papua Nugini sudah keluar","netral"
"Kegiatan lomba menulis cerpen islami diadakan","netral"
"Mahasiswa baru diwajibkan mengikuti kegiatan pengenalan dosen dan staf","netral"
"Fasilitas parkir mobil dosen terletak di depan gedung fakultas","netral"
"Ruang baca outdoor memiliki meja dan kursi kayu sonokeling","netral"
"Dosen memberikan materi dari video pembelajaran","netral"
"Jadwal kuliah semester genap tujuh bulan lagi","netral"
"Pembayaran biaya wisuda gelombang 2 tujuh tahun lagi","netral"
"Informasi beasiswa dari perusahaan media massa diumumkan","netral"
"Mahasiswa bisa menggunakan ruang pameran untuk pameran seni rupa","netral"
"Fasilitas tempat parkir motor di dekat gedung fakultas kedokteran baru","netral"
"Ruang himpunan mahasiswa memiliki printer dan scanner","netral"
"Pengumuman jadwal UAS susulan diumumkan oleh rektor","netral"
"Kegiatan workshop pembuatan bros diadakan","netral"
"Mahasiswa diwajibkan mengikuti seminar anti korupsi dan gratifikasi","netral"
"Fasilitas klinik kampus melayani pemeriksaan kesehatan haji","netral"
"Ruang baca perpustakaan memiliki koleksi buku kesehatan masyarakat","netral"
"Dosen memberikan nilai berdasarkan kehadiran, tugas, dan ujian","netral"
"Jadwal seminar hasil penelitian bisa dilakukan di ruang sidang utama","netral"
"Pendaftaran program magang di perusahaan penerbangan nasional dibuka","netral"
"Informasi jadwal pengambilan SKPI empat tahun lagi","netral"
"Mahasiswa bisa meminjam alat mesin gergaji pita kayu di lab","netral"
"Fasilitas lapangan voli pantai outdoor berpasir","netral"
"Ruang kelas memiliki papan tulis yang dilengkapi spidol","netral"
"Pengumuman perubahan jadwal praktikum diumumkan oleh wakil dekan","netral"
"Kegiatan bakti sosial ke panti werdha diadakan oleh ikatan alumni","netral"
"Mahasiswa baru mendapatkan botol minum kampus","netral"
"Fasilitas ruang laktasi terletak di lantai 11 gedung rektorat","netral"
"Ruang himpunan mahasiswa digunakan untuk kegiatan diskusi publik","netral"
"Dosen memberikan nilai akhir berdasarkan ujian dan tugas akhir","netral"
"Jadwal praktikum biologi molekuler dilakukan di semester 8 saja","netral"
"Pembayaran biaya SKS variabel dibayarkan setiap akhir tahun","netral"
"Informasi pendaftaran KKN tematik empat tahun lagi","netral"
"Mahasiswa bisa mengakses jurnal internasional dari perpustakaan digital dunia","netral"
"Fasilitas tempat sampah di depan gedung kemahasiswaan modern","netral"
"Ruang baca memiliki kursi yang terbuat dari kayu mahoni","netral"
"Pengumuman jadwal sidang skripsi gelombang 19 sudah keluar","netral"
"Kegiatan pelatihan menulis karya tulis ilmiah diadakan","netral"
"Mahasiswa dihimbau untuk tidak membawa minuman bersoda ke perpustakaan","netral"
"Fasilitas kantin pusat menyediakan menu nasi kari","netral"
"Ruang himpunan mahasiswa terletak di dekat masjid kampus","netral"
"Dosen mengajar dengan metode tutorial","netral"
"Jadwal bimbingan skripsi dilakukan di ruang laboratorium","netral"
"Pendaftaran pelatihan hoki diadakan oleh UKM","netral"
"Informasi lowongan kerja di perusahaan swasta nasional diumumkan","netral"
"Mahasiswa bisa meminjam alat mesin router kayu di lab","netral"
"Fasilitas lapangan bulutangkis outdoor berpasir","netral"
"Ruang kelas di lantai 3 digunakan untuk kuliah praktikum dan diskusi","netral"
"Pengumuman hasil seleksi program magang di Fiji sudah keluar","netral"
"Kegiatan lomba debat bahasa Belanda diadakan","netral"
"Mahasiswa baru diwajibkan mengikuti kegiatan pengenalan tata tertib kampus","netral"
"Fasilitas parkir sepeda motor di dekat gedung fakultas ilmu sosial baru","netral"
"Ruang baca outdoor memiliki meja dan kursi kayu jati putih","netral"
"Dosen memberikan kuis menggunakan aplikasi ujian","netral"
"Jadwal kuliah semester pendek delapan bulan lagi","netral"
"Pembayaran biaya wisuda gelombang 3 tujuh tahun lagi","netral"
"Informasi beasiswa dari perusahaan teknologi informasi diumumkan","netral"
"Mahasiswa bisa menggunakan ruang studio rekaman untuk rekaman video","netral"
"Fasilitas tempat parkir motor di dekat gedung fakultas ekonomi lama","netral"
"Ruang himpunan mahasiswa memiliki layar proyektor besar","netral"
"Pengumuman jadwal yudisium gelombang 18 sudah keluar","netral"
"Kegiatan workshop pembuatan aksesoris diadakan","netral"
"Mahasiswa diwajibkan mengikuti kuliah umum dari praktisi bisnis","netral"
"Fasilitas klinik kampus melayani pemeriksaan kesehatan umum dan gigi","netral"
"Ruang baca perpustakaan memiliki koleksi buku kesehatan lingkungan","netral"
"Dosen memberikan ujian dalam bentuk tugas proyek","netral"
"Jadwal seminar proposal bisa dilakukan di ruang sidang fakultas","netral"
"Pendaftaran program magang di perusahaan telekomunikasi nasional dibuka","netral"
"Informasi jadwal pengambilan ijazah empat tahun lagi","netral"
"Mahasiswa bisa meminjam alat mesin gergaji circular kayu di lab","netral"
"Fasilitas lapangan sepak bola indoor berumput sintetis","netral"
"Ruang kelas memiliki meja dan kursi yang berwarna biru laut","netral"
"Pengumuman kelulusan ujian proposal diumumkan oleh wakil dekan","netral"
"Kegiatan bakti sosial ke panti asuhan diadakan oleh organisasi mahasiswa","netral"
"Mahasiswa baru mendapatkan payung kampus","netral"
"Fasilitas ruang tunggu di depan ruang rektor memiliki kursi empuk","netral"
"Ruang himpunan mahasiswa digunakan untuk pameran karya mahasiswa","netral"
"Dosen wali memberikan informasi tentang program wirausaha merdeka","netral"
"Jadwal praktikum fisika dasar dilakukan di semester 1 saja","netral"
"Informasi pendaftaran seminar nasional lima tahun lagi","netral"
"Mahasiswa bisa mengakses e-journal dari perpustakaan digital dunia","netral"
"Fasilitas tempat sampah di depan gedung teater tertutup rapat","netral"
"Ruang baca memiliki lampu yang dilengkapi dengan dimmer","netral"
"Pengumuman jadwal KRS online untuk semester genap tiga tahun lagi","netral"
"Kegiatan pelatihan manajemen konflik diadakan","netral"
"Mahasiswa dihimbau untuk tidak membawa barang berharga berlebihan","netral"
"Fasilitas kantin fakultas menyediakan nasi goreng spesial","netral"
"Ruang himpunan mahasiswa terletak di lantai 17","netral"
"Dosen memberikan tugas makalah di setiap awal semester","netral"
"Jadwal bimbingan akademik dilakukan di ruang dosen wali","netral"
"Pendaftaran pelatihan baseball diadakan oleh UKM","netral"
"Informasi lowongan kerja di perusahaan asing diumumkan","netral"
"Fasilitas lapangan basket indoor ber-AC dan berpapan skor elektronik","netral"
"Ruang kelas di lantai 4 digunakan untuk kuliah praktikum malam","netral"
"Pengumuman hasil seleksi program magang di Samoa sudah keluar","netral"
"Kegiatan lomba menulis puisi islami diadakan","netral"
"Mahasiswa baru diwajibkan mengikuti kegiatan pengenalan sistem informasi akademik","netral"
"Fasilitas parkir mobil dosen tamu terletak di depan gedung rektorat","netral"
"Ruang baca outdoor memiliki meja dan kursi kayu meranti","netral"
"Dosen memberikan materi dari e-book","netral"
"Jadwal kuliah semester ganjil delapan bulan lagi","netral"
"Pembayaran biaya wisuda gelombang 4 tujuh tahun lagi","netral"
"Informasi beasiswa dari perusahaan farmasi nasional diumumkan","netral"
"Mahasiswa bisa menggunakan ruang pameran untuk pameran desain grafis","netral"
"Fasilitas tempat parkir motor di dekat gedung fakultas teknik lama","netral"
"Ruang himpunan mahasiswa memiliki papan tulis kaca","netral"
"Pengumuman jadwal UAS susulan diumumkan oleh bagian akademik fakultas","netral"
"Kegiatan workshop pembuatan sabun cuci tangan diadakan","netral"
"Mahasiswa diwajibkan mengikuti seminar anti terorisme dan radikalisme","netral"
"Fasilitas klinik kampus melayani pemeriksaan kesehatan mata","netral"
"Ruang baca perpustakaan memiliki koleksi buku biologi","netral"
"Dosen memberikan nilai berdasarkan partisipasi, tugas, dan ujian","netral"
"Jadwal seminar hasil penelitian bisa dilakukan di ruang sidang fakultas","netral"
"Pendaftaran program magang di perusahaan retail nasional dibuka","netral"
"Informasi jadwal pengambilan transkrip nilai empat tahun lagi","netral"
"Mahasiswa bisa meminjam alat mesin bor magnet meja di lab","netral"
"Fasilitas lapangan voli pantai outdoor beratap","netral"
"Ruang kelas memiliki papan tulis yang dilengkapi dengan lampu sorot","netral"
"Pengumuman perubahan jadwal kuliah diumumkan oleh subbagian akademik","netral"
"Kegiatan bakti sosial ke panti jompo diadakan oleh organisasi mahasiswa","netral"
"Mahasiswa baru mendapatkan tempat pensil kampus","netral"
"Fasilitas ruang laktasi terletak di lantai 12 gedung rektorat","netral"
"Ruang himpunan mahasiswa digunakan untuk kegiatan rapat koordinasi","netral"
"Dosen memberikan nilai akhir berdasarkan hasil ujian tengah semester","netral"
"Jadwal praktikum kimia dasar dilakukan di semester 2 dan 3","netral"
"Pembayaran biaya SKS variabel dibayarkan setiap awal tahun","netral"
"Informasi pendaftaran KKN internasional empat tahun lagi","netral"
"Fasilitas tempat sampah di depan gedung kemahasiswaan hijau","netral"
"Ruang baca memiliki kursi yang terbuat dari kayu trembesi","netral"
"Pengumuman jadwal sidang skripsi gelombang 20 sudah keluar","netral"
"Kegiatan pelatihan menulis artikel jurnal diadakan","netral"
"Mahasiswa dihimbau untuk tidak membawa makanan cepat saji ke kelas","netral"
"Fasilitas kantin pusat menyediakan menu nasi uduk betawi","netral"
"Ruang himpunan mahasiswa terletak di dekat gedung perpustakaan","netral"
"Dosen mengajar dengan metode pembelajaran berbasis masalah","netral"
"Jadwal bimbingan skripsi dilakukan di ruang baca perpustakaan","netral"
"Pendaftaran pelatihan kriket diadakan oleh UKM","netral"
"Informasi lowongan kerja di perusahaan daerah diumumkan","netral"
"Mahasiswa bisa meminjam alat mesin gergaji triplek di lab","netral"
"Fasilitas lapangan bulutangkis outdoor beratap","netral"
"Pengumuman hasil seleksi program magang di Vanuatu sudah keluar","netral"
"Kegiatan lomba debat bahasa Tagalog diadakan","netral"
"Mahasiswa baru diwajibkan mengikuti kegiatan pengenalan kegiatan kemahasiswaan","netral"
"Fasilitas parkir sepeda motor di dekat gedung fakultas hukum lama","netral"
"Ruang baca outdoor memiliki meja dan kursi kayu jati perhutani","netral"
"Dosen memberikan kuis menggunakan platform online kampus","netral"
"Jadwal kuliah semester pendek sembilan bulan lagi","netral"
"Pembayaran biaya wisuda gelombang 1 delapan tahun lagi","netral"
"Informasi beasiswa dari perusahaan makanan dan minuman nasional diumumkan","netral"
"Mahasiswa bisa menggunakan ruang studio foto untuk foto model","netral"
"Fasilitas tempat parkir motor di dekat gedung fakultas pertanian lama","netral"
"Ruang himpunan mahasiswa memiliki pendingin ruangan dan kipas angin","netral"
"Pengumuman jadwal yudisium gelombang 19 sudah keluar","netral"
"Kegiatan workshop pembuatan lilin aroma terapi diadakan","netral"
"Mahasiswa diwajibkan mengikuti kuliah umum dari praktisi media","netral"
"Fasilitas klinik kampus melayani pemeriksaan kesehatan tulang","netral"
"Ruang baca perpustakaan memiliki koleksi buku matematika","netral"
"Dosen memberikan ujian dalam bentuk esai dan pilihan ganda","netral"
"Jadwal seminar proposal bisa dilakukan di ruang sidang program studi","netral"
"Pendaftaran program magang di perusahaan logistik nasional dibuka","netral"
"Informasi jadwal pengambilan SKPI lima tahun lagi","netral"
"Mahasiswa bisa meminjam alat mesin gergaji besi di lab","netral"
"Fasilitas lapangan sepak bola outdoor berumput alami","netral"
"Ruang kelas memiliki meja dan kursi yang berwarna hijau daun","netral"
"Pengumuman kelulusan ujian kompre diumumkan oleh wakil rektor","netral"
"Kegiatan bakti sosial ke panti asuhan diadakan oleh unit kegiatan mahasiswa","netral"
"Mahasiswa baru mendapatkan buku panduan ospek","netral"
"Fasilitas ruang tunggu di depan ruang wakil rektor memiliki meja bundar","netral"
"Ruang himpunan mahasiswa digunakan untuk pameran produk kreatif","netral"
"Dosen wali memberikan informasi tentang program magang bersertifikat","netral"
"Jadwal praktikum kimia organik dilakukan di semester 8 saja","netral"
"Pembayaran biaya kuliah kerja nyata bisa melalui virtual account bank","netral"
"Informasi pendaftaran seminar internasional lima tahun lagi","netral"
"Fasilitas tempat sampah di depan gedung teater terbuka lebar","netral"
"Ruang baca memiliki lampu yang dilengkapi dengan sensor cahaya","netral"
"Pengumuman jadwal KRS online untuk semester pendek tiga tahun lagi","netral"
"Kegiatan pelatihan manajemen emosi diadakan","netral"
"Mahasiswa dihimbau untuk tidak membawa senjata mainan ke kampus","netral"
"Fasilitas kantin fakultas menyediakan nasi goreng seafood","netral"
"Ruang himpunan mahasiswa terletak di lantai 18","netral"
"Dosen memberikan tugas makalah di setiap akhir pertemuan","netral"
"Jadwal bimbingan akademik dilakukan di ruang tunggu dosen","netral"
"Pendaftaran pelatihan rugby diadakan oleh UKM","netral"
"Informasi lowongan kerja di perusahaan multinasional besar diumumkan","netral"
"Mahasiswa bisa meminjam alat mesin bor kayu di lab","netral"
"Fasilitas lapangan basket indoor ber-AC dan berpapan skor digital","netral"
"Ruang kelas di lantai 2 digunakan untuk kuliah umum fakultas","netral"
"Pengumuman hasil seleksi program magang di Kepulauan Solomon sudah keluar","netral"
"Kegiatan lomba menulis cerpen horor diadakan","netral"
"Mahasiswa baru diwajibkan mengikuti kegiatan pengenalan perpustakaan digital","netral"
"Fasilitas parkir mobil dekan terletak di depan gedung fakultas","netral"
"Ruang baca outdoor memiliki meja dan kursi kayu jati emas asli","netral"
"Dosen memberikan materi dari jurnal ilmiah","netral"
"Jadwal kuliah semester genap sembilan bulan lagi","netral"
"Pembayaran biaya wisuda gelombang 2 delapan tahun lagi","netral"
"Informasi beasiswa dari perusahaan tekstil nasional diumumkan","netral"
"Fasilitas tempat parkir motor di dekat gedung fakultas peternakan lama","netral"
"Ruang himpunan mahasiswa memiliki koneksi internet cepat","netral"
"Pengumuman jadwal UAS susulan diumumkan oleh wakil dekan bidang akademik","netral"
"Kegiatan workshop pembuatan pot bunga diadakan","netral"
"Mahasiswa diwajibkan mengikuti seminar anti hoax dan ujaran kebencian","netral"
"Fasilitas klinik kampus melayani pemeriksaan kesehatan kulit","netral"
"Ruang baca perpustakaan memiliki koleksi buku fisika","netral"
"Dosen memberikan nilai berdasarkan kehadiran dan partisipasi","netral"
"Jadwal seminar hasil penelitian bisa dilakukan di ruang sidang program studi","netral"
"Pendaftaran program magang di perusahaan properti nasional dibuka","netral"
"Informasi jadwal pengambilan ijazah lima tahun lagi","netral"
"Mahasiswa bisa meminjam alat mesin gergaji besi manual di lab","netral"
"Fasilitas lapangan voli pantai indoor ber-AC dan berpapan skor","netral"
"Ruang kelas memiliki papan tulis yang dilengkapi dengan spidol warna-warni","netral"
"Pengumuman perubahan jadwal praktikum diumumkan oleh koordinator praktikum","netral"
"Kegiatan bakti sosial ke panti werdha diadakan oleh unit kegiatan mahasiswa","netral"
"Mahasiswa baru mendapatkan mug kampus","netral"
"Fasilitas ruang laktasi terletak di lantai 13 gedung rektorat","netral"
"Ruang himpunan mahasiswa digunakan untuk kegiatan sosialisasi program","netral"
"Dosen memberikan nilai akhir berdasarkan ujian akhir semester","netral"
"Jadwal praktikum kimia analitik dilakukan di semester 8 saja","netral"
"Pembayaran biaya SKS variabel dibayarkan setiap akhir tahun ajaran","netral"
"Informasi pendaftaran KKN tematik lima tahun lagi","netral"
"Mahasiswa bisa mengakses jurnal internasional dari perpustakaan nasional","netral"
"Fasilitas tempat sampah di depan gedung kemahasiswaan biru","netral"
"Ruang baca memiliki kursi yang terbuat dari kayu sungkai","netral"
"Pengumuman jadwal sidang skripsi gelombang 21 sudah keluar","netral"
"Kegiatan pelatihan menulis proposal PKM diadakan","netral"
"Mahasiswa dihimbau untuk tidak membawa minuman energi ke perpustakaan","netral"
"Fasilitas kantin pusat menyediakan menu nasi goreng kambing","netral"
"Ruang himpunan mahasiswa terletak di dekat gedung administrasi","netral"
"Dosen mengajar dengan metode pembelajaran berbasis proyek","netral"
"Jadwal bimbingan skripsi dilakukan di ruang seminar fakultas","netral"
"Pendaftaran pelatihan polo air diadakan oleh UKM","netral"
"Informasi lowongan kerja di perusahaan BUMN besar diumumkan","netral"
"Mahasiswa bisa meminjam alat mesin gergaji mesin di lab","netral"
"Fasilitas lapangan bulutangkis indoor ber-AC dan berkarpet","netral"
"Ruang kelas di lantai 3 digunakan untuk kuliah umum universitas","netral"
"Pengumuman hasil seleksi program magang di Kiribati sudah keluar","netral"
"Kegiatan lomba debat bahasa Swahili diadakan","netral"
"Mahasiswa baru diwajibkan mengikuti kegiatan pengenalan laboratorium komputer","netral"
"Fasilitas parkir sepeda motor di dekat gedung fakultas ekonomi lama","netral"
"Ruang baca outdoor memiliki meja dan kursi kayu akasia asli","netral"
"Dosen memberikan kuis menggunakan aplikasi ujian online kampus","netral"
"Jadwal kuliah semester pendek sepuluh bulan lagi","netral"
"Pembayaran biaya wisuda gelombang 3 delapan tahun lagi","netral"
"Mahasiswa bisa menggunakan ruang studio rekaman untuk rekaman podcast","netral"
"Fasilitas tempat parkir motor di dekat gedung fakultas kedokteran lama","netral"
"Ruang himpunan mahasiswa memiliki papan pengumuman elektronik","netral"
"Pengumuman jadwal yudisium gelombang 20 sudah keluar","netral"
"Kegiatan workshop pembuatan tas kain diadakan","netral"
"Mahasiswa diwajibkan mengikuti kuliah umum dari praktisi teknologi","netral"
"Fasilitas klinik kampus melayani pemeriksaan kesehatan telinga","netral"
"Ruang baca perpustakaan memiliki koleksi buku kimia","netral"
"Dosen memberikan ujian dalam bentuk lisan","netral"
"Jadwal seminar proposal bisa dilakukan di ruang sidang jurusan","netral"
"Pendaftaran program magang di perusahaan konstruksi nasional dibuka","netral"
"Informasi jadwal pengambilan transkrip nilai lima tahun lagi","netral"
"Mahasiswa bisa meminjam alat mesin gergaji pita besi di lab","netral"
"Fasilitas lapangan sepak bola indoor berumput sintetis dan ber-AC","netral"
"Ruang kelas memiliki meja dan kursi yang berwarna ungu","netral"
"Pengumuman kelulusan ujian skripsi diumumkan oleh dekan fakultas","netral"
"Kegiatan bakti sosial ke panti asuhan diadakan oleh lembaga kemahasiswaan","netral"
"Mahasiswa baru mendapatkan topi wisuda mini","netral"
"Fasilitas ruang tunggu di depan ruang rektor memiliki meja dan kursi tamu","netral"
"Ruang himpunan mahasiswa digunakan untuk pameran inovasi mahasiswa","netral"
"Dosen wali memberikan informasi tentang program IISMA dan KMMI","netral"
"Jadwal praktikum biologi dasar dilakukan di semester 3 saja","netral"
"Informasi pendaftaran seminar nasional enam tahun lagi","netral"
"Fasilitas tempat sampah di depan gedung teater tertutup otomatis","netral"
"Ruang baca memiliki lampu yang dilengkapi dengan sensor gerak dan cahaya","netral"
"Pengumuman jadwal KRS online untuk semester ganjil empat tahun lagi","netral"
"Kegiatan pelatihan manajemen proyek diadakan","netral"
"Mahasiswa dihimbau untuk tidak membawa benda berbahaya ke kampus","netral"
"Fasilitas kantin fakultas menyediakan nasi goreng pete","netral"
"Ruang himpunan mahasiswa terletak di lantai 19","netral"
"Dosen memberikan tugas makalah di setiap pertemuan tatap muka","netral"
"Jadwal bimbingan akademik dilakukan di ruang baca fakultas","netral"
"Pendaftaran pelatihan anggar pedang diadakan oleh UKM","netral"
"Informasi lowongan kerja di perusahaan swasta besar diumumkan","netral"
"Mahasiswa bisa meminjam alat mesin bor duduk kayu di lab","netral"
"Fasilitas lapangan basket outdoor ber-AC dan beratap","netral"
"Ruang kelas di lantai 4 digunakan untuk kuliah umum universitas","netral"
"Pengumuman hasil seleksi program magang di Nauru sudah keluar","netral"
"Kegiatan lomba menulis cerpen remaja diadakan","netral"
"Mahasiswa baru diwajibkan mengikuti kegiatan pengenalan sistem keuangan kampus","netral"
"Fasilitas parkir mobil kaprodi terletak di samping gedung jurusan","netral"
"Ruang baca outdoor memiliki meja dan kursi kayu bengkirai asli","netral"
"Dosen memberikan materi dari hasil penelitian terbaru","netral"
"Jadwal kuliah semester ganjil sepuluh bulan lagi","netral"
"Pembayaran biaya wisuda gelombang 4 delapan tahun lagi","netral"
"Informasi beasiswa dari perusahaan elektronik nasional diumumkan","netral"
"Mahasiswa bisa menggunakan ruang pameran untuk pameran karya seni","netral"
"Fasilitas tempat parkir motor di dekat gedung fakultas ilmu sosial lama","netral"
"Ruang himpunan mahasiswa memiliki pendingin ruangan dan proyektor","netral"
"Pengumuman jadwal UAS susulan diumumkan oleh kepala bagian akademik","netral"
"Kegiatan workshop pembuatan kerajinan dari barang bekas diadakan","netral"
"Mahasiswa diwajibkan mengikuti seminar anti narkoba dan psikotropika","netral"
"Fasilitas klinik kampus melayani pemeriksaan kesehatan hidung","netral"
"Ruang baca perpustakaan memiliki koleksi buku bahasa Indonesia","netral"
"Dosen memberikan nilai berdasarkan tugas dan partisipasi","netral"
"Jadwal seminar hasil penelitian bisa dilakukan di ruang sidang jurusan","netral"
"Pendaftaran program magang di perusahaan media massa dibuka","netral"
"Informasi jadwal pengambilan SKPI enam tahun lagi","netral"
"Mahasiswa bisa meminjam alat mesin gergaji besi listrik di lab","netral"
"Fasilitas lapangan voli pantai outdoor berpasir putih","netral"
"Ruang kelas memiliki papan tulis yang dilengkapi dengan penghapus elektrik","netral"
"Pengumuman perubahan jadwal kuliah diumumkan oleh staf akademik","netral"
"Kegiatan bakti sosial ke panti jompo diadakan oleh lembaga kemahasiswaan","netral"
"Mahasiswa baru mendapatkan kaos kampus","netral"
"Fasilitas ruang laktasi terletak di lantai 14 gedung rektorat","netral"
"Wifi kampus kenceng parah, download cepet.","positif"
"Beasiswa cair, alhamdulillah tepat waktu.","positif"
"Dosen killer tapi ilmunya nempel terus.","positif"
"Ruang baca 24 jam, penyelamat deadline.","positif"
"UKT turun, beban ortu berkurang.","positif"
"BEM transparan soal dana kegiatan.","positif"
"KRS online lancar, gak error sedikitpun.","positif"
"AC kelas dingin, enak buat fokus.","positif"
"Kantin murah, porsi banyak, enak lagi.","positif"
"Satpam ramah, bantuin nyebrang jalan.","positif"
"Parkir luas, gak perlu rebutan tempat.","positif"
"Staff TU gercep, gak pake lama.","positif"
"Jurnal internasional aksesnya gratis.","positif"
"Kampus bersih, gak ada sampah berserakan.","positif"
"Respon prodi cepet pas ada masalah.","positif"
"WiFi kampus stabil buat zoom.","positif"
"Ruang diskusi enak dan adem.","positif"
"Minjem buku gampang, petugasnya baik.","positif"
"KRS gak bentrok, jadwal rapi.","positif"
"Kampus adem, banyak pohon rindang.","positif"
"Web kampus mobile friendly banget.","positif"
"Materi kuliah bisa didownload gratis.","positif"
"Kuliah hybrid membantu banget.","positif"
"Klinik gratis, obat lengkap.","positif"
"Ada charger station di selasar.","positif"
"Prodi dengerin aspirasi mahasiswa.","positif"
"Dosen pembimbing fast respon.","positif"
"Toilet bersih, wangi, air lancar.","positif"
"Lapangan basket dicat ulang.","positif"
"Fasilitas olahraga lumayan lengkap.","positif"
"Koperasi mahasiswa murah.","positif"
"Sistem antrian bimbingan online adil.","positif"
"Bisa pinjem ruang buat rapat.","positif"
"Seminar gratis dapet sertifikat.","positif"
"Pelatihan TOEFL murah di UPT.","positif"
"Staff kebersihan ramah.","positif"
"Loker aman, gak ada maling.","positif"
"KTM multifungsi buat parkir.","positif"
"Taman kampus enak buat santai.","positif"
"Koleksi e-book perpus banyak.","positif"
"Kelas ada smart TV nya.","positif"
"Ruang laktasi tersedia.","positif"
"Jalur pedestrian aman.","positif"
"Program magang kampus keren.","positif"
"Bantuan kuota internet ada.","positif"
"Konseling gratis buat kesehatan mental.","positif"
"UKT bisa dicicil.","positif"
"Info beasiswa dishare cepet.","positif"
"Tim robot juara internasional.","positif"
"Bangga jadi mahasiswa sini.","positif"
"Kantin tutup malam, gak kelaparan.","positif"
"Fotokopi murah di koperasi.","positif"
"Air minum galon selalu isi.","positif"
"Wifi tembus 100Mbps di lab.","positif"
"Alhamdulillah bisa lulus tepat waktu.","positif"
"Yudisium online, gak ribet.","positif"
"Kampus ramah difabel.","positif"
"Bank sampah berjalan baik.","positif"
"Program inkubasi bisnis membantu.","positif"
"Donor darah rutin diadakan.","positif"
"Konser akhir tahun meriah.","positif"
"Pujian buat petugas kebersihan.","positif"
"Sistem informasi kemahasiswaan oke.","positif"
"Kritik langsung direspon prodi.","positif"
"Asuransi kecelakaan disediakan.","positif"
"Transkrip digital bisa diakses alumni.","positif"
"Pembelajaran VR di kedokteran canggih.","positif"
"Dosen ingat nama mahasiswanya.","positif"
"Biaya daftar ulang terjangkau.","positif"
"Ruang organisasi mahasiswa layak.","positif"
"Program student mobility murah.","positif"
"Pelayanan surat menyurat cepet.","positif"
"Atap parkir motor bikin adem.","positif"
"Lapangan futsal bagus.","positif"
"Kelas bersih tiap pagi.","positif"
"UKT worth it sama fasilitas.","positif"
"Internet kampus bebas blokir.","positif"
"Dosen muda enak diajak diskusi.","positif"
"Tugas kelompok difasilitasi ruangan.","positif"
"Kegiatan UKM beragam dan seru.","positif"
"Pengumuman penting gak mendadak.","positif"
"Sidang skripsi lancar dan cepat.","positif"
"Kampusnya instagramable.","positif"
"Tempat ibadah bersih dan luas.","positif"
"Keamanan kampus 24 jam.","positif"
"Kendaraan umum akses mudah.","positif"
"Biaya hidup di sekitar kampus murah.","positif"
"Banyak beasiswa internal.","positif"
"Bimbingan karir gratis.","positif"
"Alumni sukses banyak.","positif"
"Jaringan alumni kuat.","positif"
"Kuliah tamu inspiratif.","positif"
"Fasilitas podcast kampus keren.","positif"
"Studio musik lengkap.","positif"
"Ruang teater representatif.","positif"
"Kantin jualan makanan sehat.","positif"
"Jam operasional perpus panjang.","positif"
"Sistem parkir tertata.","positif"
"Gedung rektorat megah.","positif"
"Ruang kelas nyaman.","positif"
"Papan tulis digital.","positif"
"Sound system kelas jernih.","positif"
"Kursi kuliah empuk.","positif"
"Jendela kelas besar.","positif"
"Ventilasi udara bagus.","positif"
"Kampus bebas banjir.","positif"
"Lingkungan kampus hijau.","positif"
"Penanganan sampah terpilah.","positif"
"Kampanye go green aktif.","positif"
"Kegiatan sosial mahasiswa banyak.","positif"
"Bakti sosial rutin.","positif"
"Pengabdian masyarakat berdampak.","positif"
"Mahasiswa berprestasi diapresiasi.","positif"
"Penghargaan buat mahasiswa berprestasi.","positif"
"Suasana akademik terasa.","positif"
"Kompetisi ilmiah didukung penuh.","positif"
"Pendanaan PKM transparan.","positif"
"Proses PKM gak dipersulit.","positif"
"Pembimbing PKM kompeten.","positif"
"Administrasi PKM gak ribet.","positif"
"Pelaporan PKM dibantu.","positif"
"Seminar proposal gak serem.","positif"
"Penguji skripsi membangun.","positif"
"Revisi skripsi gak bertele-tele.","positif"
"Wisuda meriah tapi khidmat.","positif"
"Prosesi wisuda tertib.","positif"
"Fotografer wisuda profesional.","positif"
"Konsumsi wisuda lumayan.","positif"
"Lokasi wisuda strategis.","positif"
"Orang tua diundang dengan baik.","positif"
"Suvenir wisuda bermanfaat.","positif"
"Ikatan alumni solid.","positif"
"Wifi lemot parah, buang kuota doang.","negatif"
"UKT naik tapi kelas gak berubah.","negatif"
"Toilet bau pesing gak ada air.","negatif"
"Dosen ghosting, bimbingan molor.","negatif"
"Birokrasi ribet, bolak-balik gak jelas.","negatif"
"Parkir motor sempit dan becek.","negatif"
"AC mati, kuliah kayak di neraka.","negatif"
"Server KRS down tiap semester.","negatif"
"Staff jutek, muka galak melulu.","negatif"
"BEM kerjanya gak jelas, cuma pansos.","negatif"
"UKT mahal tapi gak dapet kuota.","negatif"
"Wisuda bayar sejuta lebih.","negatif"
"Kursi kelas patah, bahaya.","negatif"
"Kantin mahal, porsi dikit.","negatif"
"Satpam galak, nyamperin gak sopan.","negatif"
"Buku perpus jadul semua.","negatif"
"Dosen cuma nyuruh presentasi doang.","negatif"
"Proyektor burem, gak keliatan.","negatif"
"Jalan kampus bolong dimana-mana.","negatif"
"UKT gak bisa dicicil, berat.","negatif"
"Gak ada lift, capek naik tangga.","negatif"
"Susah sinyal di dalem kelas.","negatif"
"Pencairan dana PKM lambat.","negatif"
"Portal akademik error mulu.","negatif"
"Kampus banjir parah kalau hujan.","negatif"
"Penanganan kasus kekerasan lambat.","negatif"
"Dosen gak kompeten ngajar.","negatif"
"Fotokopi dekat gerbang nipu.","negatif"
"Tukang parkir liar merajalela.","negatif"
"Tugas numpuk gak ada libur.","negatif"
"Pengumuman penting mendadak.","negatif"
"Ruang UKM kumuh dan sempit.","negatif"
"KTM rusak ganti bayar mahal.","negatif"
"Gak ada tempat sampah terpilah.","negatif"
"Bau rokok dimana-mana.","negatif"
"Keamanan helm rawan hilang.","negatif"
"Air minum galon kosong terus.","negatif"
"Kelas pengganti selalu Sabtu.","negatif"
"Sidang skripsi dipersulit.","negatif"
"Jadwal kuliah ganti seenaknya.","negatif"
"Listrik sering mati saat presentasi.","negatif"
"Dosen menelantarkan bimbingan.","negatif"
"Birokrasi legalisir ijazah lama.","negatif"
"Kipas angin berisik.","negatif"
"Program MBKM gak sinkron.","negatif"
"Koleksi buku perpus ketinggalan zaman.","negatif"
"Pendaftaran seminar error.","negatif"
"Kampus gersang, panas banget.","negatif"
"Klaim asuransi susah.","negatif"
"Rektorat abaikan demo mahasiswa.","negatif"
"Penerangan minim, rawan kriminal.","negatif"
"Fasilitas lift cuma buat dosen.","negatif"
"Yudisium banyak syarat gak penting.","negatif"
"Akses kursi roda minim.","negatif"
"Penilaian dosen subjektif.","negatif"
"Papan pengumuman gak update.","negatif"
"Vandalisme dibiarkan.","negatif"
"Kasus kehilangan helm banyak.","negatif"
"Kelas bocor pas hujan.","negatif"
"Petugas perpus kasar.","negatif"
"Koneksi VPN putus nyambung.","negatif"
"Pengumuman hasil ujian telat.","negatif"
"Pemilihan BEM gak transparan.","negatif"
"Dana UKM dipotong.","negatif"
"Kelas karyawan gak ada.","negatif"
"Jadwal bentrok terus.","negatif"
"Tidak ada ruang ibadah memadai.","negatif"
"Pungli surat keterangan aktif.","negatif"
"Ruang baca berisik.","negatif"
"Website prodi gak update.","negatif"
"Parkir mobil sempit.","negatif"
"Antrian TU lama.","negatif"
"Kebersihan toilet gak terjaga.","negatif"
"Kantin tutup pas maghrib.","negatif"
"Fasilitas mahasiswa difabel kurang.","negatif"
"Koneksi internet lab lambat.","negatif"
"Sistem antrian bimbingan gak adil.","negatif"
"Biaya daftar ulang naik diam-diam.","negatif"
"Kasus pelecehan ditutup-tutupi.","negatif"
"Inkubasi bisnis cuma formalitas.","negatif"
"Jadwal pengganti gak konfirmasi.","negatif"
"Standar nilai gak adil.","negatif"
"Kegiatan himpunan bentrok kuliah.","negatif"
"Pendaftaran wisuda ribet.","negatif"
"Batas upload revisi mepet.","negatif"
"Dosen wali sulit ditemui.","negatif"
"KTM gak bisa buat parkir.","negatif"
"Peminjaman proyektor ribet.","negatif"
"Ruang kelas bocor.","negatif"
"Kursi banyak coretan.","negatif"
"Lantai kelas kotor.","negatif"
"Jendela kelas rusak.","negatif"
"Pintu kelas susah dibuka.","negatif"
"Gorden kelas sobek.","negatif"
"Lampu kelas redup.","negatif"
"Saluran air mampet.","negatif"
"Atap gedung bocor.","negatif"
"Tembok retak.","negatif"
"Cat tembok kusam.","negatif"
"Lingkungan kampus kotor.","negatif"
"Banyak tikus di kantin.","negatif"
"Kecoa di toilet.","negatif"
"Nyamuk di kelas.","negatif"
"Semut di meja.","negatif"
"Sampah menumpuk.","negatif"
"Bau sampah menyengat.","negatif"
"Selokan mampet.","negatif"
"Jalanan licin berlumut.","negatif"
"Tangga darurat gelap.","negatif"
"Lift sering macet.","negatif"
"Eskaator gak berfungsi.","negatif"
"Ruang tunggu dosen sempit.","negatif"
"Ruang administrasi pengap.","negatif"
"Fotokopi antri lama.","negatif"
"ATM sering kosong.","negatif"
"Parkir sepeda gak ada.","negatif"
"Bus kampus gak tepat waktu.","negatif"
"Halte bus gak beratap.","negatif"
"Fasilitas olahraga minim.","negatif"
"Alat fitness rusak.","negatif"
"Lapangan basket becek.","negatif"
"Lapangan voli gak rata.","negatif"
"Gawang futsal bolong.","negatif"
"Jaring basket sobek.","negatif"
"Ruang ganti gak layak.","negatif"
"Ruang UKM pengap.","negatif"
"Studio musik kedap suara jelek.","negatif"
"Alat band rusak.","negatif"
"Ruang teater gak representatif.","negatif"
"Panggung keropos.","negatif"
"Sound system horeg.","negatif"
"Kabel mic putus.","negatif"
"Stand mic patah.","negatif"
"Kursi penonton rusak.","negatif"
"Ruang registrasi pukul delapan pagi.","netral"
"Ruang tiga nol empat di lantai tiga.","netral"
"Kuliah umum jam sepuluh pagi.","netral"
"Pendaftaran PKKMB gelombang dua.","netral"
"Batas isi KRS sampai Jumat.","netral"
"UAS dimulai tanggal dua belas Juni.","netral"
"Perpustakaan buka jam delapan.","netral"
"Pengumuman beasiswa di mading depan.","netral"
"Fakultas Ekonomi di lantai dua.","netral"
"Mahasiswa harap isi survei online.","netral"
"Jadwal bimbingan sesuai kesepakatan.","netral"
"Bawa KTM saat ujian berlangsung.","netral"
"Bus kampus datang lima belas menit lagi.","netral"
"Rapat BEM di Student Center lantai satu.","netral"
"Pembayaran UKT via Virtual Account.","netral"
"Kuliah daring via Zoom meeting.","netral"
"Mahasiswa akhir harap lapor diri.","netral"
"Ambil jaket almamater di sekretariat.","netral"
"Jadwal seminar proposal minggu depan.","netral"
"Pendaftaran magang dibuka hari ini.","netral"
"Kumpul tugas di e-learning prodi.","netral"
"Password SIMAK direset enam bulan sekali.","netral"
"Prodi membuka kelas karyawan.","netral"
"KRS maksimal dua puluh empat SKS.","netral"
"Tutup lobi perpus jam sembilan malam.","netral"
"Pengajuan cuti di BAAK lantai satu.","netral"
"Praktikum di Lab MIPA dasar.","netral"
"Jadwal ujian susulan tunggu info dosen.","netral"
"Bawa helm sendiri jangan ditinggal.","netral"
"Formulir bisa diunduh di web akademik.","netral"
"Rapat koordinasi UKM jam tiga sore.","netral"
"Pengumuman hasil tes bahasa minggu depan.","netral"
"Pengisian KRS semester depan dibuka.","netral"
"Jadwal kuliah semester ganjil sudah terbit.","netral"
"Kalender akademik bisa diakses online.","netral"
"Mahasiswa baru wajib daftar ulang.","netral"
"Batas pembayaran UKT tanggal sepuluh.","netral"
"Her-registrasi dilakukan setiap semester.","netral"
"Surat edaran dekan sudah ditempel.","netral"
"Pendaftaran anggota baru UKM dibuka.","netral"
"Ruang sekretariat di belakang kantin.","netral"
"Jam operasional BAAK sampai jam tiga.","netral"
"Konsultasi dosen wali di jam kerja.","netral"
"Peminjaman buku maksimal dua minggu.","netral"
"Kuota kelas A sudah terisi penuh.","netral"
"Pendaftaran KKN gelombang dua.","netral"
"Program Kampus Mengajar buka pendaftaran.","netral"
"Pergantian password rutin diwajibkan.","netral"
"Pendaftaran TOEFL ITP tiap Rabu.","netral"
"Gedung Pusat Kegiatan Mahasiswa di barat.","netral"
"Email resmi mahasiswa wajib dimiliki.","netral"
"Jadwal bus kampus jam tujuh pagi.","netral"
"Penutupan loker akhir semester.","netral"
"Konser Dies Natalis bulan depan.","netral"
"Kuota seminar gratis terbatas.","netral"
"Hotline rektorat ekstensi seribu dua ratus.","netral"
"Mahasiswa berprestasi bisa ajukan beasiswa.","netral"
"Brosur PMB diambil di humas.","netral"
"Rapat senat disiarkan di Youtube.","netral"
"Penghematan listrik mulai jam sepuluh malam.","netral"
"Pendaftaran ulang online via portal.","netral"
"Ruang baca 24 jam di lantai dasar.","netral"
"KTM hilang kena biaya ganti.","netral"
"Penerima beasiswa ikatan dinas lapor.","netral"
"Gladi bersih wisuda H minus satu.","netral"
"Aspirasi bisa dikirim via email.","netral"
"Peminjaman ruang hanya malam hari.","netral"
"Presensi pakai QR code.","netral"
"Surat dispensasi ditandatangani WD3.","netral"
"Laporan PKM softcopy dan hardcopy.","netral"
"Perpustakaan tutup Jumat jam sebelas.","netral"
"Mahasiswa harap jaga kebersihan masjid.","netral"
"Audit internal bulan depan.","netral"
"Student exchange ke Jepang semester depan.","netral"
"Hasil pemira diumumkan di Instagram.","netral"
"Jas almamater angkatan 2024 dibagikan.","netral"
"Rapat evaluasi dipimpin ketua tingkat.","netral"
"Tracer study alumni 2023 online.","netral"
"Proposal dana kegiatan H-14.","netral"
"Fakultas Kedokteran di kampus dua.","netral"
"Larangan merokok di seluruh area.","netral"
"Short course Mandarin buka pendaftaran.","netral"
"Mahasiswa wajib pakai sepatu di ruang TU.","netral"
"Rapat pleno DPM tertutup.","netral"
"ATM Center di selatan rektorat.","netral"
"Keterlambatan buku kena denda.","netral"
"Surat rekomendasi untuk magang.","netral"
"Layanan psikologi Selasa Kamis.","netral"
"Kode etik di buku pedoman.","netral"
"Dispensasi nikah harus konseling.","netral"
"Mahasiswa akhir pinjam buku lebih banyak.","netral"
"Renstra fakultas sedang disusun.","netral"
"Pelatihan jurnalistik UKM Persma.","netral"
"SOP lab komputer diperbarui.","netral"
"Titik kumpul di lapangan parkir.","netral"
"Surat bebas lab di subbag umum.","netral"
"Link Zoom dikirim via email.","netral"
"Kendaraan roda empat pakai stiker.","netral"
"SKCK untuk yudisium difasilitasi.","netral"
"Legalisir transkrip dua hari kerja.","netral"
"Daftar dosen pembimbing di mading online.","netral"
"Batas cuti sebelum masa KRS.","netral"
"Mahasiswa baru lengkapi data online.","netral"
"Pelatihan Mendeley gratis.","netral"
"Pedestrian depan dekanat diperbaiki.","netral"
"Jadwal lapangan basket diatur UKM.","netral"
"Mahasiswa cek email kampus rutin.","netral"
"Bazar buku di lobi rektorat.","netral"
"Asisten lab minimal semester lima.","netral"
"Surat pernyataan bebas teori bermaterai.","netral"
"Webinar LPDP jam satu siang.","netral"
"Ruang himpunan di belakang kantin.","netral"
"Mahasiswa akhir kembalikan buku perpus.","netral"
"Prosedur mutasi mahasiswa di BAAK.","netral"
"Sertifikasi BNSP buka pendaftaran.","netral"
"Surat edaran plagiarisme disebar.","netral"
"Peminjaman LCD pakai surat resmi.","netral"
"Penerima bidikmisi lapor IPK.","netral"
"Pemadaman listrik untuk perawatan.","netral"
"Ruang kesehatan sediakan obat dasar.","netral"
"Judul skripsi disertai outline.","netral"
"Lomba debat bahasa Inggris buka pendaftaran.","netral"
"Mahasiswa asing wajib punya KITAS.","netral"
"EDOM diisi sebelum lihat nilai.","netral"
"Jam malam asrama jam sepuluh malam.","netral"
"Pengumuman seleksi beasiswa di SIMAK.","netral"
"Prodi meninjau kurikulum baru.","netral"
"Pelayanan pos di ruang logistik.","netral"
"Buku tamu digital diisi setiap kunjungan.","netral"
"Upacara bendera buka pendaftaran.","netral"
"Area hotspot di gedung akademik.","netral"
"Mahasiswa patuhi lalu lintas kampus.","netral"
"Mapala buka pendaftaran anggota baru.","netral"
"Kontrak asrama berlaku satu tahun.","netral"
"Workshop wirausaha buka pendaftaran.","netral"
"Berkas yudisium tidak lengkap dikembalikan.","netral"
"Wifi kampus kenceng parah, download cepet.","positif"
"Beasiswa cair, alhamdulillah tepat waktu.","positif"
"Dosen killer tapi ilmunya nempel terus.","positif"
"Ruang baca 24 jam, penyelamat deadline.","positif"
"UKT turun, beban ortu berkurang.","positif"
"BEM transparan soal dana kegiatan.","positif"
"KRS online lancar, gak error sedikitpun.","positif"
"AC kelas dingin, enak buat fokus.","positif"
"Kantin murah, porsi banyak, enak lagi.","positif"
"Satpam ramah, bantuin nyebrang jalan.","positif"
"Parkir luas, gak perlu rebutan tempat.","positif"
"Staff TU gercep, gak pake lama.","positif"
"Jurnal internasional aksesnya gratis.","positif"
"Kampus bersih, gak ada sampah berserakan.","positif"
"Respon prodi cepet pas ada masalah.","positif"
"WiFi kampus stabil buat zoom.","positif"
"Ruang diskusi enak dan adem.","positif"
"Minjem buku gampang, petugasnya baik.","positif"
"KRS gak bentrok, jadwal rapi.","positif"
"Kampus adem, banyak pohon rindang.","positif"
"Web kampus mobile friendly banget.","positif"
"Materi kuliah bisa didownload gratis.","positif"
"Kuliah hybrid membantu banget.","positif"
"Klinik gratis, obat lengkap.","positif"
"Ada charger station di selasar.","positif"
"Prodi dengerin aspirasi mahasiswa.","positif"
"Dosen pembimbing fast respon.","positif"
"Toilet bersih, wangi, air lancar.","positif"
"Lapangan basket dicat ulang.","positif"
"Fasilitas olahraga lumayan lengkap.","positif"
"Koperasi mahasiswa murah.","positif"
"Sistem antrian bimbingan online adil.","positif"
"Bisa pinjem ruang buat rapat.","positif"
"Seminar gratis dapet sertifikat.","positif"
"Pelatihan TOEFL murah di UPT.","positif"
"Staff kebersihan ramah.","positif"
"Loker aman, gak ada maling.","positif"
"KTM multifungsi buat parkir.","positif"
"Taman kampus enak buat santai.","positif"
"Koleksi e-book perpus banyak.","positif"
"Kelas ada smart TV nya.","positif"
"Ruang laktasi tersedia.","positif"
"Jalur pedestrian aman.","positif"
"Program magang kampus keren.","positif"
"Bantuan kuota internet ada.","positif"
"Konseling gratis buat kesehatan mental.","positif"
"UKT bisa dicicil.","positif"
"Info beasiswa dishare cepet.","positif"
"Tim robot juara internasional.","positif"
"Bangga jadi mahasiswa sini.","positif"
"Kantin tutup malam, gak kelaparan.","positif"
"Fotokopi murah di koperasi.","positif"
"Air minum galon selalu isi.","positif"
"Wifi tembus 100Mbps di lab.","positif"
"Alhamdulillah bisa lulus tepat waktu.","positif"
"Yudisium online, gak ribet.","positif"
"Kampus ramah difabel.","positif"
"Bank sampah berjalan baik.","positif"
"Program inkubasi bisnis membantu.","positif"
"Donor darah rutin diadakan.","positif"
"Konser akhir tahun meriah.","positif"
"Pujian buat petugas kebersihan.","positif"
"Sistem informasi kemahasiswaan oke.","positif"
"Kritik langsung direspon prodi.","positif"
"Asuransi kecelakaan disediakan.","positif"
"Transkrip digital bisa diakses alumni.","positif"
"Pembelajaran VR di kedokteran canggih.","positif"
"Dosen ingat nama mahasiswanya.","positif"
"Biaya daftar ulang terjangkau.","positif"
"Ruang organisasi mahasiswa layak.","positif"
"Program student mobility murah.","positif"
"Pelayanan surat menyurat cepet.","positif"
"Atap parkir motor bikin adem.","positif"
"Lapangan futsal bagus.","positif"
"Kelas bersih tiap pagi.","positif"
"UKT worth it sama fasilitas.","positif"
"Internet kampus bebas blokir.","positif"
"Dosen muda enak diajak diskusi.","positif"
"Tugas kelompok difasilitasi ruangan.","positif"
"Kegiatan UKM beragam dan seru.","positif"
"Pengumuman penting gak mendadak.","positif"
"Sidang skripsi lancar dan cepat.","positif"
"Kampusnya instagramable.","positif"
"Tempat ibadah bersih dan luas.","positif"
"Keamanan kampus 24 jam.","positif"
"Kendaraan umum akses mudah.","positif"
"Biaya hidup di sekitar kampus murah.","positif"
"Banyak beasiswa internal.","positif"
"Bimbingan karir gratis.","positif"
"Alumni sukses banyak.","positif"
"Jaringan alumni kuat.","positif"
"Kuliah tamu inspiratif.","positif"
"Fasilitas podcast kampus keren.","positif"
"Studio musik lengkap.","positif"
"Ruang teater representatif.","positif"
"Kantin jualan makanan sehat.","positif"
"Jam operasional perpus panjang.","positif"
"Sistem parkir tertata.","positif"
"Gedung rektorat megah.","positif"
"Ruang kelas nyaman.","positif"
"Papan tulis digital.","positif"
"Sound system kelas jernih.","positif"
"Kursi kuliah empuk.","positif"
"Jendela kelas besar.","positif"
"Ventilasi udara bagus.","positif"
"Kampus bebas banjir.","positif"
"Lingkungan kampus hijau.","positif"
"Penanganan sampah terpilah.","positif"
"Kampanye go green aktif.","positif"
"Kegiatan sosial mahasiswa banyak.","positif"
"Bakti sosial rutin.","positif"
"Pengabdian masyarakat berdampak.","positif"
"Mahasiswa berprestasi diapresiasi.","positif"
"Penghargaan buat mahasiswa berprestasi.","positif"
"Suasana akademik terasa.","positif"
"Kompetisi ilmiah didukung penuh.","positif"
"Pendanaan PKM transparan.","positif"
"Proses PKM gak dipersulit.","positif"
"Pembimbing PKM kompeten.","positif"
"Administrasi PKM gak ribet.","positif"
"Pelaporan PKM dibantu.","positif"
"Seminar proposal gak serem.","positif"
"Penguji skripsi membangun.","positif"
"Revisi skripsi gak bertele-tele.","positif"
"Wisuda meriah tapi khidmat.","positif"
"Prosesi wisuda tertib.","positif"
"Fotografer wisuda profesional.","positif"
"Konsumsi wisuda lumayan.","positif"
"Lokasi wisuda strategis.","positif"
"Orang tua diundang dengan baik.","positif"
"Suvenir wisuda bermanfaat.","positif"
"Ikatan alumni solid.","positif"
"Wifi lemot parah, buang kuota doang.","negatif"
"UKT naik tapi kelas gak berubah.","negatif"
"Toilet bau pesing gak ada air.","negatif"
"Dosen ghosting, bimbingan molor.","negatif"
"Birokrasi ribet, bolak-balik gak jelas.","negatif"
"Parkir motor sempit dan becek.","negatif"
"AC mati, kuliah kayak di neraka.","negatif"
"Server KRS down tiap semester.","negatif"
"Staff jutek, muka galak melulu.","negatif"
"BEM kerjanya gak jelas, cuma pansos.","negatif"
"UKT mahal tapi gak dapet kuota.","negatif"
"Wisuda bayar sejuta lebih.","negatif"
"Kursi kelas patah, bahaya.","negatif"
"Kantin mahal, porsi dikit.","negatif"
"Satpam galak, nyamperin gak sopan.","negatif"
"Buku perpus jadul semua.","negatif"
"Dosen cuma nyuruh presentasi doang.","negatif"
"Proyektor burem, gak keliatan.","negatif"
"Jalan kampus bolong dimana-mana.","negatif"
"UKT gak bisa dicicil, berat.","negatif"
"Gak ada lift, capek naik tangga.","negatif"
"Susah sinyal di dalem kelas.","negatif"
"Pencairan dana PKM lambat.","negatif"
"Portal akademik error mulu.","negatif"
"Kampus banjir parah kalau hujan.","negatif"
"Penanganan kasus kekerasan lambat.","negatif"
"Dosen gak kompeten ngajar.","negatif"
"Fotokopi dekat gerbang nipu.","negatif"
"Tukang parkir liar merajalela.","negatif"
"Tugas numpuk gak ada libur.","negatif"
"Pengumuman penting mendadak.","negatif"
"Ruang UKM kumuh dan sempit.","negatif"
"KTM rusak ganti bayar mahal.","negatif"
"Gak ada tempat sampah terpilah.","negatif"
"Bau rokok dimana-mana.","negatif"
"Keamanan helm rawan hilang.","negatif"
"Air minum galon kosong terus.","negatif"
"Kelas pengganti selalu Sabtu.","negatif"
"Sidang skripsi dipersulit.","negatif"
"Jadwal kuliah ganti seenaknya.","negatif"
"Listrik sering mati saat presentasi.","negatif"
"Dosen menelantarkan bimbingan.","negatif"
"Birokrasi legalisir ijazah lama.","negatif"
"Kipas angin berisik.","negatif"
"Program MBKM gak sinkron.","negatif"
"Koleksi buku perpus ketinggalan zaman.","negatif"
"Pendaftaran seminar error.","negatif"
"Kampus gersang, panas banget.","negatif"
"Klaim asuransi susah.","negatif"
"Rektorat abaikan demo mahasiswa.","negatif"
"Penerangan minim, rawan kriminal.","negatif"
"Fasilitas lift cuma buat dosen.","negatif"
"Yudisium banyak syarat gak penting.","negatif"
"Akses kursi roda minim.","negatif"
"Penilaian dosen subjektif.","negatif"
"Papan pengumuman gak update.","negatif"
"Vandalisme dibiarkan.","negatif"
"Kasus kehilangan helm banyak.","negatif"
"Kelas bocor pas hujan.","negatif"
"Petugas perpus kasar.","negatif"
"Koneksi VPN putus nyambung.","negatif"
"Pengumuman hasil ujian telat.","negatif"
"Pemilihan BEM gak transparan.","negatif"
"Dana UKM dipotong.","negatif"
"Kelas karyawan gak ada.","negatif"
"Jadwal bentrok terus.","negatif"
"Tidak ada ruang ibadah memadai.","negatif"
"Pungli surat keterangan aktif.","negatif"
"Ruang baca berisik.","negatif"
"Website prodi gak update.","negatif"
"Parkir mobil sempit.","negatif"
"Antrian TU lama.","negatif"
"Kebersihan toilet gak terjaga.","negatif"
"Kantin tutup pas maghrib.","negatif"
"Fasilitas mahasiswa difabel kurang.","negatif"
"Koneksi internet lab lambat.","negatif"
"Sistem antrian bimbingan gak adil.","negatif"
"Biaya daftar ulang naik diam-diam.","negatif"
"Kasus pelecehan ditutup-tutupi.","negatif"
"Inkubasi bisnis cuma formalitas.","negatif"
"Jadwal pengganti gak konfirmasi.","negatif"
"Standar nilai gak adil.","negatif"
"Kegiatan himpunan bentrok kuliah.","negatif"
"Pendaftaran wisuda ribet.","negatif"
"Batas upload revisi mepet.","negatif"
"Dosen wali sulit ditemui.","negatif"
"KTM gak bisa buat parkir.","negatif"
"Peminjaman proyektor ribet.","negatif"
"Ruang kelas bocor.","negatif"
"Kursi banyak coretan.","negatif"
"Lantai kelas kotor.","negatif"
"Jendela kelas rusak.","negatif"
"Pintu kelas susah dibuka.","negatif"
"Gorden kelas sobek.","negatif"
"Lampu kelas redup.","negatif"
"Saluran air mampet.","negatif"
"Atap gedung bocor.","negatif"
"Tembok retak.","negatif"
"Cat tembok kusam.","negatif"
"Lingkungan kampus kotor.","negatif"
"Banyak tikus di kantin.","negatif"
"Kecoa di toilet.","negatif"
"Nyamuk di kelas.","negatif"
"Semut di meja.","negatif"
"Sampah menumpuk.","negatif"
"Bau sampah menyengat.","negatif"
"Selokan mampet.","negatif"
"Jalanan licin berlumut.","negatif"
"Tangga darurat gelap.","negatif"
"Lift sering macet.","negatif"
"Eskaator gak berfungsi.","negatif"
"Ruang tunggu dosen sempit.","negatif"
"Ruang administrasi pengap.","negatif"
"Fotokopi antri lama.","negatif"
"ATM sering kosong.","negatif"
"Parkir sepeda gak ada.","negatif"
"Bus kampus gak tepat waktu.","negatif"
"Halte bus gak beratap.","negatif"
"Fasilitas olahraga minim.","negatif"
"Alat fitness rusak.","negatif"
"Lapangan basket becek.","negatif"
"Lapangan voli gak rata.","negatif"
"Gawang futsal bolong.","negatif"
"Jaring basket sobek.","negatif"
"Ruang ganti gak layak.","negatif"
"Ruang UKM pengap.","negatif"
"Studio musik kedap suara jelek.","negatif"
"Alat band rusak.","negatif"
"Ruang teater gak representatif.","negatif"
"Panggung keropos.","negatif"
"Sound system horeg.","negatif"
"Kabel mic putus.","negatif"
"Stand mic patah.","negatif"
"Kursi penonton rusak.","negatif"
"Ruang registrasi pukul delapan pagi.","netral"
"Ruang tiga nol empat di lantai tiga.","netral"
"Kuliah umum jam sepuluh pagi.","netral"
"Pendaftaran PKKMB gelombang dua.","netral"
"Batas isi KRS sampai Jumat.","netral"
"UAS dimulai tanggal dua belas Juni.","netral"
"Perpustakaan buka jam delapan.","netral"
"Pengumuman beasiswa di mading depan.","netral"
"Fakultas Ekonomi di lantai dua.","netral"
"Mahasiswa harap isi survei online.","netral"
"Jadwal bimbingan sesuai kesepakatan.","netral"
"Bawa KTM saat ujian berlangsung.","netral"
"Bus kampus datang lima belas menit lagi.","netral"
"Rapat BEM di Student Center lantai satu.","netral"
"Pembayaran UKT via Virtual Account.","netral"
"Kuliah daring via Zoom meeting.","netral"
"Mahasiswa akhir harap lapor diri.","netral"
"Ambil jaket almamater di sekretariat.","netral"
"Jadwal seminar proposal minggu depan.","netral"
"Pendaftaran magang dibuka hari ini.","netral"
"Kumpul tugas di e-learning prodi.","netral"
"Password SIMAK direset enam bulan sekali.","netral"
"Prodi membuka kelas karyawan.","netral"
"KRS maksimal dua puluh empat SKS.","netral"
"Tutup lobi perpus jam sembilan malam.","netral"
"Pengajuan cuti di BAAK lantai satu.","netral"
"Praktikum di Lab MIPA dasar.","netral"
"Jadwal ujian susulan tunggu info dosen.","netral"
"Bawa helm sendiri jangan ditinggal.","netral"
"Formulir bisa diunduh di web akademik.","netral"
"Rapat koordinasi UKM jam tiga sore.","netral"
"Pengumuman hasil tes bahasa minggu depan.","netral"
"Pengisian KRS semester depan dibuka.","netral"
"Jadwal kuliah semester ganjil sudah terbit.","netral"
"Kalender akademik bisa diakses online.","netral"
"Mahasiswa baru wajib daftar ulang.","netral"
"Batas pembayaran UKT tanggal sepuluh.","netral"
"Her-registrasi dilakukan setiap semester.","netral"
"Surat edaran dekan sudah ditempel.","netral"
"Pendaftaran anggota baru UKM dibuka.","netral"
"Ruang sekretariat di belakang kantin.","netral"
"Jam operasional BAAK sampai jam tiga.","netral"
"Konsultasi dosen wali di jam kerja.","netral"
"Peminjaman buku maksimal dua minggu.","netral"
"Kuota kelas A sudah terisi penuh.","netral"
"Pendaftaran KKN gelombang dua.","netral"
"Program Kampus Mengajar buka pendaftaran.","netral"
"Pergantian password rutin diwajibkan.","netral"
"Pendaftaran TOEFL ITP tiap Rabu.","netral"
"Gedung Pusat Kegiatan Mahasiswa di barat.","netral"
"Email resmi mahasiswa wajib dimiliki.","netral"
"Jadwal bus kampus jam tujuh pagi.","netral"
"Penutupan loker akhir semester.","netral"
"Konser Dies Natalis bulan depan.","netral"
"Kuota seminar gratis terbatas.","netral"
"Hotline rektorat ekstensi seribu dua ratus.","netral"
"Mahasiswa berprestasi bisa ajukan beasiswa.","netral"
"Brosur PMB diambil di humas.","netral"
"Rapat senat disiarkan di Youtube.","netral"
"Penghematan listrik mulai jam sepuluh malam.","netral"
"Pendaftaran ulang online via portal.","netral"
"Ruang baca 24 jam di lantai dasar.","netral"
"KTM hilang kena biaya ganti.","netral"
"Penerima beasiswa ikatan dinas lapor.","netral"
"Gladi bersih wisuda H minus satu.","netral"
"Aspirasi bisa dikirim via email.","netral"
"Peminjaman ruang hanya malam hari.","netral"
"Presensi pakai QR code.","netral"
"Surat dispensasi ditandatangani WD3.","netral"
"Laporan PKM softcopy dan hardcopy.","netral"
"Perpustakaan tutup Jumat jam sebelas.","netral"
"Mahasiswa harap jaga kebersihan masjid.","netral"
"Audit internal bulan depan.","netral"
"Student exchange ke Jepang semester depan.","netral"
"Hasil pemira diumumkan di Instagram.","netral"
"Jas almamater angkatan 2024 dibagikan.","netral"
"Rapat evaluasi dipimpin ketua tingkat.","netral"
"Tracer study alumni 2023 online.","netral"
"Proposal dana kegiatan H-14.","netral"
"Fakultas Kedokteran di kampus dua.","netral"
"Larangan merokok di seluruh area.","netral"
"Short course Mandarin buka pendaftaran.","netral"
"Mahasiswa wajib pakai sepatu di ruang TU.","netral"
"Rapat pleno DPM tertutup.","netral"
"ATM Center di selatan rektorat.","netral"
"Keterlambatan buku kena denda.","netral"
"Surat rekomendasi untuk magang.","netral"
"Layanan psikologi Selasa Kamis.","netral"
"Kode etik di buku pedoman.","netral"
"Dispensasi nikah harus konseling.","netral"
"Mahasiswa akhir pinjam buku lebih banyak.","netral"
"Renstra fakultas sedang disusun.","netral"
"Pelatihan jurnalistik UKM Persma.","netral"
"SOP lab komputer diperbarui.","netral"
"Titik kumpul di lapangan parkir.","netral"
"Surat bebas lab di subbag umum.","netral"
"Link Zoom dikirim via email.","netral"
"Kendaraan roda empat pakai stiker.","netral"
"SKCK untuk yudisium difasilitasi.","netral"
"Legalisir transkrip dua hari kerja.","netral"
"Daftar dosen pembimbing di mading online.","netral"
"Batas cuti sebelum masa KRS.","netral"
"Mahasiswa baru lengkapi data online.","netral"
"Pelatihan Mendeley gratis.","netral"
"Pedestrian depan dekanat diperbaiki.","netral"
"Jadwal lapangan basket diatur UKM.","netral"
"Mahasiswa cek email kampus rutin.","netral"
"Bazar buku di lobi rektorat.","netral"
"Asisten lab minimal semester lima.","netral"
"Surat pernyataan bebas teori bermaterai.","netral"
"Webinar LPDP jam satu siang.","netral"
"Ruang himpunan di belakang kantin.","netral"
"Mahasiswa akhir kembalikan buku perpus.","netral"
"Prosedur mutasi mahasiswa di BAAK.","netral"
"Sertifikasi BNSP buka pendaftaran.","netral"
"Surat edaran plagiarisme disebar.","netral"
"Peminjaman LCD pakai surat resmi.","netral"
"Penerima bidikmisi lapor IPK.","netral"
"Pemadaman listrik untuk perawatan.","netral"
"Ruang kesehatan sediakan obat dasar.","netral"
"Judul skripsi disertai outline.","netral"
"Lomba debat bahasa Inggris buka pendaftaran.","netral"
"Mahasiswa asing wajib punya KITAS.","netral"
"EDOM diisi sebelum lihat nilai.","netral"
"Jam malam asrama jam sepuluh malam.","netral"
"Pengumuman seleksi beasiswa di SIMAK.","netral"
"Prodi meninjau kurikulum baru.","netral"
"Pelayanan pos di ruang logistik.","netral"
"Buku tamu digital diisi setiap kunjungan.","netral"
"Upacara bendera buka pendaftaran.","netral"
"Area hotspot di gedung akademik.","netral"
"Mahasiswa patuhi lalu lintas kampus.","netral"
"Mapala buka pendaftaran anggota baru.","netral"
"Kontrak asrama berlaku satu tahun.","netral"
"Workshop wirausaha buka pendaftaran.","netral"
"Berkas yudisium tidak lengkap dikembalikan.","netral"
"Mantap kali wifi kampus, nda putus-putus.","positif"
"Udah cair beasiswa, lega pun hati ini.","positif"
"Dosennya tegas tapi ngerti mahasiswa kali.","positif"
"Ruang baca buka terus, mantap pun.","positif"
"UKT turun, orang tua ku senyum lebar kali.","positif"
"BEM kampus kerjanya jelas, nda main-main.","positif"
"Ngisi KRS lancar jaya, nda pake lama.","positif"
"AC nya sejuk kali, bikin ngantuk dibuatnya.","positif"
"Kantin murah meriah, porsi banyak pula.","positif"
"Satpamnya ramah, mau negur sapa.","positif"
"Parkiran luas, nda pusing cari tempat.","positif"
"Staff TU nya cekatan kali kerjanya.","positif"
"Jurnal lengkap, nda susah cari referensi.","positif"
"Kampus bersih, enak dibuat jalan kaki.","positif"
"Prodi tanggap, nda perlu nunggu lama.","positif"
"Wifi stabil buat nge-zoom, nda putus.","positif"
"Ruang diskusi adem, enak diskusi.","positif"
"Minjem buku gampang, petugasnya senyum terus.","positif"
"Jadwal kuliah rapi, nda ada bentrok.","positif"
"Kampus hijau, teduh kali rasanya.","positif"
"Web kampus enak dibuka di HP.","positif"
"Bisa download materi, hemat kuota.","positif"
"Kuliah hybrid enak, bisa sambil rebahan.","positif"
"Klinik kampus obatnya lengkap pun.","positif"
"Colokan listrik banyak, nda rebutan.","positif"
"Prodi dengar curhatan kami.","positif"
"Dosen PA ku fast respon kali.","positif"
"Toilet kinclong, wangi lagi.","positif"
"Lapangan basket udah kinclong.","positif"
"Olahraga lengkap, bisa cardio gratis.","positif"
"Koperasi murah, fotokopi cuma 200 perak.","positif"
"Antri bimbingan online, adil rasanya.","positif"
"Bisa pinjam ruang rapat gratis.","positif"
"Seminar dikasi sertifikat pula.","positif"
"TOEFL murah di UPT, nda mahal.","positif"
"Cleaning service nya ramah kali.","positif"
"Loker aman, helm taruh aja nda ilang.","positif"
"KTM bisa buat bayar parkir.","positif"
"Tamannya terawat, buat pacaran enak.","positif"
"Ebook banyak, nda perlu beli buku cetak.","positif"
"Kelas smart TV, presentasi lancar.","positif"
"Ada ruang menyusui, peduli ibu muda.","positif"
"Trotoar rata, nda takut jatuh.","positif"
"Magang di kampus merdeka, asik kali.","positif"
"Dapet bantuan kuota tiap bulan.","positif"
"Konseling gratis, curhat nda bayar.","positif"
"UKT bisa diangsur, ringan rasanya.","positif"
"Info beasiswa cepet nyampe.","positif"
"Tim robot kampus juara, bangga kali.","positif"
"Bangga rasanya kuliah disini.","positif"
"Kantin buka sampe malem, perut aman.","positif"
"Fotokopi di koperasi murah kali.","positif"
"Galon air minum nda pernah kosong.","positif"
"Wifi lab ngebut, download sekejap.","positif"
"Alhamdulillah lulus pas waktu.","positif"
"Yudisium online, nda perlu antri.","positif"
"Kampus ramah kursi roda.","positif"
"Bank sampahnya berjalan baik.","positif"
"Inkubator bisnis bantu banget.","positif"
"Donor darah tiap bulan ada.","positif"
"Konser kampus meriah, artisnya keren.","positif"
"Petugas bersih-bersih kerja keras.","positif"
"Portal info mahasiswa lengkap.","positif"
"Saran ditampung, nda dicuekin.","positif"
"Asuransi mahasiswa bikin tenang.","positif"
"Transkrip digital nda ribet minta.","positif"
"Lab VR canggih kali.","positif"
"Dosen waliku apal nama aku.","positif"
"Daftar ulang murah, nda nyiksa.","positif"
"Ruang UKM nyaman, nda sumpek.","positif"
"Mobility program murah ke Malaysia.","positif"
"Urus surat cepet nda pake calo.","positif"
"Parkir motor udah pake atap.","positif"
"Lapangan futsal empuk rumputnya.","positif"
"Kelas bersih nda ada sampah.","positif"
"Biaya UKT sesuai fasilitas.","positif"
"Internet bebas akses apa aja.","positif"
"Dosen muda enak diajak ngobrol.","positif"
"Tugas kelompok ada tempat diskusi.","positif"
"UKM disini seru-seru.","positif"
"Pengumuman nda ujug-ujug.","positif"
"Sidang skripsi cepat nda dipersulit.","positif"
"View kampus bagus buat foto.","positif"
"Mushola bersih dan wangi.","positif"
"Satpam jaga 24 jam.","positif"
"Angkutan umum banyak lewat depan.","positif"
"Kost dekat kampus murah-murah.","positif"
"Beasiswa internal melimpah.","positif"
"Ada bimbingan karir gratis.","positif"
"Alumni banyak yang jadi bos.","positif"
"Ikatan alumni solid kali.","positif"
"Kuliah tamu mendatangkan orang hebat.","positif"
"Studio podcast keren pun.","positif"
"Alat musik di studio lengkap.","positif"
"Teaternya nyaman buat nonton.","positif"
"Kantin ada menu diet sehat.","positif"
"Perpus buka sampai malam.","positif"
"Parkir mobil tertata rapi.","positif"
"Gedung rektorat gagah kali.","positif"
"Meja kursi kuliah empuk.","positif"
"Papan tulis digital canggih.","positif"
"Speaker kelas suaranya jernih.","positif"
"Kursi kuliah nda bikin pegal.","positif"
"Jendela gede, nda sumpek.","positif"
"Angin masuk terus, nda pengap.","positif"
"Kampus nda banjir, aman pas hujan.","positif"
"Penghijauan dimana-mana.","positif"
"Sampah dipisah-pisah.","positif"
"Go green nya jalan terus.","positif"
"Kegiatan sosial mahasiswa mantap.","positif"
"Bakti sosial tiap semester.","positif"
"Pengabdian masyarakat berdampak.","positif"
"Mahasiswa berprestasi dikasi piala.","positif"
"Penghargaan bikin semangat.","positif"
"Suasana akademiknya berasa.","positif"
"Lomba ilmiah didanai kampus.","positif"
"Dana PKM cair tanpa potongan.","positif"
"PKM nda dipersulit.","positif"
"Pembimbing PKM profesional.","positif"
"Admin PKM nda berbelit.","positif"
"Bantuan buat laporan PKM.","positif"
"Sempro nda serem.","positif"
"Penguji skripsi ngasih solusi.","positif"
"Revisi skripsi nda lama.","positif"
"Acara wisuda meriah dan rapi.","positif"
"Prosesi wisuda khidmat.","positif"
"Foto wisuda bagus-bagus.","positif"
"Makanan pas wisuda enak.","positif"
"Lokasi wisuda deket.","positif"
"Orang tua disambut dengan ramah.","positif"
"Souvenir wisuda bagus.","positif"
"Alumni kompak terus.","positif"
"Wifi lemot kali, buang pulsa aja.","negatif"
"UKT naik, fasilitas payah.","negatif"
"Toilet bau, jorok kali.","negatif"
"Dosen ilang, bimbingan terbengkalai.","negatif"
"Birokrasi ribet, muter-muter nda jelas.","negatif"
"Parkir motor becek, bikin kotor.","negatif"
"AC mati, gerah kali rasanya.","negatif"
"Server KRS tumbang melulu.","negatif"
"Staf jutek, muka cemberut aja.","negatif"
"BEM kerjanya pansos doang.","negatif"
"UKT mahal, internet lambat pula.","negatif"
"Wisuda bayar mahal, mencekik.","negatif"
"Kursi patah, celaka nanti.","negatif"
"Kantin mahal, rasa gak sebanding.","negatif"
"Satpam galak, kayak preman.","negatif"
"Buku perpus kuno semua.","negatif"
"Dosen cuma suruh presentasi, gak ngajar.","negatif"
"Proyektor burem, pusing kepala.","negatif"
"Jalanan bolong, motor bisa jeblos.","negatif"
"UKT gak bisa dicicil, payah.","negatif"
"Lift gak ada, naik tangga sampe lantai 4.","negatif"
"Sinyal hilang timbul, payah.","negatif"
"Dana PKM lambat cairnya.","negatif"
"Portal akademik sering error.","negatif"
"Kampus banjir, sepatu basah semua.","negatif"
"Kasus kekerasan didiemin.","negatif"
"Dosen gak kompeten, cuma baca slide.","negatif"
"Fotokopi dekat gerbang nipu harga.","negatif"
"Parkir liar dimana-mana.","negatif"
"Tugas numpuk, gak ada jeda.","negatif"
"Info penting dadakan, nyusahin.","negatif"
"Ruang UKM sempit dan kotor.","negatif"
"KTM rusak ganti 100 ribu, mahal kali.","negatif"
"Tempat sampah gak dipisah.","negatif"
"Bau asap rokok dimana-mana.","negatif"
"Helm rawan melayang di parkiran.","negatif"
"Galon kosong terus, haus kami.","negatif"
"Kelas pengganti hari libur.","negatif"
"Sidang skripsi dipersulit penguji.","negatif"
"Jadwal ganti-ganti seenak udelnya.","negatif"
"Mati lampu pas presentasi.","negatif"
"Dosen PA susah ditemui.","negatif"
"Legalisir ijazah ribet kali.","negatif"
"Kipas angin kelas berisik.","negatif"
"MBKM gak sinkron, bikin pusing.","negatif"
"Buku perpus jadul, nda update.","negatif"
"Daftar seminar online error.","negatif"
"Kampus gersang, panas kali.","negatif"
"Klaim asuransi susah minta ampun.","negatif"
"Rektorat cuek sama demo.","negatif"
"Lampu kampus redup, serem.","negatif"
"Lift cuma buat dosen, mahasiswa disuruh naik tangga.","negatif"
"Yudisium banyak syarat gak penting.","negatif"
"Akses kursi roda susah.","negatif"
"Nilai gak objektif.","negatif"
"Mading gak pernah update.","negatif"
"Coretan di tembok didiemin aja.","negatif"
"Helm ilang, satpam cuma liat.","negatif"
"Atap bocor pas ujan.","negatif"
"Penjaga perpus galak.","negatif"
"VPN putus-putus.","negatif"
"Hasil ujian telat diumumin.","negatif"
"Pemilihan BEM gak jelas.","negatif"
"Uang UKM dipotong, nda transparan.","negatif"
"Kelas karyawan gak difasilitasi.","negatif"
"Jadwal bentrok nda diurus.","negatif"
"Mushola sempit dan panas.","negatif"
"Pungli surat aktif, dasar.","negatif"
"Ruang baca berisik kayak pasar.","negatif"
"Web prodi jadul, informasi basi.","negatif"
"Parkir mobil sempit, susah manuver.","negatif"
"Antri TU lama kali.","negatif"
"WC kotor, bau pesing.","negatif"
"Kantin tutup pas jam makan malam.","negatif"
"Difabel susah akses kemana-mana.","negatif"
"Internet lab lambat, nunggu lama.","negatif"
"Antri bimbingan gak adil, yang dekat dosen duluan.","negatif"
"Daftar ulang naik diam-diam.","negatif"
"Kasus pelecehan ditutupi.","negatif"
"Inkubasi bisnis cuma nama.","negatif"
"Kelas ganti gak ada konfirmasi.","negatif"
"Nilai gak adil antar kelas.","negatif"
"Kegiatan himpunan ganggu kuliah.","negatif"
"Pendaftaran wisuda berbelit.","negatif"
"Upload revisi mepet waktunya.","negatif"
"PA susah diajak ketemu.","negatif"
"KTM gak fungsi buat parkir.","negatif"
"Pinjem proyektor ribet urusannya.","negatif"
"Kelas bocor, basah semua.","negatif"
"Kursi penuh coretan.","negatif"
"Lantai kelas kotor nda dipel.","negatif"
"Jendela kelas macet.","negatif"
"Pintu kelas susah dibuka.","negatif"
"Gorden sobek nda diganti.","negatif"
"Lampu kelas redup, merem aja.","negatif"
"Got mampet, bau busuk.","negatif"
"Atap gedung rembes.","negatif"
"Tembok retak, serem.","negatif"
"Cat tembok kusam, nda terawat.","negatif"
"Kampus kotor, sampah dimana-mana.","negatif"
"Tikus mondar-mandir di kantin.","negatif"
"Kecoa di toilet, jijik kali.","negatif"
"Nyamuk banyak di kelas.","negatif"
"Semut di meja makan.","negatif"
"Sampah numpuk nda diangkut.","negatif"
"Bau busuk dari selokan.","negatif"
"Selokan tersumbat.","negatif"
"Jalan licin, lumutan.","negatif"
"Tangga darurat gelap gulita.","negatif"
"Lift sering macet, ngeri.","negatif"
"Eskalator mati, pajangan doang.","negatif"
"Ruang tunggu dosen sempit.","negatif"
"Ruang TU pengap, gak ada AC.","negatif"
"Antri fotokopi panjang kali.","negatif"
"ATM kampus sering kosong.","negatif"
"Parkir sepeda gak disediain.","negatif"
"Bus kampus telat terus.","negatif"
"Halte bus gak ada atapnya.","negatif"
"Alat olahraga minim.","negatif"
"Alat fitness banyak yang rusak.","negatif"
"Lapangan basket becek.","negatif"
"Lapangan voli gak rata.","negatif"
"Gawang futsal jebol.","negatif"
"Jaring basket robek.","negatif"
"Ruang ganti bau dan sempit.","negatif"
"Ruang UKM pengap, gak ada ventilasi.","negatif"
"Studio musik bocor suaranya.","negatif"
"Alat musik band banyak yang rusak.","negatif"
"Ruang teater gak nyaman.","negatif"
"Panggung udah mau rubuh.","negatif"
"Sound system pecah.","negatif"
"Kabel mic putus-putus.","negatif"
"Stand mic patah.","negatif"
"Kursi penonton banyak yang jebol.","negatif"
"Registrasi ulang jam 8 pagi.","netral"
"Ruang 304 gedung C.","netral"
"Kuliah umum jam 10.","netral"
"Daftar PKKMB gelombang 2.","netral"
"Isi KRS sampe Jumat.","netral"
"UAS mulai 12 Juni.","netral"
"Perpus buka jam 8 pagi.","netral"
"Info beasiswa di mading.","netral"
"Fakultas Ekonomi lt. 2.","netral"
"Mahasiswa isi survei.","netral"
"Jadwal bimbingan atur sendiri.","netral"
"Bawa KTM pas ujian.","netral"
"Bus kampus nanti 15 menit.","netral"
"Rapat BEM di Student Center.","netral"
"Bayar UKT pake Virtual Account.","netral"
"Kuliah online lewat Zoom.","netral"
"Anak akhir lapor diri.","netral"
"Ambil jaket di sekre.","netral"
"Sempro minggu depan.","netral"
"Pendaftaran magang dibuka.","netral"
"Tugas dikumpul di e-learning.","netral"
"Password SIMAK ganti 6 bulan sekali.","netral"
"Prodi buka kelas malam.","netral"
"KRS maksimal 24 sks.","netral"
"Lobi perpus tutup jam 9 malam.","netral"
"Urus cuti di BAAK.","netral"
"Praktikum di Lab MIPA.","netral"
"Ujian susulan nunggu info.","netral"
"Helm dibawa jangan ditinggal.","netral"
"Form unduh di web akademik.","netral"
"Rapat UKM jam 3 sore.","netral"
"Hasil tes bahasa minggu depan.","netral"
"KRS semester depan udah dibuka.","netral"
"Jadwal kuliah ganjil udah keluar.","netral"
"Kalender akademik di web.","netral"
"Maba wajib daftar ulang.","netral"
"Bayar UKT paling lambat tgl 10.","netral"
"Her-registrasi tiap semester.","netral"
"Surat edaran dekan udah ditempel.","netral"
"Pendaftaran anggota UKM buka.","netral"
"Sekre di belakang kantin.","netral"
"BAAK buka sampe jam 3.","netral"
"Konsultasi PA di jam kerja.","netral"
"Pinjam buku maksimal 2 minggu.","netral"
"Kuota kelas A udah penuh.","netral"
"KKN gelombang 2 dibuka.","netral"
"Kampus Mengajar buka pendaftaran.","netral"
"Password wajib diganti.","netral"
"TOEFL ITP tiap hari Rabu.","netral"
"PKM di barat kampus.","netral"
"Email kampus wajib aktif.","netral"
"Bus kampus jam 7 pagi.","netral"
"Loker dikosongin akhir semester.","netral"
"Konser Dies Natalis bulan depan.","netral"
"Seminar gratis kuota terbatas.","netral"
"Hotline rektorat 1234.","netral"
"Mahasiswa berprestasi bisa daftar beasiswa.","netral"
"Brosur ambil di humas.","netral"
"Rapat senat live Youtube.","netral"
"Listrik hemat jam 10 malam.","netral"
"Daftar ulang online.","netral"
"Ruang baca 24 jam lt. dasar.","netral"
"Ganti KTM hilang bayar.","netral"
"Penerima beasiswa ikatan dinas lapor.","netral"
"Gladi bersih H-1 wisuda.","netral"
"Aspirasi kirim ke email BEM.","netral"
"Pinjam ruang cuma malam.","netral"
"Absen pakai QR code.","netral"
"Surat dispensasi WD3.","netral"
"Laporan PKM softcopy hardcopy.","netral"
"Perpus tutup Jumat jam 11.","netral"
"Jaga kebersihan masjid.","netral"
"Audit internal bulan depan.","netral"
"Exchange ke Jepang semester depan.","netral"
"Pemira hasilnya di IG.","netral"
"Ambil jas almamater angkatan 2024.","netral"
"Rapat evaluasi tingkat.","netral"
"Tracer study alumni 2023.","netral"
"Proposal H-14 acara.","netral"
"FK di kampus 2.","netral"
"Dilarang merokok di area kampus.","netral"
"Kursus Mandarin buka pendaftaran.","netral"
"Pakai sepatu masuk ruang TU.","netral"
"Rapat DPM tertutup.","netral"
"ATM di selatan rektorat.","netral"
"Telat balikin buku kena denda.","netral"
"Surat rekomendasi magang.","netral"
"Psikolog Selasa Kamis.","netral"
"Kode etik di buku panduan.","netral"
"Dispensasi nikah harus konseling.","netral"
"Mahasiswa akhir pinjam buku lebih banyak.","netral"
"Renstra lagi disusun.","netral"
"Pelatihan jurnalistik UKM Pers.","netral"
"SOP lab diperbaharui.","netral"
"Titik kumpul lapangan parkir.","netral"
"Surat bebas lab di subbag umum.","netral"
"Link Zoom dikirim email.","netral"
"Mobil pakai stiker.","netral"
"SKCK buat yudisium dibantu.","netral"
"Legalisir 2 hari kerja.","netral"
"Dosen pembimbing diumumin online.","netral"
"Batas cuti sebelum KRS.","netral"
"Maba isi data online.","netral"
"Pelatihan Mendeley gratis.","netral"
"Trotoar depan dekanat diperbaiki.","netral"
"Jadwal basket diatur UKM.","netral"
"Cek email kampus tiap hari.","netral"
"Bazar buku di lobi.","netral"
"Asisten lab min semester 5.","netral"
"Surat bebas teori bermaterai.","netral"
"Webinar LPDP jam 1 siang.","netral"
"Ruang himpunan di belakang.","netral"
"Anak akhir balikin buku.","netral"
"Mutasi mahasiswa di BAAK.","netral"
"Daftar sertifikasi BNSP.","netral"
"Surat edaran plagiasi.","netral"
"Pinjem LCD surat resmi.","netral"
"Penerima bidikmisi lapor IPK.","netral"
"Mati lampu buat perbaikan.","netral"
"Ruang kesehatan sediakan P3K.","netral"
"Judul skripsi disertai outline.","netral"
"Lomba debat Inggris buka.","netral"
"Mahasiswa asing wajib KITAS.","netral"
"EDOM diisi sebelum lihat nilai.","netral"
"Jam malam asrama jam 10.","netral"
"Seleksi beasiswa cek di SIMAK.","netral"
"Prodi revisi kurikulum.","netral"
"Pelayanan pos di logistik.","netral"
"Buku tamu digital wajib.","netral"
"Upacara bendera buat umum.","netral"
"Hotspot di gedung akademik.","netral"
"Patuhi lalu lintas kampus.","netral"
"Mapala terima anggota baru.","netral"
"Kontrak asrama 1 tahun.","netral"
"Workshop wirausaha buka.","netral"
"Berkas yudisium dicek kelengkapannya.","netral"
"Wifi lemot kali, buka google aja lama.","negatif"
"UKT naik terus, fasilitas tambah parah.","negatif"
"Toilet mampet, bau busuk kali.","negatif"
"Dosen pembimbing susah kali ditemui.","negatif"
"Birokrasi kampus ribet, muter-muter nda jelas.","negatif"
"Parkiran motor becek, kena hujan sikit banjir.","negatif"
"AC di kelas idup tapi anginnya anget.","negatif"
"Server KRS lemot, nunggu sejam lebih.","negatif"
"Staff TU jutek kali, nanya baik-baik dimarahi.","negatif"
"BEM cuma omdo, kerjaan nda jelas.","negatif"
"UKT mahal, tapi kuota internet nda dikasi.","negatif"
"Biaya wisuda mahal kali, nda ngotak.","negatif"
"Kursi kuliah goyang, bahaya jatuh.","negatif"
"Kantin mahal, nasinya sedikit pula.","negatif"
"Satpam galak, marah-marah nda jelas.","negatif"
"Buku di perpus udah jadul semua.","negatif"
"Dosen nda ngajar, cuma suruh baca slide.","negatif"
"Proyektor buram, tulisan nda keliatan.","negatif"
"Jalan di kampus bolong, motor bisa jeblos.","negatif"
"UKT nda bisa diangsur, payah kali.","negatif"
"Lift cuma buat dosen, mahasiswa naik tangga.","negatif"
"Sinyal di dalem kelas hilang timbul.","negatif"
"Dana PKM lambat cair, nunggu berbulan-bulan.","negatif"
"Portal akademik error mulu pas mau KRS.","negatif"
"Kampus banjir, sepatu basah semua.","negatif"
"Kasus pelecehan ditutup-tutupi kampus.","negatif"
"Dosen cuma baca textbook, nda ada ilmunya.","negatif"
"Fotokopi dekat gerbang nipu harga.","negatif"
"Parkir liar dimana-mana, gak ditertibkan.","negatif"
"Tugas numpuk, dosen ngasi deadline mepet.","negatif"
"Pengumuman penting suka mendadak.","negatif"
"Ruang UKM sumpek, gak layak pakai.","negatif"
"KTM rusak ganti mahal, 100rb lebih.","negatif"
"Sampah berserakan, gak ada tempat sampah.","negatif"
"Bau asap rokok dimana-mana, perokok nda diatur.","negatif"
"Helm ilang di parkiran, satpam cuma diam.","negatif"
"Galon air minum kosong terus.","negatif"
"Kelas pengganti selalu hari Sabtu pagi.","negatif"
"Sidang skripsi dipersulit, revisi nda kelar-kelar.","negatif"
"Jadwal kuliah ganti-ganti seenaknya.","negatif"
"Mati lampu pas presentasi, nilai jadi taruhan.","negatif"
"Dosen PA susah ditemui, minta tanda tangan aja susah.","negatif"
"Legalisir ijazah ribet, nunggu lama.","negatif"
"Kipas angin kelas berisik, ganggu konsentrasi.","negatif"
"Program MBKM gak sinkron, bingung sendiri.","negatif"
"Buku perpus ketinggalan zaman semua.","negatif"
"Daftar seminar online error, kuota langsung habis.","negatif"
"Kampus gersang, panas kali siang hari.","negatif"
"Klaim asuransi susah, persyaratan banyak.","negatif"
"Rektorat cuek aja pas mahasiswa demo.","negatif"
"Lampu penerangan kampus redup, serem malam-malam.","negatif"
"Lift cuma buat dosen, mahasiswa cacat pun suruh naik tangga.","negatif"
"Yudisium banyak syarat aneh-aneh.","negatif"
"Akses kursi roda susah, nda ramah difabel.","negatif"
"Nilai subjektif, yang dekat dosen dapat A.","negatif"
"Mading gak pernah update, informasi basi.","negatif"
"Vandalisme dibiarin, tembok kotor semua.","negatif"
"Helm ilang, CCTV cuma pajangan.","negatif"
"Atap kelas bocor, pas hujan basah semua.","negatif"
"Penjaga perpus galak, negur kasar.","negatif"
"VPN kampus putus-putus, susah akses jurnal.","negatif"
"Hasil ujian telat diumumin, nunggu lama.","negatif"
"Pemilihan BEM gak transparan, penuh kecurangan.","negatif"
"Dana UKM dipotong, kegiatan jadi gak maksimal.","negatif"
"Kelas karyawan gak difasilitasi dengan baik.","negatif"
"Jadwal bentrok terus, gak ada solusi.","negatif"
"Mushola sempit, bau apek.","negatif"
"Pungli surat keterangan aktif merajalela.","negatif"
"Ruang baca berisik, kayak di terminal.","negatif"
"Website prodi jadul, nda mobile friendly.","negatif"
"Parkir mobil sempit, susah mundur.","negatif"
"Antrian di TU panjang, lama kali.","negatif"
"WC kotor, bau pesing menyengat.","negatif"
"Kantin tutup pas jam istirahat malam.","negatif"
"Mahasiswa difabel susah akses kemana-mana.","negatif"
"Internet lab lambat, buka youtube aja buffering.","negatif"
"Antri bimbingan gak adil, yang dekat dosen duluan.","negatif"
"Biaya daftar ulang naik diam-diam.","negatif"
"Kasus kekerasan seksual ditutupi kampus.","negatif"
"Inkubasi bisnis cuma nama, gak ada modal.","negatif"
"Kelas pengganti gak ada konfirmasi ke mahasiswa.","negatif"
"Standar nilai gak adil antar kelas paralel.","negatif"
"Kegiatan himpunan ganggu jadwal kuliah wajib.","negatif"
"Pendaftaran wisuda berbelit-belit.","negatif"
"Batas upload revisi mepet, gak manusiawi.","negatif"
"Dosen wali susah diajak ketemu.","negatif"
"KTM gak bisa dipakai buat parkir.","negatif"
"Pinjem proyektor ribet, harus minta surat kemana-mana.","negatif"
"Ruang kelas bocor, basah semua.","negatif"
"Kursi kuliah penuh coretan dan permen karet.","negatif"
"Lantai kelas kotor, gak pernah dipel.","negatif"
"Jendela kelas macet, gak bisa dibuka.","negatif"
"Pintu kelas susah dibuka, bunyi berisik.","negatif"
"Gorden kelas sobek, gak pernah diganti.","negatif"
"Lampu kelas redup, mata sakit bacanya.","negatif"
"Saluran air mampet, bau busuk.","negatif"
"Atap gedung bocor, plafon jebol.","negatif"
"Tembok retak-retak, serem kali.","negatif"
"Cat tembok kusam, nda terawat.","negatif"
"Lingkungan kampus kotor, sampah dimana-mana.","negatif"
"Banyak tikus mondar-mandir di kantin.","negatif"
"Kecoa di toilet, jijik kali lihatnya.","negatif"
"Nyamuk banyak di kelas, ganggu belajar.","negatif"
"Semut di meja makan kantin.","negatif"
"Sampah menumpuk, gak diangkut-angkut.","negatif"
"Bau busuk dari selokan depan kelas.","negatif"
"Selokan tersumbat, air meluap.","negatif"
"Jalanan licin berlumut, bahaya jatuh.","negatif"
"Tangga darurat gelap gulita, serem.","negatif"
"Lift sering macet, ngeri kalau nyangkut.","negatif"
"Eskalator mati, cuma pajangan doang.","negatif"
"Ruang tunggu dosen sempit dan panas.","negatif"
"Ruang administrasi pengap, gak ada AC.","negatif"
"Antri fotokopi panjang kali.","negatif"
"ATM di kampus sering kosong.","negatif"
"Parkir sepeda gak ada tempatnya.","negatif"
"Bus kampus telat terus, gak tepat waktu.","negatif"
"Halte bus gak beratap, kehujanan.","negatif"
"Fasilitas olahraga minim, alatnya banyak rusak.","negatif"
"Alat fitness rusak semua, gak bisa dipakai.","negatif"
"Lapangan basket becek, bola mental gak karuan.","negatif"
"Lapangan voli gak rata, bahaya main.","negatif"
"Gawang futsal jebol, gak diperbaiki.","negatif"
"Jaring basket robek, bola nyangkut terus.","negatif"
"Ruang ganti bau dan sempit.","negatif"
"Ruang UKM pengap, gak ada ventilasi.","negatif"
"Studio musik bocor suaranya, ganggu kelas lain.","negatif"
"Alat musik band banyak yang rusak.","negatif"
"Ruang teater gak nyaman, kursinya keras.","negatif"
"Panggung udah mau rubuh, bahaya.","negatif"
"Sound system pecah, suaranya gak jelas.","negatif"
"Kabel mic putus-putus, ganggu acara.","negatif"
"Stand mic patah, gak bisa dipakai.","negatif"
"Kursi penonton banyak yang jebol.","negatif"
"Kelas bau ketek, ventilasi buruk.","negatif"
"Kipas angin mati, gerah kali.","negatif"
"Meja kuliah banyak coretan.","negatif"
"Papan tulis putih udah baret-baret.","negatif"
"Spidol papan tulis habis terus.","negatif"
"Penghapus papan tulis ilang.","negatif"
"Stop kontak di kelas longgar, bahaya.","negatif"
"Kabel listrik berserakan di lantai.","negatif"
"Kebersihan kelas gak terjaga.","negatif"
"Petugas kebersihan jarang masuk kelas.","negatif"
"Tempat sampah di kelas kecil, cepet penuh.","negatif"
"Kantin jualan makanan gak higienis.","negatif"
"Ada lalat di makanan kantin.","negatif"
"Harga makanan kantin gak sesuai porsi.","negatif"
"Minuman di kantin basi.","negatif"
"Pelayanan kantin lambat.","negatif"
"Antrian kantin panjang, bikin telat kuliah.","negatif"
"Parkiran motor gak ada atap, panas.","negatif"
"Parkiran mobil gak rata, banjir.","negatif"
"Keamanan parkiran lemah, motor ilang.","negatif"
"Tukang parkir liar merajalela.","negatif"
"Tarif parkir mahal, gak wajar.","negatif"
"Karcis parkir sering gak dikasi.","negatif"
"Kampus bising, dekat jalan raya.","negatif"
"Suara bising ganggu kuliah.","negatif"
"Kampus rawan banjir tiap hujan deras.","negatif"
"Saluran air gak berfungsi.","negatif"
"Banyak genangan air di jalan kampus.","negatif"
"Lampu jalan kampus banyak yang mati.","negatif"
"Jadwal kuliah berubah tiba-tiba, nda ada pemberitahuan.","negatif"
"Dosen sering telat masuk, buang waktu kami aja.","negatif"
"Modul praktikum mahal kali, nda sesuai isinya.","negatif"
"Kantin tutup pas jam makan siang, aneh kali.","negatif"
"Laboratorium alatnya jadul, nda update lagi.","negatif"
"KRS bentrok terus tiap semester, siapa yang ngatur.","negatif"
"Informasi beasiswa cuma lewat, nda pernah dapet.","negatif"
"Ruang baca penuh sama orang tidur, bukan belajar.","negatif"
"Parkir motor bayar tapi gak ada keamanan.","negatif"
"Kipas angin di kelas cuma satu, gak ngaruh.","negatif"
"Dosen ngasi tugas numpuk, gak ingat mata kuliah lain.","negatif"
"Air di toilet gak lancar, bikin kesal.","negatif"
"Loker perpus bayar mahal, tapi kecil kali.","negatif"
"Website kampus lemot, informasi basi semua.","negatif"
"Jam kuliah malam gak ada penerangan cukup.","negatif"
"Kuesioner kepuasan cuma formalitas, nda ditindaklanjuti.","negatif"
"Ruang kelas gak kedap suara, bising dari luar.","negatif"
"Tempat duduk di kantin kurang, makan berdiri.","negatif"
"KTM susah diisi ulang, mesinnya rusak mulu.","negatif"
"Peminjaman buku perpus ribet, banyak syarat.","negatif"
"Jalan menuju fakultas gelap, rawan jambret.","negatif"
"Program magang gak jelas, cuma disuruh fotokopi.","negatif"
"Uang gedung mahal, tapi gedungnya gak dirawat.","negatif"
"Kursi tunggu di depan TU keras, bikin pegal.","negatif"
"Pengumuman kelulusan telat, bikin was-was.","negatif"
"Kabel di lab semrawut, bahaya kesetrum.","negatif"
"Meja kuliah sempit, gak cukup buat nulis.","negatif"
"Papan tulis susah dihapus, spidolnya permanen.","negatif"
"Kelas pengganti di jam kosong, bentrok sama istirahat.","negatif"
"Buku wajib beli cetakan dosen sendiri, mahal.","negatif"
"Gak ada ruang untuk shalat yang nyaman.","negatif"
"Tempat wudhu sempit, antri lama.","negatif"
"Karpet musholla bau apek, gak pernah dicuci.","negatif"
"Mukena di musholla kotor dan bau.","negatif"
"Sajadah di musholla tipis, sakit lutut.","negatif"
"Speaker musholla pecah, suara imam gak jelas.","negatif"
"Jam kuliah bentrok sama waktu shalat Jumat.","negatif"
"Gak ada tempat penitipan barang di perpus.","negatif"
"Tas dilarang masuk perpus, ribet kali.","negatif"
"Fotokopi di kampus antri lama, mesinnya cuma satu.","negatif"
"Harga print di kampus mahal, per lembar 500.","negatif"
"Jaringan internet di kelas bawah tanah hilang total.","negatif"
"Ruangan bawah tanah lembab, bau apek.","negatif"
"Kebersihan selasar gak terjaga, debu tebal.","negatif"
"Tanaman di taman kampus mati, gak disiram.","negatif"
"Bangku taman rusak, gak bisa dipakai duduk.","negatif"
"Jalur pejalan kaki dipakai parkir motor.","negatif"
"Motor parkir sembarangan, ganggu jalan.","negatif"
"Klakson motor di area kampus bising kali.","negatif"
"Knalpot bising motor ganggu kuliah.","negatif"
"Mahasiswa merokok di sembarang tempat.","negatif"
"Puntung rokok berserakan di selasar.","negatif"
"Gak ada area khusus merokok yang layak.","negatif"
"Kantin kejujuran sering dicurangi, rugi terus.","negatif"
"Barang di koperasi mahasiswa mahal, gak ada bedanya.","negatif"
"Koperasi sering tutup pas jam istirahat.","negatif"
"Alat tulis di koperasi gak lengkap.","negatif"
"UKM olahraga gak dapat dana cukup.","negatif"
"Lapangan olahraga dipakai orang luar seenaknya.","negatif"
"Jadwal pakai lapangan gak jelas, rebutan.","negatif"
"Alat olahraga di gudang rusak, gak diperbaiki.","negatif"
"Bola basket gendut, susah dipantulin.","negatif"
"Bola futsal gepeng, gak layak pakai.","negatif"
"Net voli robek, gak diganti-ganti.","negatif"
"Tiang basket miring, bahaya roboh.","negatif"
"Ruang sekretariat UKM gak dikasi kunci.","negatif"
"UKM baru susah dapat izin berdiri.","negatif"
"Proposal kegiatan UKM lama disetujui.","negatif"
"Kegiatan UKM bentrok terus sama jadwal kuliah.","negatif"
"Peminjaman aula mahal, gak terjangkau UKM.","negatif"
"Sound system aula sering feedback, melolong.","negatif"
"Proyektor di aula gak bisa connect ke laptop.","negatif"
"Kabel HDMI di aula ilang semua.","negatif"
"Layar proyektor di aula kotor, ada noda.","negatif"
"AC di aula gak dingin, gerah pas acara.","negatif"
"Kursi di aula berdebu, baju jadi kotor.","negatif"
"Toilet dekat aula mampet, bau.","negatif"
"Gak ada cermin di toilet, susah berbenah.","negatif"
"Sabun di toilet gak pernah diisi.","negatif"
"Tisu di toilet kosong melulu.","negatif"
"Pengering tangan di toilet rusak.","negatif"
"Lampu di toilet remang-remang, serem.","negatif"
"Pintu toilet gak bisa dikunci.","negatif"
"Toilet difabel gak terawat, jadi gudang.","negatif"
"Jalur kursi roda terhalang pot bunga.","negatif"
"Ramp kursi roda terlalu curam, bahaya.","negatif"
"Lift untuk difabel sering rusak.","negatif"
"Tombol lift susah ditekan, keras.","negatif"
"Tangga licin, gak ada pegangan yang layak.","negatif"
"Pegangan tangga goyang, gak aman.","negatif"
"Anak tangga tinggi kali, capek naiknya.","negatif"
"Gak ada eskalator ke lantai atas.","negatif"
"Jembatan penghubung gedung gak beratap.","negatif"
"Kehujanan pas pindah kelas antar gedung.","negatif"
"Jalanan kampus banyak kerikil tajam.","negatif"
"Ban motor sering bocor kena paku di kampus.","negatif"
"Gak ada bengkel motor dekat kampus.","negatif"
"Tukang tambal ban dekat kampus mahal.","negatif"
"Angkutan umum ke kampus susah, cuma ojek online.","negatif"
"Ojek online dilarang masuk area kampus.","negatif"
"Jalan kaki dari gerbang ke fakultas jauh kali.","negatif"
"Gak ada shuttle bus di dalam kampus.","negatif"
"Halte bus kampus gak ada tempat duduk.","negatif"
"Bus kampus gak jelas jadwalnya.","negatif"
"Supir bus kampus ugal-ugalan, ngeri.","negatif"
"Bus kampus sering mogok di tengah jalan.","negatif"
"AC di bus kampus gak dingin.","negatif"
"Kapasitas bus kampus kurang, penuh sesak.","negatif"
"Kaca bus kampus kotor, gak bisa lihat pemandangan.","negatif"
"Gorden di bus kampus sobek.","negatif"
"Jok bus kampus jebol, gak nyaman.","negatif"
"Gak ada tempat sampah di halte bus.","negatif"
"Sampah menumpuk di sekitar halte.","negatif"
"Papan informasi di halte gak update.","negatif"
"Peta kampus di halte udah pudar.","negatif"
"Gak ada penunjuk arah ke gedung-gedung.","negatif"
"Mahasiswa baru sering nyasar, gak ada petunjuk.","negatif"
"Satpam gak ramah sama tamu kampus.","negatif"
"Tamu kampus susah dapat izin masuk.","negatif"
"Prosedur bawa tamu ribet kali.","negatif"
"Jam besuk asrama terlalu ketat.","negatif"
"Asrama mahasiswa sempit, gak muat barang.","negatif"
"Kamar asrama lembab, banyak jamur.","negatif"
"Kamar mandi asrama kotor, gak terawat.","negatif"
"Air di asrama sering mati.","negatif"
"Listrik di asrama byar-pet, alat elektronik rusak.","negatif"
"Gak boleh masak di asrama, padahal lauk mahal.","negatif"
"Kantin asrama mahal, gak ada subsidi.","negatif"
"Laundry asrama mahal, gak sesuai kantong.","negatif"
"Mesin cuci di asrama rusak semua.","negatif"
"Jemuran di asrama sempit, baju lembab.","negatif"
"Baju sering ilang di jemuran asrama.","negatif"
"Keamanan asrama lemah, maling masuk.","negatif"
"Teman sekamar berisik, ganggu belajar.","negatif"
"Gak ada aturan jam tenang di asrama.","negatif"
"Penghuni asrama sering pesta malam-malam.","negatif"
"Alkohol masuk asrama, gak ada razia.","negatif"
"Pacar bebas keluar masuk kamar asrama.","negatif"
"Lingkungan asrama gak kondusif buat belajar.","negatif"
"Gak ada ruang belajar bersama di asrama.","negatif"
"Wifi di asrama lemot, gak bisa buat tugas.","negatif"
"Tempat parkir asrama gak ada atap.","negatif"
"Motor di parkiran asrama sering kena panas.","negatif"
"Helm ditaruh di motor ilang di asrama.","negatif"
"Gak ada dapur umum di asrama.","negatif"
"Mau masak air aja susah di asrama.","negatif"
"Gak ada kulkas bersama di asrama.","negatif"
"Makanan basi gak bisa disimpan.","negatif"
"Minuman dingin gak bisa dinikmati.","negatif"
"Gak ada TV bersama di ruang santai asrama.","negatif"
"Ruang santai asrama gak ada AC.","negatif"
"Kursi di ruang santai asrama keras.","negatif"
"Meja di ruang santai asrama patah.","negatif"
"Gak ada rak sepatu di depan kamar asrama.","negatif"
"Sepatu berserakan di koridor asrama.","negatif"
"Koridor asrama bau kaki.","negatif"
"Gak ada pengharum ruangan di asrama.","negatif"
"Dinding kamar asrama tipis, suara tembus.","negatif"
"Privasi di asrama gak ada.","negatif"
"Gak boleh pasang gorden sendiri di asrama.","negatif"
"Gorden asrama bolong, silau pas tidur.","negatif"
"Kasur di asrama tipis, sakit punggung.","negatif"
"Bantal di asrama kempes, gak nyaman.","negatif"
"Sprei di asrama gak diganti-ganti.","negatif"
"Lemari di asrama kecil, gak muat baju.","negatif"
"Lemari asrama gak bisa dikunci.","negatif"
"Barang berharga susah disimpan di asrama.","negatif"
"Gak ada brankas di kamar asrama.","negatif"
"Setrikaan di asrama cuma satu, antri.","negatif"
"Setrika di asrama rusak, gosong baju.","negatif"
"Papan setrika di asrama bolong.","negatif"
"Gak ada cermin panjang di asrama.","negatif"
"Gak bisa lihat penampilan full body.","negatif"
"Penerangan di kamar asrama redup.","negatif"
"Lampu kamar asrama sering mati.","negatif"
"Colokan listrik di kamar asrama cuma satu.","negatif"
"Kabel extension gak boleh dipakai di asrama.","negatif"
"Aturan asrama terlalu ketat dan gak masuk akal.","negatif"
"Pengurus asrama galak dan gak bersahabat.","negatif"
"Gak ada ruang konseling di asrama.","negatif"
"Masalah pribadi gak ada tempat curhat.","negatif"
"Mahasiswa asrama stres gak ditangani.","negatif"
"Kasus bullying di asrama didiemin.","negatif"
"Senioritas di asrama masih kental.","negatif"
"Junior disuruh-suruh gak jelas.","negatif"
"Biaya asrama naik, fasilitas gak berubah.","negatif"
"Uang muka asrama gak dikembalikan utuh.","negatif"
"Potongan uang muka asrama gak jelas peruntukannya.","negatif"
"Gak ada transparansi keuangan asrama.","negatif"
"Penghuni asrama gak dilibatkan dalam pengambilan keputusan.","negatif"
"Rapat penghuni asrama cuma formalitas.","negatif"
"Aspirasi penghuni asrama gak didengar.","negatif"
"Kotak saran di asrama cuma pajangan.","negatif"
"Keluhan ke pengurus asrama gak ditanggapi.","negatif"
"Gak ada nomor telepon darurat di asrama.","negatif"
"Kalau sakit di asrama bingung mau lapor kemana.","negatif"
"Gak ada kotak P3K di asrama.","negatif"
"Obat-obatan dasar gak tersedia di asrama.","negatif"
"Termometer di asrama rusak.","negatif"
"Timbangan berat badan di asrama gak akurat.","negatif"
"Gak ada alat olahraga sederhana di asrama.","negatif"
"Gak bisa olahraga ringan di area asrama.","negatif"
"Halaman asrama sempit, gak bisa buat kegiatan.","negatif"
"Gak ada lapangan di dekat asrama.","negatif"
"Mau jogging harus keluar komplek asrama.","negatif"
"Jalan di sekitar asrama sepi, rawan.","negatif"
"Penerangan jalan menuju asrama minim.","negatif"
"Pulang malam ke asrama takut.","negatif"
"Gak ada satpam yang patroli malam di asrama.","negatif"
"Satpam asrama sering tidur pas jaga.","negatif"
"CCTV di asrama cuma pajangan, gak nyala.","negatif"
"Gerbang asrama sering lupa ditutup.","negatif"
"Siapa aja bisa masuk asrama tanpa izin.","negatif"
"Keamanan asrama benar-benar payah.","negatif"
"Senang kali dapat dosen pembimbing yang perhatian.","positif"
"Nilai ujian keluar cepat, nda perlu nunggu lama.","positif"
"Prodi ngasi dispensasi UKT pas lagi susah.","positif"
"Staff perpus bantuin cari referensi skripsi.","positif"
"Ada program makan gratis buat mahasiswa kurang mampu.","positif"
"Ruang menyusui di kampus nyaman dan bersih.","positif"
"Kampus ngasi beasiswa ongkos buat mahasiswa berprestasi.","positif"
"Alat praktikum di lab udah baru semua.","positif"
"Software original disediain kampus buat belajar.","positif"
"Kelas dilengkapi AC dan proyektor baru.","positif"
"Meja kursi kuliah empuk, betah belajar.","positif"
"Papan tulis digital canggih, enak buat presentasi.","positif"
"Koneksi internet di lab komputer super kencang.","positif"
"Bisa akses jurnal internasional gratis dari rumah.","positif"
"Dosen tamu dari luar negeri sering diundang.","positif"
"Kesempatan exchange ke luar negeri banyak.","positif"
"Prodi bantuin cari tempat magang.","positif"
"Magang di perusahaan bonafit berkat koneksi kampus.","positif"
"Langsung dapat kerja sebelum wisuda.","positif"
"Job fair di kampus datangkan perusahaan besar.","positif"
"Career center bantuin bikin CV dan latihan interview.","positif"
"Alumni sering balik ngasi motivasi.","positif"
"Jejaring alumni kuat, bantu dapat kerja.","positif"
"Startup inkubasi kampus dapat modal awal.","positif"
"Produk mahasiswa dipasarkan di koperasi.","positif"
"Kantin kampus jualan produk UMKM mahasiswa.","positif"
"Ada pelatihan gratis dari Google dan Microsoft.","positif"
"Sertifikasi internasional difasilitasi kampus.","positif"
"Biaya sertifikasi disubsidi kampus.","positif"
"Pelatihan soft skill gratis tiap bulan.","positif"
"Kursus bahasa asing murah di UPT Bahasa.","positif"
"Native speaker sering dihadirkan.","positif"
"Program mentoring dari senior ke junior.","positif"
"Kakak tingkat baik-baik, mau bantuin tugas.","positif"
"Suasana kampus kekeluargaan.","positif"
"Gak ada senioritas yang menekan.","positif"
"Organisasi kampus demokratis.","positif"
"Suara mahasiswa didengar dalam rapat senat.","positif"
"Transparansi anggaran kegiatan mahasiswa.","positif"
"LPJ kegiatan bisa diakses semua mahasiswa.","positif"
"Kegiatan mahasiswa beragam dan inklusif.","positif"
"Ada UKM buat semua minat.","positif"
"Fasilitas UKM memadai dan gratis.","positif"
"UKM olahraga dikasi dana buat beli alat.","positif"
"Tim basket kampus dapat sponsor.","positif"
"Atlet mahasiswa dibina dengan baik.","positif"
"Beasiswa khusus buat atlet berprestasi.","positif"
"Kampus ngasi penghargaan buat mahasiswa berprestasi.","positif"
"Nama mahasiswa berprestasi dipajang di hall of fame.","positif"
"Prestasi mahasiswa diumumin di web kampus.","positif"
"Kampus bangga sama prestasi mahasiswanya.","positif"
"Taman kampus jadi tempat diskusi yang asik.","positif"
"WiFi taman kampus kenceng.","positif"
"Bisa kuliah sambil lesehan di taman.","positif"
"Ada spot-spot foto yang instagramable.","positif"
"Kampus sering jadi lokasi prewedding.","positif"
"Arsitektur kampus modern dan artistik.","positif"
"Gedung baru kampus megah dan fungsional.","positif"
"Perpustakaan baru luas dan nyaman.","positif"
"Koleksi buku perpus terus diupdate.","positif"
"Bisa request buku baru ke perpus.","positif"
"Permintaan buku dikabulin dengan cepat.","positif"
"Pustakawan ramah dan informatif.","positif"
"Pelatihan literasi informasi rutin diadakan.","positif"
"Klinik kampus buka 24 jam.","positif"
"Dokter di klinik ramah dan telaten.","positif"
"Obat di klinik lengkap dan gratis.","positif"
"Rujukan ke rumah sakit cepat.","positif"
"Ambulans kampus siap siaga.","positif"
"Satpam sigap bantu mahasiswa yang sakit.","positif"
"Keamanan kampus terjamin 24 jam.","positif"
"Titik kumpul evakuasi jelas dan terawat.","positif"
"Simulasi bencana rutin diadakan.","positif"
"Alat pemadam kebakaran tersebar merata.","positif"
"Jalur evakuasi ditandai dengan jelas.","positif"
"Kampus ramah bencana.","positif"
"Kampus bebas asap rokok.","positif"
"Kampanye anti rokok gencar.","positif"
"Area khusus merokok disediakan jauh dari kelas.","positif"
"Kampus hijau dan sejuk.","positif"
"Banyak pohon rindang buat berteduh.","positif"
"Taman vertikal di gedung-gedung.","positif"
"Kampus hemat energi.","positif"
"Panel surya di atap gedung.","positif"
"Lampu otomatis menyala saat malam.","positif"
"Kran air otomatis di toilet.","positif"
"Toilet hemat air.","positif"
"Program daur ulang sampah berjalan baik.","positif"
"Kompos dari sampah organik kampus.","positif"
"Bank sampah tukar poin dapat sembako.","positif"
"Mahasiswa dapat manfaat dari sampah.","positif"
"Air minum isi ulang gratis di banyak titik.","positif"
"Gak perlu beli air mineral lagi.","positif"
"Charger station tenaga surya di taman.","positif"
"Bisa charge HP sambil kuliah outdoor.","positif"
"Fasilitas sepeda kampus gratis.","positif"
"Bisa pinjam sepeda buat keliling kampus.","positif"
"Jalur sepeda aman dan nyaman.","positif"
"Parkir sepeda aman dan beratap.","positif"
"Kampus ramah pesepeda.","positif"
"Shuttle bus kampus tepat waktu.","positif"
"Supir bus ramah dan hati-hati.","positif"
"Bus kampus bersih dan wangi.","positif"
"AC di bus kampus dingin.","positif"
"Bus kampus gratis buat mahasiswa.","positif"
"Transportasi internal gak keluar biaya.","positif"
"Jadwal bus sesuai jam kuliah.","positif"
"Nunggu bus gak lama.","positif"
"Halte bus nyaman dan informatif.","positif"
"Peta rute bus jelas dan mudah dipahami.","positif"
"Mahasiswa baru gak nyasar lagi.","positif"
"Plang nama gedung jelas dan besar.","positif"
"Penunjuk arah ke fakultas lengkap.","positif"
"Tamu kampus mudah cari lokasi.","positif"
"Sistem informasi kampus terintegrasi.","positif"
"Satu akun buat semua layanan.","positif"
"Gak perlu ingat banyak password.","positif"
"Single sign on memudahkan akses.","positif"
"Portal mahasiswa informatif dan up to date.","positif"
"Notifikasi penting masuk ke email.","positif"
"Info beasiswa gak kelewat.","positif"
"Pengumuman akademik selalu tepat waktu.","positif"
"Kalender akademik bisa disinkron ke Google Calendar.","positif"
"Jadwal kuliah otomatis masuk kalender HP.","positif"
"Pengingat tugas di portal mahasiswa.","positif"
"Gak ada alasan lupa deadline.","positif"
"Sistem presensi QR code akurat.","positif"
"Gak bisa titip absen lagi.","positif"
"Kehadiran tercatat real time.","positif"
"Orang tua bisa pantau kehadiran.","positif"
"Laporan akademik bisa diakses ortu.","positif"
"Transparansi nilai ke orang tua.","positif"
"Orang tua puas dengan sistem kampus.","positif"
"Kampus sering komunikasi dengan orang tua.","positif"
"Pertemuan orang tua rutin diadakan.","positif"
"Orang tua dilibatkan dalam perkembangan mahasiswa.","positif"
"Program konseling keluarga tersedia.","positif"
"Masalah mahasiswa ditangani bersama keluarga.","positif"
"Kampus peduli kesehatan mental.","positif"
"Psikolog kampus ramah dan profesional.","positif"
"Sesi konseling individu gratis.","positif"
"Konseling kelompok buat tingkatkan kepercayaan diri.","positif"
"Seminar kesehatan mental rutin.","positif"
"Stigma kesehatan mental dikurangi.","positif"
"Mahasiswa berani cerita masalahnya.","positif"
"Peer counselor dilatih dengan baik.","positif"
"Teman sebaya jadi tempat curhat yang aman.","positif"
"Suasana kampus suportif.","positif"
"Gak ada bullying di kelas.","positif"
"Mahasiswa saling mendukung.","positif"
"Kerjasama tim dalam tugas berjalan baik.","positif"
"Gak ada yang numpang nama doang.","positif"
"Tugas kelompok adil pembagiannya.","positif"
"Dosen menghargai pendapat mahasiswa.","positif"
"Diskusi di kelas hidup dan interaktif.","positif"
"Mahasiswa berani bertanya dan berpendapat.","positif"
"Gak ada rasa takut sama dosen.","positif"
"Dosen terbuka terhadap kritik.","positif"
"Metode mengajar dosen bervariasi.","positif"
"Gak monoton, gak bikin bosan.","positif"
"Kuliah pakai studi kasus nyata.","positif"
"Langsung praktek, gak cuma teori.","positif"
"Kunjungan industri rutin.","positif"
"Lihat langsung dunia kerja.","positif"
"Magang jadi bagian dari kurikulum.","positif"
"Pengalaman kerja sebelum lulus.","positif"
"Sertifikat kompetensi diakui industri.","positif"
"Lulusan siap kerja.","positif"
"Perusahaan puas dengan lulusan kampus.","positif"
"Banyak alumni di posisi penting.","positif"
"Kampus punya reputasi baik.","positif"
"Bangga bawa nama almamater.","positif"
"Kaos almamater keren dan berkualitas.","positif"
"Jaket almamater bikin percaya diri.","positif"
"Merchandise kampus laris manis.","positif"
"Desain merchandise kekinian.","positif"
"Koperasi mahasiswa jual merchandise resmi.","positif"
"Harga merchandise terjangkau.","positif"
"Kampus punya maskot yang lucu.","positif"
"Maskot kampus bikin semangat.","positif"
"Lagu almamater bikin merinding bangga.","positif"
"Nyanyi bareng pas wisuda haru.","positif"
"Acara wisuda menyentuh hati.","positif"
"Orang tua nangis haru.","positif"
"Foto wisuda sekeluarga bahagia.","positif"
"Kenangan indah di kampus.","positif"
"Kampus jadi rumah kedua.","positif"
"Teman-teman seperti keluarga.","positif"
"Persahabatan terjalin sampai tua.","positif"
"Alumni tetap kompak dan peduli.","positif"
"Reuni akbar tiap 5 tahun.","positif"
"Kangen masa-masa kuliah.","positif"
"Terima kasih kampus atas segalanya.","positif"
"Kampus terbaik sepanjang masa.","positif"
"Kamar mandinya jorok atau kotor", "negatif"
"kamar mandinya rapi dan bersih", "positif"
"ruangan kelasnya rapi dan bersih", "positif"
"dindingnya bersih", "positif"
"dosennya ramah", "positif"
"satpamnya ramah", "positif"
"dosennya suka telat, marah dan tidak ramah", "negatif"
"satpamnya suka marah dan jutek ", "negatif"
"krs nya tidak lengkap dan jelek", "negatif"
"UKM nya tidak beragam", "negatif"
"UKM nya ada beragam", "positif"
